hour_index,xuehua550,模板1,模板2,模板3,随机曲线1
1,501.304707,78.157614,78.157614,42.157614,194.7
2,500.932632,77.140559,77.140559,41.140559,192.81
3,500.391457,76.449462,76.449462,40.449462,188.88
4,500.481906,76.497415,76.497415,40.497415,189.71
5,500.801413,77.655047,77.655047,41.655047,192.03
6,500.63717,80.049052,80.049052,44.049052,190.93
7,515.045285,83.280634,83.280634,47.280634,218.435
8,503.569116,86.319884,86.319884,50.319884,201.99
9,504.189002,87.954705,87.954705,51.954705,203.42
10,539.896875,87.64352,87.64352,51.64352,235.71
11,528.105202,85.939558,85.939558,49.939558,228.78
12,509.042858,83.994138,83.994138,47.994138,211.6
13,504.184448,82.723621,82.723621,46.723621,203.41
14,505.964443,82.479638,82.479638,46.479638,206.89
15,503.9169,83.268586,83.268586,47.268586,202.81
16,513.432585,84.996453,84.996453,48.996453,216.8
17,517.006065,87.440682,87.440682,51.440682,220.28
18,511.893973,90.097559,90.097559,54.097559,215.12
19,503.164609,92.197231,92.197231,56.197231,200.97
20,502.228041,93.00003,93.00003,57.00003,198.24
21,501.488931,92.197118,92.197118,56.197118,195.51
22,503.965116,90.096599,90.096599,54.096599,202.92
23,503.119027,87.434289,87.434289,51.434289,200.85
24,503.9798,84.962516,84.962516,48.962516,202.953333
25,501.922398,78.226491,78.226491,42.226491,197.193333
26,502.768083,77.209436,77.209436,41.209436,199.886667
27,500.903534,76.518339,76.518339,40.518339,192.643333
28,500.975563,76.566293,76.566293,40.566293,193.05
29,500.975563,77.723925,77.723925,41.723925,193.05
30,503.613204,80.117929,80.117929,44.117929,202.096667
31,516.866576,83.349512,83.349512,47.349512,220.153333
32,505.356797,86.388762,86.388762,50.388762,205.786667
33,500.904687,88.023583,88.023583,52.023583,192.65
34,517.39901,87.712397,87.712397,51.712397,220.633333
35,516.844618,86.008436,86.008436,50.008436,220.133333
36,511.086887,84.063015,84.063015,48.063015,214.183333
37,504.773298,82.792498,82.792498,46.792498,204.65
38,502.853047,82.548515,82.548515,46.548515,200.126667
39,502.776272,83.337464,83.337464,47.337464,199.91
40,525.302038,85.06533,85.06533,49.06533,226.87
41,516.950917,87.509559,87.509559,51.509559,220.23
42,501.756343,90.166436,90.166436,54.166436,196.58
43,500.722306,92.266108,92.266108,56.266108,191.52
44,502.868561,93.068907,93.068907,57.068907,200.17
45,501.51754,92.265996,92.265996,56.265996,195.63
46,501.063204,90.165477,90.165477,54.165477,193.52
47,501.213079,87.503167,87.503167,51.503167,194.27
48,501.84451,85.031394,85.031394,49.031394,196.91
49,501.11375,78.295348,78.295348,42.295348,193.78
50,500.559943,77.278293,77.278293,41.278293,190.35
51,500.478429,76.587196,76.587196,40.587196,189.68
52,500.611176,76.63515,76.63515,40.63515,190.74
53,500.431395,77.792782,77.792782,41.792782,189.26
54,500.798213,80.186786,80.186786,44.186786,192.01
55,517.395277,83.418369,83.418369,47.418369,220.63
56,513.224346,86.457619,86.457619,50.457619,216.58
57,501.907581,88.09244,88.09244,52.09244,197.14
58,506.449057,87.781254,87.781254,51.781254,207.72
59,528.993524,86.077293,86.077293,50.077293,229.36
60,503.264807,84.131872,84.131872,48.131872,201.23
61,501.371148,82.861355,82.861355,46.861355,195
62,504.416002,82.617372,82.617372,46.617372,203.91
63,514.36548,83.406321,83.406321,47.406321,217.76
64,523.055101,85.134187,85.134187,49.134187,225.24
65,514.584866,87.578416,87.578416,51.578416,217.98
66,517.575059,90.235293,90.235293,54.235293,220.79
67,504.49177,92.334965,92.334965,56.334965,204.07
68,502.52394,93.137764,93.137764,57.137764,199.17
69,502.292826,92.334853,92.334853,56.334853,198.45
70,502.607491,90.234334,90.234334,54.234334,199.42
71,502.587282,87.572024,87.572024,51.572024,199.36
72,501.366654,85.100251,85.100251,49.100251,194.98
73,501.79075,78.364164,78.364164,42.364164,196.71
74,502.201645,77.34711,77.34711,41.34711,198.153333
75,502.084336,76.656012,76.656012,40.656012,197.76
76,500.747588,76.703966,76.703966,40.703966,191.686667
77,500.53476,77.861598,77.861598,41.861598,190.15
78,502.671,80.255603,80.255603,44.255603,199.606667
79,511.579534,83.487185,83.487185,47.487185,214.76
80,502.940855,86.526435,86.526435,50.526435,200.37
81,501.51754,88.161256,88.161256,52.161256,195.63
82,509.878502,87.85007,87.85007,51.85007,212.696667
83,519.670869,86.146109,86.146109,50.146109,222.583333
84,507.241804,84.200688,84.200688,48.200688,208.996667
85,501.655638,82.930171,82.930171,46.930171,196.19
86,501.627911,82.686189,82.686189,46.686189,196.08
87,509.219255,83.475137,83.475137,47.475137,211.836667
88,530.036256,85.203004,85.203004,49.203004,230.026667
89,509.146945,87.647232,87.647232,51.647232,211.74
90,504.21563,90.304109,90.304109,54.304109,203.478333
91,513.508819,92.403782,92.403782,56.403782,216.88
92,515.60873,93.206581,93.206581,57.206581,218.98
93,502.597374,92.403669,92.403669,56.403669,199.39
94,501.801421,90.30315,90.30315,54.30315,196.75
95,501.13758,87.64084,87.64084,51.64084,193.9
96,501.194432,85.169067,85.169067,49.169067,194.18
97,501.004864,78.432919,78.432919,42.432919,193.21
98,502.143478,77.415865,77.415865,41.415865,197.96
99,500.717813,76.724768,76.724768,40.724768,191.49
100,501.12364,76.772721,76.772721,40.772721,193.83
101,501.194432,77.930353,77.930353,41.930353,194.18
102,500.790247,80.324358,80.324358,44.324358,191.96
103,512.169018,83.55594,83.55594,47.55594,215.43
104,501.79075,86.59519,86.59519,50.59519,196.71
105,500.915104,88.230011,88.230011,52.230011,192.71
106,513.385078,87.918826,87.918826,51.918826,216.75
107,523.343941,86.214864,86.214864,50.214864,225.455
108,512.429926,84.269443,84.269443,48.269443,215.72
109,511.321555,82.998926,82.998926,46.998926,214.46
110,512.213753,82.754944,82.754944,46.754944,215.48
111,502.786824,83.543892,83.543892,47.543892,199.94
112,515.787169,85.271759,85.271759,49.271759,219.15
113,526.133626,87.715987,87.715987,51.715987,227.45
114,502.35562,90.372864,90.372864,54.372864,198.65
115,502.113776,92.472537,92.472537,56.472537,197.86
116,504.37374,93.275336,93.275336,57.275336,203.82
117,503.693987,92.472424,92.472424,56.472424,202.29
118,501.145595,90.371905,90.371905,54.371905,193.94
119,500.855397,87.709595,87.709595,51.709595,192.36
120,501.686224,85.237822,85.237822,49.237822,196.31
121,501.032833,73.501593,73.501593,37.501593,193.36
122,500.774466,72.484538,72.484538,36.484538,191.86
123,500.878974,71.793441,71.793441,35.793441,192.5
124,500.420469,71.841395,71.841395,35.841395,189.158333
125,501.106531,72.999026,72.999026,36.999026,193.743333
126,500.253192,75.393031,75.393031,39.393031,187.333333
127,509.327136,78.624613,78.624613,42.624613,211.98
128,503.237637,81.663864,81.663864,45.663864,201.16
129,501.75722,83.298685,83.298685,47.298685,196.583333
130,519.69105,82.987499,82.987499,46.987499,222.6
131,513.413569,81.283538,81.283538,45.283538,216.78
132,501.160381,79.338117,79.338117,43.338117,194.013333
133,504.152657,78.0676,78.0676,42.0676,203.34
134,505.599652,77.823617,77.823617,41.823617,206.236667
135,532.495929,78.612565,78.612565,42.612565,231.543333
136,545.619017,80.340432,80.340432,44.340432,238.606667
137,547.856482,82.784661,82.784661,46.784661,239.676667
138,512.878748,85.441538,85.441538,49.441538,216.21
139,504.253088,87.54121,87.54121,51.54121,203.56
140,505.881283,88.344009,88.344009,52.344009,206.743333
141,501.634605,87.541097,87.541097,51.541097,196.106667
142,501.836382,85.440579,85.440579,49.440579,196.88
143,501.155663,82.778268,82.778268,46.778268,193.99
144,502.464844,80.306495,80.306495,44.306495,198.99
145,500.206455,73.570165,73.570165,37.570165,186.69
146,500.032308,72.55311,72.55311,36.55311,182.61
147,500.025455,71.862013,71.862013,35.862013,182.26
148,500.054084,71.909966,71.909966,35.909966,183.48
149,500.088065,73.067598,73.067598,37.067598,184.47
150,500.048718,75.461603,75.461603,39.461603,183.29
151,507.53079,78.693185,78.693185,42.693185,209.44
152,500.172974,81.732435,81.732435,45.732435,186.17
153,500.906418,83.367256,83.367256,47.367256,192.66
154,513.008835,83.056071,83.056071,47.056071,216.35
155,527.353373,81.352109,81.352109,45.352109,228.28
156,504.397188,79.406688,79.406688,43.406688,203.87
157,513.580535,78.136171,78.136171,42.136171,216.955
158,503.237637,77.892189,77.892189,41.892189,201.16
159,501.382425,78.681137,78.681137,42.681137,195.05
160,526.849465,80.409004,80.409004,44.409004,227.94
161,516.448851,82.853233,82.853233,46.853233,219.77
162,501.879994,85.51011,85.51011,49.51011,197.04
163,503.58974,87.609782,87.609782,51.609782,202.04
164,508.677236,88.412581,88.412581,52.412581,211.1
165,523.607881,87.609669,87.609669,51.609669,225.65
166,502.377852,85.50915,85.50915,49.50915,198.72
167,502.461587,82.84684,82.84684,46.84684,198.98
168,502.537193,80.375067,80.375067,44.375067,199.21
169,500.491258,78.638614,78.638614,42.638614,189.79
170,501.038486,77.621559,77.621559,41.621559,193.39
171,501.127612,76.930462,76.930462,40.930462,193.85
172,500.897785,76.978416,76.978416,40.978416,192.61
173,500.857068,78.136047,78.136047,42.136047,192.37
174,500.718062,80.530052,80.530052,44.530052,191.491667
175,516.665969,83.761634,83.761634,47.761634,219.97
176,501.22631,86.800885,86.800885,50.800885,194.333333
177,502.449667,88.435706,88.435706,52.435706,198.943333
178,540.747772,88.12452,88.12452,52.12452,236.156667
179,513.280935,86.420559,86.420559,50.420559,216.64
180,504.417573,84.475138,84.475138,48.475138,203.913333
181,501.898357,83.204621,83.204621,47.204621,197.106667
182,501.073452,82.960638,82.960638,46.960638,193.573333
183,501.631256,83.749586,83.749586,47.749586,196.093333
184,507.11801,85.477453,85.477453,49.477453,208.803333
185,517.560033,87.921682,87.921682,51.921682,220.776667
186,502.715802,90.578559,90.578559,54.578559,199.736667
187,501.429658,92.678231,92.678231,56.678231,195.256667
188,502.082382,93.48103,93.48103,57.48103,197.753333
189,501.688789,92.678118,92.678118,56.678118,196.32
190,504.520394,90.5776,90.5776,54.5776,204.13
191,501.254463,87.915289,87.915289,51.915289,194.466667
192,503.195229,85.443516,85.443516,49.443516,201.05
193,501.772171,78.706921,78.706921,42.706921,196.64
194,502.059516,77.689866,77.689866,41.689866,197.675
195,501.161731,76.998769,76.998769,40.998769,194.02
196,500.939703,77.046723,77.046723,41.046723,192.85
197,500.992894,78.204354,78.204354,42.204354,193.145
198,501.989025,80.598359,80.598359,44.598359,197.43
199,516.421837,83.829941,83.829941,47.829941,219.745
200,503.18181,86.869192,86.869192,50.869192,201.015
201,504.308509,88.504012,88.504012,52.504012,203.68
202,537.876952,88.192827,88.192827,52.192827,234.625
203,547.746883,86.488865,86.488865,50.488865,239.625
204,503.040262,84.543445,84.543445,48.543445,200.64
205,501.271192,83.272928,83.272928,47.272928,194.545
206,502.430779,83.028945,83.028945,47.028945,198.885
207,516.439843,83.817893,83.817893,47.817893,219.761667
208,523.162311,85.54576,85.54576,49.54576,225.32
209,517.922914,87.989989,87.989989,51.989989,221.096667
210,510.75859,90.646866,90.646866,54.646866,213.79
211,502.514029,92.746538,92.746538,56.746538,199.14
212,501.642998,93.549337,93.549337,57.549337,196.14
213,502.56049,92.746425,92.746425,56.746425,199.28
214,505.272082,90.645907,90.645907,54.645907,205.626667
215,508.531268,87.983596,87.983596,51.983596,210.896667
216,503.893657,85.511823,85.511823,49.511823,202.756667
217,502.897342,78.775065,78.775065,42.775065,200.25
218,500.834413,77.75801,77.75801,41.75801,192.233333
219,501.077955,77.066913,77.066913,41.066913,193.596667
220,502.516229,77.114867,77.114867,41.114867,199.146667
221,500.483845,78.272499,78.272499,42.272499,189.726667
222,501.40135,80.666503,80.666503,44.666503,195.133333
223,517.440113,83.898085,83.898085,47.898085,220.67
224,502.716957,86.937336,86.937336,50.937336,199.74
225,503.698196,88.572157,88.572157,52.572157,202.3
226,530.025713,88.260971,88.260971,52.260971,230.02
227,530.630386,86.55701,86.55701,50.55701,230.4
228,509.087375,84.611589,84.611589,48.611589,211.66
229,502.188522,83.341072,83.341072,47.341072,198.11
230,501.522342,83.097089,83.097089,47.097089,195.65
231,517.028156,83.886037,83.886037,47.886037,220.3
232,546.642212,85.613904,85.613904,49.613904,239.1
233,527.234273,88.058133,88.058133,52.058133,228.2
234,507.224649,90.71501,90.71501,54.71501,208.97
235,510.858088,92.814682,92.814682,56.814682,213.91
236,507.676857,93.617481,93.617481,57.617481,209.66
237,502.500853,92.814569,92.814569,56.814569,199.1
238,503.664608,90.714051,90.714051,54.714051,202.22
239,503.191391,88.05174,88.05174,52.05174,201.04
240,504.677439,85.579967,85.579967,49.579967,204.455
241,503.765955,78.843026,78.843026,42.843026,202.46
242,501.785429,77.825972,77.825972,41.825972,196.69
243,502.793872,77.134874,77.134874,41.134874,199.96
244,501.796081,77.182828,77.182828,41.182828,196.73
245,503.137969,78.34046,78.34046,42.34046,200.9
246,505.401257,80.734464,80.734464,44.734464,205.87
247,524.473469,83.966047,83.966047,47.966047,226.28
248,505.332,87.005297,87.005297,51.005297,205.74
249,508.167372,88.640118,88.640118,52.640118,210.38
250,559.968138,88.328932,88.328932,52.328932,244.98
251,563.889754,86.624971,86.624971,50.624971,246.55
252,516.644176,84.67955,84.67955,48.67955,219.95
253,512.330549,83.409033,83.409033,47.409033,215.61
254,514.534821,83.165051,83.165051,47.165051,217.93
255,521.001562,83.953999,83.953999,47.953999,223.66
256,519.425715,85.681866,85.681866,49.681866,222.38
257,559.617907,88.126094,88.126094,52.126094,244.836667
258,514.230251,90.782971,90.782971,54.782971,217.623333
259,503.422834,92.882644,92.882644,56.882644,201.63
260,502.943284,93.685443,93.685443,57.685443,200.376667
261,506.605811,92.882531,92.882531,56.882531,207.98
262,501.830076,90.782012,90.782012,54.782012,196.856667
263,502.368308,88.119702,88.119702,52.119702,198.69
264,503.139234,85.647929,85.647929,49.647929,200.903333
265,505.115534,78.910785,78.910785,42.910785,205.326667
266,503.818718,77.89373,77.89373,41.89373,202.583333
267,503.006894,77.202633,77.202633,41.202633,200.55
268,502.668715,77.250586,77.250586,41.250586,199.6
269,502.550489,78.408218,78.408218,42.408218,199.25
270,508.278992,80.802223,80.802223,44.802223,210.54
271,527.323567,84.033805,84.033805,48.033805,228.26
272,516.459664,87.073055,87.073055,51.073055,219.78
273,506.14168,88.707876,88.707876,52.707876,207.198333
274,541.778674,88.396691,88.396691,52.396691,236.69
275,535.569795,86.692729,86.692729,50.692729,233.34
276,504.141341,84.747308,84.747308,48.747308,203.315
277,504.611793,83.476791,83.476791,47.476791,204.32
278,504.857873,83.232809,83.232809,47.232809,204.82
279,510.958165,84.021757,84.021757,48.021757,214.03
280,585.946468,85.749624,85.749624,49.749624,254.4075
281,542.380468,88.193853,88.193853,52.193853,236.9975
282,505.642624,90.85073,90.85073,54.85073,206.315
283,507.545647,92.950402,92.950402,56.950402,209.4625
284,504.143226,93.753201,93.753201,57.753201,203.319167
285,507.772978,92.950289,92.950289,56.950289,209.803333
286,507.694683,90.84977,90.84977,54.84977,209.686667
287,503.847432,88.18746,88.18746,52.18746,202.65
288,505.397692,85.715687,85.715687,49.715687,205.863333
289,504.256155,73.97832,73.97832,37.97832,203.566667
290,507.401711,72.961265,72.961265,36.961265,209.243333
291,506.077113,72.270168,72.270168,36.270168,207.086667
292,502.632326,72.318121,72.318121,36.318121,199.493333
293,503.653454,73.475753,73.475753,37.475753,202.193333
294,504.204205,75.869758,75.869758,39.869758,203.453333
295,528.373935,79.10134,79.10134,43.10134,228.956667
296,508.476636,82.14059,82.14059,46.14059,210.82
297,505.07172,83.775411,83.775411,47.775411,205.241667
298,524.00388,83.464226,83.464226,47.464226,225.94
299,542.918318,81.760264,81.760264,45.760264,237.27
300,504.453785,79.814844,79.814844,43.814844,203.99
301,500.832223,78.544327,78.544327,42.544327,192.22
302,503.103926,78.300344,78.300344,42.300344,200.81
303,517.710663,79.089292,79.089292,43.089292,220.91
304,556.272671,80.817159,80.817159,44.817159,243.44
305,524.417925,83.261388,83.261388,47.261388,226.24
306,501.362169,85.918265,85.918265,49.918265,194.96
307,502.116734,88.017937,88.017937,52.017937,197.87
308,502.689323,88.820736,88.820736,52.820736,199.66
309,504.621482,88.017824,88.017824,52.017824,204.34
310,507.379973,85.917305,85.917305,49.917305,209.21
311,506.096342,83.254995,83.254995,47.254995,207.12
312,507.071406,80.783222,80.783222,44.783222,208.73
313,505.987251,74.045612,74.045612,38.045612,206.93
314,503.85175,73.028557,73.028557,37.028557,202.66
315,505.35325,72.33746,72.33746,36.33746,205.78
316,507.703606,72.385413,72.385413,36.385413,209.7
317,504.458522,73.543045,73.543045,37.543045,204
318,505.101763,75.93705,75.93705,39.93705,205.3
319,521.535653,79.168632,79.168632,43.168632,224.08
320,520.488336,82.207882,82.207882,46.207882,223.25
321,504.704352,83.842703,83.842703,47.842703,204.51
322,547.588072,83.531518,83.531518,47.531518,239.55
323,535.16647,81.827556,81.827556,45.827556,233.11
324,509.678735,79.882136,79.882136,43.882136,212.44
325,501.515143,78.611619,78.611619,42.611619,195.62
326,502.390615,78.367636,78.367636,42.367636,198.76
327,518.949098,79.156584,79.156584,43.156584,221.98
328,553.723351,80.884451,80.884451,44.884451,242.34
329,538.216681,83.32868,83.32868,47.32868,234.81
330,505.947373,85.985557,85.985557,49.985557,206.86
331,503.593873,88.085229,88.085229,52.085229,202.05
332,508.084284,88.888028,88.888028,52.888028,210.26
333,510.779271,88.085116,88.085116,52.085116,213.815
334,509.062626,85.984597,85.984597,49.984597,211.626667
335,514.631673,83.322287,83.322287,47.322287,218.026667
336,508.752017,80.850514,80.850514,44.850514,211.203333
337,507.122257,79.112641,79.112641,43.112641,208.81
338,503.573235,78.095586,78.095586,42.095586,202
339,502.989683,77.404489,77.404489,41.404489,200.503333
340,502.768083,77.452442,77.452442,41.452442,199.886667
341,504.137573,78.610074,78.610074,42.610074,203.306667
342,504.506068,81.004079,81.004079,45.004079,204.1
343,525.773099,84.235661,84.235661,48.235661,227.2
344,500.991977,87.274911,87.274911,51.274911,193.14
345,510.200314,88.909732,88.909732,52.909732,213.103333
346,537.697156,88.598547,88.598547,52.598547,234.526667
347,529.413026,86.894585,86.894585,50.894585,229.63
348,503.46308,84.949165,84.949165,48.949165,201.73
349,501.371523,83.678648,83.678648,47.678648,195.001667
350,502.510731,83.434665,83.434665,47.434665,199.13
351,526.908441,84.223613,84.223613,48.223613,227.98
352,519.365728,85.95148,85.95148,49.95148,222.33
353,538.382648,88.395709,88.395709,52.395709,234.9
354,502.500853,91.052586,91.052586,55.052586,199.1
355,501.890998,93.152258,93.152258,57.152258,197.08
356,502.793872,93.955057,93.955057,57.955057,199.96
357,502.228041,93.152145,93.152145,57.152145,198.24
358,502.026235,91.051626,91.051626,55.051626,197.56
359,502.11082,88.389316,88.389316,52.389316,197.85
360,501.371711,85.917543,85.917543,49.917543,195.0025
361,501.831651,79.179387,79.179387,43.179387,196.8625
362,503.26578,78.162332,78.162332,42.162332,201.2325
363,501.863564,77.471235,77.471235,41.471235,196.98
364,501.515742,77.519189,77.519189,41.519189,195.6225
365,503.486357,78.67682,78.67682,42.67682,201.7875
366,506.343405,81.070825,81.070825,45.070825,207.5425
367,523.404684,84.302407,84.302407,48.302407,225.5
368,504.302715,87.341658,87.341658,51.341658,203.6675
369,504.104134,88.976479,88.976479,52.976479,203.2325
370,511.51901,88.665293,88.665293,52.665293,214.69
371,522.871567,86.961332,86.961332,50.961332,225.1025
372,511.004228,85.015911,85.015911,49.015911,214.085
373,501.299807,83.745394,83.745394,47.745394,194.6775
374,501.51994,83.501411,83.501411,47.501411,195.64
375,507.250391,84.290359,84.290359,48.290359,209.01
376,544.107644,86.018226,86.018226,50.018226,237.865
377,538.832102,88.462455,88.462455,52.462455,235.1425
378,504.942123,91.119332,91.119332,55.119332,204.9875
379,507.324724,93.219004,93.219004,57.219004,209.125
380,504.89297,94.021803,94.021803,58.021803,204.89
381,502.292826,93.218891,93.218891,57.218891,198.45
382,502.935393,91.118373,91.118373,55.118373,200.355
383,502.027675,88.456062,88.456062,52.456062,197.565
384,502.876637,85.984289,85.984289,49.984289,200.1925
385,502.514854,79.24583,79.24583,43.24583,199.1425
386,501.544674,78.228776,78.228776,42.228776,195.7425
387,501.961403,77.537678,77.537678,41.537678,197.3325
388,501.451901,77.585632,77.585632,41.585632,195.3525
389,502.241057,78.743264,78.743264,42.743264,198.2825
390,502.216595,81.137269,81.137269,45.137269,198.2025
391,527.02294,84.368851,84.368851,48.368851,228.0575
392,508.049822,87.408101,87.408101,51.408101,210.21
393,505.130192,89.042922,89.042922,53.042922,205.355
394,521.478023,88.731736,88.731736,52.731736,224.035
395,522.097782,87.027775,87.027775,51.027775,224.515
396,502.303737,85.082354,85.082354,49.082354,198.485
397,501.769527,83.811837,83.811837,47.811837,196.63
398,502.56383,83.567855,83.567855,47.567855,199.29
399,529.710518,84.356803,84.356803,48.356803,229.82
400,527.249143,86.08467,86.08467,50.08467,228.21
401,527.167424,88.528898,88.528898,52.528898,228.155
402,507.396273,91.185775,91.185775,55.185775,209.235
403,504.684769,93.285448,93.285448,57.285448,204.47
404,503.153174,94.088247,94.088247,58.088247,200.94
405,501.318926,93.285335,93.285335,57.285335,194.765
406,501.664523,91.184816,91.184816,55.184816,196.225
407,504.930753,88.522506,88.522506,52.522506,204.965
408,503.040262,86.050733,86.050733,50.050733,200.64
409,504.910579,79.311952,79.311952,43.311952,204.925
410,501.59676,78.294897,78.294897,42.294897,195.955
411,501.194432,77.6038,77.6038,41.6038,194.18
412,501.06608,77.651753,77.651753,41.651753,193.535
413,501.696499,78.809385,78.809385,42.809385,196.35
414,511.657645,81.20339,81.20339,45.20339,214.85
415,519.642638,84.434972,84.434972,48.434972,222.56
416,502.393813,87.474222,87.474222,51.474222,198.77
417,500.766651,89.109043,89.109043,53.109043,191.81
418,513.860102,88.797858,88.797858,52.797858,217.245
419,514.069695,87.093896,87.093896,51.093896,217.46
420,505.099183,85.148475,85.148475,49.148475,205.295
421,501.934024,83.877958,83.877958,47.877958,197.235
422,500.873888,83.633976,83.633976,47.633976,192.47
423,505.39591,84.422924,84.422924,48.422924,205.86
424,509.429471,86.150791,86.150791,50.150791,212.115
425,517.395277,88.595019,88.595019,52.595019,220.63
426,500.629231,91.251896,91.251896,55.251896,190.8725
427,501.775479,93.351569,93.351569,57.351569,196.6525
428,504.235862,94.154368,94.154368,58.154368,203.5225
429,500.678895,93.351456,93.351456,57.351456,191.225
430,501.171379,91.250937,91.250937,55.250937,194.0675
431,501.420054,88.588627,88.588627,52.588627,195.215
432,504.311988,86.116854,86.116854,50.116854,203.6875
433,502.847987,79.377731,79.377731,43.377731,200.1125
434,501.357693,78.360676,78.360676,42.360676,194.94
435,501.013669,77.669579,77.669579,41.669579,193.2575
436,501.300895,77.717532,77.717532,41.717532,194.6825
437,500.883227,78.875164,78.875164,42.875164,192.525
438,502.878434,81.269169,81.269169,45.269169,200.1975
439,533.914067,84.500751,84.500751,48.500751,232.385
440,503.314666,87.540001,87.540001,51.540001,201.3575
441,502.137516,89.174822,89.174822,53.174822,197.94
442,510.181673,88.863637,88.863637,52.863637,213.08
443,528.639168,87.159675,87.159675,51.159675,229.13
444,507.253613,85.214254,85.214254,49.214254,209.015
445,504.100762,83.943737,83.943737,47.943737,203.225
446,500.724183,83.699755,83.699755,47.699755,191.5325
447,503.009666,84.488703,84.488703,48.488703,200.5575
448,517.603256,86.21657,86.21657,50.21657,220.815
449,523.482445,88.660799,88.660799,52.660799,225.5575
450,508.247502,91.317676,91.317676,55.317676,210.495
451,505.171721,93.417348,93.417348,57.417348,205.435
452,506.071832,94.220147,94.220147,58.220147,207.0775
453,506.560349,93.417235,93.417235,57.417235,207.905
454,507.187745,91.316716,91.316716,55.316716,208.9125
455,504.550572,88.654406,88.654406,52.654406,204.193
456,504.550572,86.182633,86.182633,50.182633,204.193
457,506.872377,74.443148,74.443148,38.443148,208.413333
458,507.340946,73.426094,73.426094,37.426094,209.15
459,502.716957,72.734996,72.734996,36.734996,199.74
460,500.683957,72.78295,72.78295,36.78295,191.26
461,500.76821,73.940582,73.940582,37.940582,191.82
462,500.63302,76.334587,76.334587,40.334587,190.9
463,501.524746,79.566169,79.566169,43.566169,195.66
464,513.380333,82.605419,82.605419,46.605419,216.745
465,503.085115,84.24024,84.24024,48.24024,200.76
466,501.346544,83.929054,83.929054,47.929054,194.89
467,502.533875,82.225093,82.225093,46.225093,199.2
468,502.730841,80.279672,80.279672,44.279672,199.78
469,500.599101,79.009155,79.009155,43.009155,190.65
470,500.612527,78.765173,78.765173,42.765173,190.75
471,500.713338,79.554121,79.554121,43.554121,191.46
472,501.915907,81.281988,81.281988,45.281988,197.17
473,505.096605,83.726216,83.726216,47.726216,205.29
474,512.062078,86.383093,86.383093,50.383093,215.31
475,501.090237,88.482766,88.482766,52.482766,193.66
476,502.119695,89.285565,89.285565,53.285565,197.88
477,501.830975,88.482653,88.482653,52.482653,196.86
478,500.913362,86.382134,86.382134,50.382134,192.7
479,500.780754,83.719824,83.719824,47.719824,191.9
480,500.63717,81.248051,81.248051,45.248051,190.93
481,500.966518,74.508185,74.508185,38.508185,193
482,500.720806,73.491131,73.491131,37.491131,191.51
483,500.495977,72.800033,72.800033,36.800033,189.83
484,500.977378,72.847987,72.847987,36.847987,193.06
485,500.437927,74.005619,74.005619,38.005619,189.32
486,500.761986,76.399623,76.399623,40.399623,191.78
487,500.911623,79.631206,79.631206,43.631206,192.69
488,509.035452,82.670456,82.670456,46.670456,211.59
489,504.094023,84.305277,84.305277,48.305277,203.21
490,503.945346,83.994091,83.994091,47.994091,202.875
491,505.406608,82.29013,82.29013,46.29013,205.88
492,526.790571,80.344709,80.344709,44.344709,227.9
493,512.366628,79.074192,79.074192,43.074192,215.65
494,503.921268,78.83021,78.83021,42.83021,202.82
495,503.556778,79.619158,79.619158,43.619158,201.96
496,501.683662,81.347025,81.347025,45.347025,196.3
497,503.729861,83.791253,83.791253,47.791253,202.375
498,509.357384,86.44813,86.44813,50.44813,212.02
499,502.011872,88.547803,88.547803,52.547803,197.51
500,500.365528,89.350602,89.350602,53.350602,188.62
501,500.811064,88.54769,88.54769,52.54769,192.09
502,501.484196,86.447171,86.447171,50.447171,195.49
503,501.836382,83.784861,83.784861,47.784861,196.88
504,501.115723,81.313088,81.313088,45.313088,193.79
505,501.047949,79.572822,79.572822,43.572822,193.44
506,501.339883,78.555767,78.555767,42.555767,194.86
507,500.772899,77.86467,77.86467,41.86467,191.85
508,500.653941,77.912624,77.912624,41.912624,191.05
509,500.975563,79.070256,79.070256,43.070256,193.05
510,500.436834,81.46426,81.46426,45.46426,189.31
511,500.769771,84.695843,84.695843,48.695843,191.83
512,518.772292,87.735093,87.735093,51.735093,221.83
513,502.37626,89.369914,89.369914,53.369914,198.715
514,504.040366,89.058728,89.058728,53.058728,203.09
515,512.097658,87.354767,87.354767,51.354767,215.35
516,508.008591,85.409346,85.409346,49.409346,210.15
517,502.087268,84.138829,84.138829,48.138829,197.77
518,501.240336,83.894847,83.894847,47.894847,194.4
519,500.578008,84.683795,84.683795,48.683795,190.49
520,500.53476,86.411661,86.411661,50.411661,190.15
521,502.966426,88.85589,88.85589,52.85589,200.44
522,505.817527,91.512767,91.512767,55.512767,206.63
523,503.540369,93.612439,93.612439,57.612439,201.92
524,501.35993,94.415239,94.415239,58.415239,194.95
525,500.504303,93.612327,93.612327,57.612327,189.9
526,501.35993,91.511808,91.511808,55.511808,194.95
527,506.300569,88.849498,88.849498,52.849498,207.47
528,503.043984,86.377725,86.377725,50.377725,200.65
529,501.583174,79.63704,79.63704,43.63704,195.9
530,501.259431,78.619985,78.619985,42.619985,194.49
531,500.728323,77.928888,77.928888,41.928888,191.56
532,500.913362,77.976842,77.976842,41.976842,192.7
533,500.986486,79.134473,79.134473,43.134473,193.11
534,500.429232,81.528478,81.528478,45.528478,189.24
535,500.865452,84.76006,84.76006,48.76006,192.42
536,510.173691,87.799311,87.799311,51.799311,213.07
537,503.93439,89.434132,89.434132,53.434132,202.85
538,501.27656,89.122946,89.122946,53.122946,194.57
539,511.25338,87.418985,87.418985,51.418985,214.38
540,537.248514,85.473564,85.473564,49.473564,234.28
541,516.513797,84.203047,84.203047,48.203047,219.83
542,502.060971,83.959064,83.959064,47.959064,197.68
543,501.040374,84.748012,84.748012,48.748012,193.4
544,501.131593,86.475879,86.475879,50.475879,193.87
545,501.188256,88.920108,88.920108,52.920108,194.15
546,504.004843,91.576985,91.576985,55.576985,203.01
547,502.672143,93.676657,93.676657,57.676657,199.61
548,501.828276,94.479456,94.479456,58.479456,196.85
549,500.858741,93.676544,93.676544,57.676544,192.38
550,501.418905,91.576026,91.576026,55.576026,195.21
551,502.01474,88.913715,88.913715,52.913715,197.52
552,502.01761,86.441942,86.441942,50.441942,197.53
553,501.161731,79.700819,79.700819,43.700819,194.02
554,500.668128,78.683765,78.683765,42.683765,191.15
555,500.400695,77.992667,77.992667,41.992667,188.97
556,500.390439,78.040621,78.040621,42.040621,188.87
557,500.296041,79.198253,79.198253,43.198253,187.86
558,500.558666,81.592258,81.592258,45.592258,190.34
559,500.803017,84.82384,84.82384,48.82384,192.04
560,512.115473,87.86309,87.86309,51.86309,215.37
561,503.422834,89.497911,89.497911,53.497911,201.63
562,504.822934,89.186725,89.186725,53.186725,204.75
563,503.560888,87.482764,87.482764,51.482764,201.97
564,509.091091,85.537343,85.537343,49.537343,211.665
565,504.420714,84.266826,84.266826,48.266826,203.92
566,502.037773,84.022844,84.022844,48.022844,197.6
567,502.258744,84.811792,84.811792,48.811792,198.34
568,501.561101,86.539659,86.539659,50.539659,195.81
569,502.268007,88.983887,88.983887,52.983887,198.37
570,508.293011,91.640764,91.640764,55.640764,210.56
571,501.017856,93.740437,93.740437,57.740437,193.28
572,503.812991,94.543236,94.543236,58.543236,202.57
573,502.200634,93.740324,93.740324,57.740324,198.15
574,501.021587,91.639805,91.639805,55.639805,193.3
575,502.933574,88.977495,88.977495,52.977495,200.35
576,504.331735,86.505722,86.505722,50.505722,203.73
577,503.402822,79.764142,79.764142,43.764142,201.58
578,501.221425,78.747087,78.747087,42.747087,194.31
579,501.309071,78.05599,78.05599,42.05599,194.72
580,501.015994,78.103943,78.103943,42.103943,193.27
581,501.173926,79.261575,79.261575,43.261575,194.08
582,500.975563,81.65558,81.65558,45.65558,193.05
583,500.908151,84.887162,84.887162,48.887162,192.67
584,512.915832,87.926412,87.926412,51.926412,216.25
585,502.200634,89.561233,89.561233,53.561233,198.15
586,501.977663,89.250048,89.250048,53.250048,197.39
587,510.149767,87.546086,87.546086,51.546086,213.04
588,520.007566,85.600666,85.600666,49.600666,222.86
589,504.948447,84.330148,84.330148,48.330148,205
590,503.100158,84.086166,84.086166,48.086166,200.8
591,501.568437,84.875114,84.875114,48.875114,195.84
592,501.95225,86.602981,86.602981,50.602981,197.3
593,507.703606,89.04721,89.04721,53.04721,209.7
594,504.430147,91.704087,91.704087,55.704087,203.94
595,502.973758,93.803759,93.803759,57.803759,200.46
596,501.065121,94.606558,94.606558,58.606558,193.53
597,500.961117,93.803646,93.803646,57.803646,192.97
598,501.562322,91.703127,91.703127,55.703127,195.815
599,501.777467,89.040817,89.040817,53.040817,196.66
600,501.801421,86.569044,86.569044,50.569044,196.75
601,501.79875,79.826988,79.826988,43.826988,196.74
602,502.644799,78.809933,78.809933,42.809933,199.53
603,501.541644,78.118836,78.118836,42.118836,195.73
604,501.099995,78.16679,78.16679,42.16679,193.71
605,501.774817,79.324422,79.324422,43.324422,196.65
606,500.971938,81.718426,81.718426,45.718426,193.03
607,503.507695,84.950009,84.950009,48.950009,201.84
608,513.290381,87.989259,87.989259,51.989259,216.65
609,504.289985,89.62408,89.62408,53.62408,203.64
610,502.311552,89.312894,89.312894,53.312894,198.51
611,503.618739,87.608933,87.608933,51.608933,202.11
612,507.563831,85.663512,85.663512,49.663512,209.49
613,508.335161,84.392995,84.392995,48.392995,210.62
614,505.153526,84.149012,84.149012,48.149012,205.4
615,502.585602,84.937961,84.937961,48.937961,199.355
616,503.014289,86.665827,86.665827,50.665827,200.57
617,504.714163,89.110056,89.110056,53.110056,204.53
618,505.070863,91.766933,91.766933,55.766933,205.24
619,504.738746,93.866605,93.866605,57.866605,204.58
620,502.23416,94.669404,94.669404,58.669404,198.26
621,501.915907,93.866493,93.866493,57.866493,197.17
622,501.129601,91.765974,91.765974,55.765974,193.86
623,502.442101,89.103664,89.103664,53.103664,198.92
624,500.51151,86.631891,86.631891,50.631891,189.96
625,502.203669,74.88934,74.88934,38.88934,198.16
626,501.474755,73.872285,73.872285,37.872285,195.45
627,500.815916,73.181188,73.181188,37.181188,192.12
628,501.167819,73.229142,73.229142,37.229142,194.05
629,500.10049,74.386774,74.386774,38.386774,184.77
630,500.246035,76.780778,76.780778,40.780778,187.24
631,500.620673,80.012361,80.012361,44.012361,190.81
632,513.719869,83.051611,83.051611,47.051611,217.1
633,500.587178,84.686432,84.686432,48.686432,190.56
634,501.405155,84.375246,84.375246,48.375246,195.15
635,500.253708,82.671285,82.671285,46.671285,187.34
636,504.031467,80.725864,80.725864,44.725864,203.07
637,505.817527,79.455347,79.455347,43.455347,206.63
638,505.15093,79.211364,79.211364,43.211364,205.395
639,501.377908,80.000313,80.000313,44.000313,195.03
640,508.118839,81.728179,81.728179,45.728179,210.31
641,509.865451,84.172408,84.172408,48.172408,212.68
642,501.688789,86.829285,86.829285,50.829285,196.32
643,500.435743,88.928957,88.928957,52.928957,189.3
644,500.991977,89.731756,89.731756,53.731756,193.14
645,501.590576,88.928844,88.928844,52.928844,195.93
646,501.539223,86.828326,86.828326,50.828326,195.72
647,507.419131,84.166016,84.166016,48.166016,209.27
648,504.597285,81.694243,81.694243,45.694243,204.29
649,504.822934,74.951179,74.951179,38.951179,204.75
650,507.237513,73.934124,73.934124,37.934124,208.99
651,509.289413,73.243027,73.243027,37.243027,211.93
652,506.32418,73.290981,73.290981,37.290981,207.51
653,511.287435,74.448613,74.448613,38.448613,214.42
654,504.582805,76.842617,76.842617,40.842617,204.26
655,503.488047,80.0742,80.0742,44.0742,201.791667
656,514.441695,83.11345,83.11345,47.11345,217.836667
657,502.100987,84.748271,84.748271,48.748271,197.816667
658,503.36831,84.437085,84.437085,48.437085,201.493333
659,511.044808,82.733124,82.733124,46.733124,214.133333
660,504.496533,80.787703,80.787703,44.787703,204.08
661,501.101954,79.517186,79.517186,43.517186,193.72
662,501.403632,79.273203,79.273203,43.273203,195.143333
663,503.486019,80.062152,80.062152,44.062152,201.786667
664,502.045487,81.790018,81.790018,45.790018,197.626667
665,506.134915,84.234247,84.234247,48.234247,207.186667
666,508.059003,86.891124,86.891124,50.891124,210.223333
667,501.655638,88.990796,88.990796,52.990796,196.19
668,502.528352,89.793595,89.793595,53.793595,199.183333
669,502.992138,88.990683,88.990683,52.990683,200.51
670,506.826797,86.890165,86.890165,50.890165,208.34
671,509.067572,84.227855,84.227855,48.227855,211.633333
672,503.438897,81.756082,81.756082,45.756082,201.67
673,500.224619,80.012487,80.012487,44.012487,186.95
674,500.179124,78.995432,78.995432,42.995432,186.27
675,500.616591,78.304335,78.304335,42.304335,190.78
676,502.24029,78.352289,78.352289,42.352289,198.28
677,500.404845,79.50992,79.50992,43.50992,189.01
678,500.923842,81.903925,81.903925,45.903925,192.76
679,503.070117,85.135507,85.135507,49.135507,200.72
680,505.117257,88.174758,88.174758,52.174758,205.33
681,501.625405,89.809578,89.809578,53.809578,196.07
682,503.134175,89.498393,89.498393,53.498393,200.89
683,503.58974,87.794431,87.794431,51.794431,202.04
684,502.970091,85.849011,85.849011,49.849011,200.45
685,503.070117,84.578494,84.578494,48.578494,200.72
686,501.578252,84.334511,84.334511,48.334511,195.88
687,500.966518,85.123459,85.123459,49.123459,193
688,507.520895,86.851326,86.851326,50.851326,209.425
689,522.988254,89.295555,89.295555,53.295555,225.19
690,506.090569,91.952432,91.952432,55.952432,207.11
691,502.040663,94.052104,94.052104,58.052104,197.61
692,504.220968,94.854903,94.854903,58.854903,203.49
693,502.324089,94.051991,94.051991,58.051991,198.55
694,501.302528,91.951473,91.951473,55.951473,194.69
695,501.983339,89.289162,89.289162,53.289162,197.41
696,501.858107,86.817389,86.817389,50.817389,196.96
697,500.318775,80.073245,80.073245,44.073245,188.12
698,500.278447,79.05619,79.05619,43.05619,187.65
699,501.175967,78.365093,78.365093,42.365093,194.09
700,503.817286,78.413047,78.413047,42.413047,202.58
701,501.074737,79.570679,79.570679,43.570679,193.58
702,500.644124,81.964683,81.964683,45.964683,190.98
703,500.611176,85.196266,85.196266,49.196266,190.74
704,504.130044,88.235516,88.235516,52.235516,203.29
705,501.502,89.870337,89.870337,53.870337,195.565
706,505.372776,89.559151,89.559151,53.559151,205.816667
707,503.262213,87.85519,87.85519,51.85519,201.223333
708,504.288444,85.909769,85.909769,49.909769,203.636667
709,501.830975,84.639252,84.639252,48.639252,196.86
710,502.469191,84.395269,84.395269,48.395269,199.003333
711,502.673286,85.184218,85.184218,49.184218,199.613333
712,505.817527,86.912084,86.912084,50.912084,206.63
713,515.476608,89.356313,89.356313,53.356313,218.853333
714,503.823016,92.01319,92.01319,56.01319,202.593333
715,500.702966,94.112862,94.112862,58.112862,191.39
716,502.198612,94.915661,94.915661,58.915661,198.143333
717,504.722348,94.112749,94.112749,58.112749,204.546667
718,501.864474,92.012231,92.012231,56.012231,196.983333
719,500.756824,89.349921,89.349921,53.349921,191.746667
720,501.319292,86.878148,86.878148,50.878148,194.766667
721,500.960817,80.133436,80.133436,44.133436,192.968333
722,501.105877,79.116381,79.116381,43.116381,193.74
723,501.19856,78.425284,78.425284,42.425284,194.2
724,500.692689,78.473238,78.473238,42.473238,191.32
725,500.272734,79.630869,79.630869,43.630869,187.58
726,500.842106,82.024874,82.024874,46.024874,192.28
727,500.439021,85.256456,85.256456,49.256456,189.33
728,507.953824,88.295707,88.295707,52.295707,210.07
729,501.756343,89.930528,89.930528,53.930528,196.58
730,500.588495,89.619342,89.619342,53.619342,190.57
731,502.52394,87.915381,87.915381,51.915381,199.17
732,508.497987,85.96996,85.96996,49.96996,210.85
733,504.496533,84.699443,84.699443,48.699443,204.08
734,501.261564,84.45546,84.45546,48.45546,194.5
735,500.574107,85.244408,85.244408,49.244408,190.46
736,500.782331,86.972275,86.972275,50.972275,191.91
737,506.154259,89.416504,89.416504,53.416504,207.22
738,503.388858,92.073381,92.073381,56.073381,201.545
739,504.472752,94.173053,94.173053,58.173053,204.03
740,507.198964,94.975852,94.975852,58.975852,208.93
741,502.000428,94.17294,94.17294,58.17294,197.47
742,502.191546,92.072422,92.072422,56.072422,198.12
743,501.600478,89.410111,89.410111,53.410111,195.97
744,501.446659,86.938338,86.938338,50.938338,195.33
745,501.055559,44.193042,80.193042,44.193042,193.48
746,500.34352,43.175987,79.175987,43.175987,188.39
747,500.170552,42.48489,78.48489,42.48489,186.13
748,500.701492,42.532843,78.532843,42.532843,191.38
749,500.612527,43.690475,79.690475,43.690475,190.75
750,500.490083,46.08448,82.08448,46.08448,189.78
751,500.387395,49.316062,85.316062,49.316062,188.84
752,505.918991,52.355312,88.355312,52.355312,206.81
753,509.471365,53.990133,89.990133,53.990133,212.17
754,504.193559,53.678948,89.678948,53.678948,203.43
755,523.198118,51.974986,87.974986,51.974986,225.346667
756,513.674927,50.029565,86.029565,50.029565,217.053333
757,506.571444,48.759048,84.759048,48.759048,207.923333
758,520.766903,48.515066,84.515066,48.515066,223.473333
759,513.445272,49.304014,85.304014,49.304014,216.813333
760,501.967284,51.031881,87.031881,51.031881,197.353333
761,502.143478,53.47611,89.47611,53.47611,197.96
762,505.920881,56.132986,92.132986,56.132986,206.813333
763,502.777443,58.232659,94.232659,58.232659,199.913333
764,503.260917,59.035458,95.035458,59.035458,201.22
765,501.40744,58.232546,94.232546,58.232546,195.16
766,502.482262,56.132027,92.132027,56.132027,199.043333
767,504.606954,53.469717,89.469717,53.469717,204.31
768,508.054412,50.997944,86.997944,50.997944,210.216667
769,500.800879,44.252044,80.252044,44.252044,192.026667
770,500.226057,43.234989,79.234989,43.234989,186.97
771,500.348862,42.543892,78.543892,42.543892,188.446667
772,500.135543,42.591846,78.591846,42.591846,185.506667
773,500.626142,43.749478,79.749478,43.749478,190.85
774,500.254483,46.143482,82.143482,46.143482,187.35
775,500.63302,49.375065,85.375065,49.375065,190.9
776,507.360443,52.414315,88.414315,52.414315,209.18
777,508.084284,54.049136,90.049136,54.049136,210.26
778,504.877909,53.73795,89.73795,53.73795,204.86
779,504.520394,52.033989,88.033989,52.033989,204.13
780,506.282897,50.088568,86.088568,50.088568,207.44
781,500.815916,48.818051,84.818051,48.818051,192.12
782,501.074737,48.574068,84.574068,48.574068,193.58
783,504.112008,49.363017,85.363017,49.363017,203.25
784,505.772788,51.090883,87.090883,51.090883,206.55
785,503.804412,53.535112,89.535112,53.535112,202.55
786,510.717303,56.191989,92.191989,56.191989,213.74
787,501.250922,58.291661,94.291661,58.291661,194.45
788,501.597999,59.09446,95.09446,59.09446,195.96
789,502.039218,58.291549,94.291549,58.291549,197.605
790,503.652062,56.19103,92.19103,56.19103,202.19
791,501.488931,53.52872,89.52872,53.52872,195.51
792,503.2299,51.056947,87.056947,51.056947,201.14
793,503.191391,39.310426,75.310426,39.310426,201.04
794,500.429232,38.293372,74.293372,38.293372,189.24
795,500.554847,37.602275,73.602275,37.602275,190.31
796,501.93822,37.650228,73.650228,37.650228,197.25
797,501.522342,38.80786,74.80786,38.80786,195.65
798,500.433566,41.201865,77.201865,41.201865,189.28
799,502.258744,44.433447,80.433447,44.433447,198.34
800,510.422991,47.472697,83.472697,47.472697,213.38
801,501.326622,49.107518,85.107518,49.107518,194.8
802,500.758886,48.796332,84.796332,48.796332,191.76
803,510.709057,47.092371,83.092371,47.092371,213.73
804,523.350685,45.14695,81.14695,45.14695,225.46
805,533.817385,43.876433,79.876433,43.876433,232.328333
806,509.045327,43.632451,79.632451,43.632451,211.603333
807,502.028155,44.421399,80.421399,44.421399,197.566667
808,501.801421,46.149266,82.149266,46.149266,196.75
809,509.065099,48.593494,84.593494,48.593494,211.63
810,507.130754,51.250371,87.250371,51.250371,208.823333
811,504.933278,53.350044,89.350044,53.350044,204.97
812,501.670038,54.152843,90.152843,54.152843,196.246667
813,503.660423,53.349931,89.349931,53.349931,202.21
814,506.247647,51.249412,87.249412,51.249412,207.38
815,508.121145,48.587102,84.587102,48.587102,210.313333
816,501.28374,46.115329,82.115329,46.115329,194.603333
817,504.8329,39.368171,75.368171,39.368171,204.77
818,503.562258,38.351116,74.351116,38.351116,201.973333
819,503.145566,37.660019,73.660019,37.660019,200.92
820,501.275127,37.707973,73.707973,37.707973,194.563333
821,502.052252,38.865605,74.865605,38.865605,197.65
822,501.425427,41.259609,77.259609,41.259609,195.238333
823,501.259431,44.491191,80.491191,44.491191,194.49
824,509.802962,47.530442,83.530442,47.530442,212.6
825,503.103926,49.165263,85.165263,49.165263,200.81
826,509.07252,48.854077,84.854077,48.854077,211.64
827,505.358571,47.150116,83.150116,47.150116,205.79
828,509.221755,45.204695,81.204695,45.204695,211.84
829,506.056005,43.934178,79.934178,43.934178,207.05
830,506.551281,43.690195,79.690195,43.690195,207.89
831,505.873759,44.479143,80.479143,44.479143,206.73
832,503.610438,46.20701,82.20701,46.20701,202.09
833,503.31958,48.651239,84.651239,48.651239,201.37
834,517.530004,51.308116,87.308116,51.308116,220.75
835,522.287196,53.407788,89.407788,53.407788,224.66
836,520.364373,54.210587,90.210587,54.210587,223.15
837,502.104916,53.407675,89.407675,53.407675,197.83
838,501.129601,51.307157,87.307157,51.307157,193.86
839,500.878974,48.644846,84.644846,48.644846,192.5
840,502.99951,46.173073,82.173073,46.173073,200.53
841,500.649722,44.425261,80.425261,44.425261,191.02
842,500.484234,43.408206,79.408206,43.408206,189.73
843,500.890915,42.717109,78.717109,42.717109,192.57
844,501.743222,42.765062,78.765062,42.765062,196.53
845,501.190313,43.922694,79.922694,43.922694,194.16
846,503.351138,46.316699,82.316699,46.316699,201.45
847,518.584851,49.548281,85.548281,49.548281,221.67
848,511.640258,52.587531,88.587531,52.587531,214.83
849,500.934397,54.222352,90.222352,54.222352,192.82
850,501.561101,53.911167,89.911167,53.911167,195.81
851,501.38922,52.207205,88.207205,52.207205,195.08
852,508.455319,50.261785,86.261785,50.261785,210.79
853,503.834494,48.991268,84.991268,48.991268,202.62
854,502.252582,48.747285,84.747285,48.747285,198.32
855,502.320951,49.536233,85.536233,49.536233,198.54
856,502.708879,51.2641,87.2641,51.2641,199.716667
857,508.18359,53.708329,89.708329,53.708329,210.403333
858,527.05624,56.365206,92.365206,56.365206,228.08
859,505.20562,58.464878,94.464878,58.464878,205.5
860,505.70978,59.267677,95.267677,59.267677,206.436667
861,501.166464,58.464765,94.464765,58.464765,194.043333
862,502.771591,56.364246,92.364246,56.364246,199.896667
863,504.663613,53.701936,89.701936,53.701936,204.426667
864,502.539406,51.230163,87.230163,51.230163,199.216667
865,500.864331,44.481679,80.481679,44.481679,192.413333
866,501.25801,43.464624,79.464624,43.464624,194.483333
867,500.668604,42.773527,78.773527,42.773527,191.153333
868,500.710365,42.821481,78.821481,42.821481,191.44
869,501.801421,43.979112,79.979112,43.979112,196.75
870,501.014753,46.373117,82.373117,46.373117,193.263333
871,506.693246,49.604699,85.604699,49.604699,208.123333
872,512.038394,52.64395,88.64395,52.64395,215.283333
873,502.762243,54.27877,90.27877,54.27877,199.87
874,500.710365,53.967585,89.967585,53.967585,191.44
875,516.427238,52.263623,88.263623,52.263623,219.75
876,532.941101,50.318203,86.318203,50.318203,231.81
877,504.963646,49.047686,85.047686,49.047686,205.03
878,501.565989,48.803703,84.803703,48.803703,195.83
879,501.60296,49.592651,85.592651,49.592651,195.98
880,507.497839,51.320518,87.320518,51.320518,209.39
881,503.652062,53.764747,89.764747,53.764747,202.19
882,512.339563,56.421624,92.421624,56.421624,215.62
883,501.714573,58.521296,94.521296,58.521296,196.42
884,510.610426,59.324095,95.324095,59.324095,213.61
885,503.382884,58.521183,94.521183,58.521183,201.53
886,500.431395,56.420665,92.420665,56.420665,189.26
887,500.418518,53.758354,89.758354,53.758354,189.14
888,502.152439,51.286581,87.286581,51.286581,197.99
889,501.575795,44.537409,80.537409,44.537409,195.87
890,500.409021,43.520354,79.520354,43.520354,189.05
891,500.199724,42.829257,78.829257,42.829257,186.59
892,500.554847,42.87721,78.87721,42.87721,190.31
893,501.192371,44.034842,80.034842,44.034842,194.17
894,501.510355,46.428847,82.428847,46.428847,195.6
895,503.418826,49.660429,85.660429,49.660429,201.62
896,516.829989,52.699679,88.699679,52.699679,220.12
897,501.339883,54.3345,90.3345,54.3345,194.86
898,502.24029,54.023315,90.023315,54.023315,198.28
899,501.583174,52.319353,88.319353,52.319353,195.9
900,508.576565,50.373932,86.373932,50.373932,210.96
901,503.869056,49.103415,85.103415,49.103415,202.7
902,501.997573,48.859433,84.859433,48.859433,197.46
903,501.046052,49.648381,85.648381,49.648381,193.43
904,503.172246,51.376248,87.376248,51.376248,200.99
905,513.575747,53.820476,89.820476,53.820476,216.95
906,510.878889,56.477353,92.477353,56.477353,213.935
907,508.237022,58.577026,94.577026,58.577026,210.48
908,510.326035,59.379825,95.379825,59.379825,213.26
909,501.883658,58.576913,94.576913,58.576913,197.053333
910,504.02258,56.476394,92.476394,56.476394,203.05
911,501.888243,53.814084,89.814084,53.814084,197.07
912,500.977378,51.342311,87.342311,51.342311,193.06
913,501.304707,44.592433,80.592433,44.592433,194.7
914,500.746055,43.575378,79.575378,43.575378,191.676667
915,500.5863,42.884281,78.884281,42.884281,190.553333
916,500.550203,42.932235,78.932235,42.932235,190.273333
917,500.638094,44.089867,80.089867,44.089867,190.936667
918,502.2711,46.483871,82.483871,46.483871,198.38
919,504.003367,49.715454,85.715454,49.715454,203.006667
920,523.458761,52.754704,88.754704,52.754704,225.54
921,509.430739,54.389525,90.389525,54.389525,212.116667
922,505.357683,54.078339,90.078339,54.078339,205.788333
923,513.318746,52.374378,88.374378,52.374378,216.68
924,521.792967,50.428957,86.428957,50.428957,224.28
925,501.820193,49.15844,85.15844,49.15844,196.82
926,501.07281,48.914458,84.914458,48.914458,193.57
927,500.69855,49.703406,85.703406,49.703406,191.36
928,501.753714,51.431272,87.431272,51.431272,196.57
929,502.101969,53.875501,89.875501,53.875501,197.82
930,516.25498,56.532378,92.532378,56.532378,219.59
931,501.2488,58.63205,94.63205,58.63205,194.44
932,502.497566,59.43485,95.43485,59.43485,199.09
933,504.053739,58.631938,94.631938,58.631938,203.12
934,503.78729,56.531419,92.531419,56.531419,202.51
935,505.823135,53.869109,89.869109,53.869109,206.64
936,502.672143,51.397336,87.397336,51.397336,199.61
937,501.086349,44.646737,80.646737,44.646737,193.64
938,501.019721,43.629682,79.629682,43.629682,193.29
939,500.500724,42.938585,78.938585,42.938585,189.87
940,502.514029,42.986538,78.986538,42.986538,199.14
941,502.507436,44.14417,80.14417,44.14417,199.12
942,500.889203,46.538175,82.538175,46.538175,192.56
943,501.927043,49.769757,85.769757,49.769757,197.21
944,512.584501,52.809007,88.809007,52.809007,215.89
945,508.648397,54.443828,90.443828,54.443828,211.06
946,504.549132,54.132643,90.132643,54.132643,204.19
947,530.582371,52.428681,88.428681,52.428681,230.37
948,525.974604,50.483261,86.483261,50.483261,227.34
949,510.35022,49.212744,85.212744,49.212744,213.29
950,505.184743,48.968761,84.968761,48.968761,205.46
951,505.326696,49.757709,85.757709,49.757709,205.73
952,501.510355,51.485576,87.485576,51.485576,195.6
953,513.21493,53.929805,89.929805,53.929805,216.57
954,548.310697,56.586682,92.586682,56.586682,239.89
955,515.797706,58.686354,94.686354,58.686354,219.16
956,502.204681,59.489153,95.489153,59.489153,198.163333
957,502.550489,58.686241,94.686241,58.686241,199.25
958,502.659588,56.585722,92.585722,56.585722,199.573333
959,503.896557,53.923412,89.923412,53.923412,202.763333
960,503.388194,51.451639,87.451639,51.451639,201.543333
961,503.922724,39.700303,75.700303,39.700303,202.823333
962,503.53491,38.683248,74.683248,38.683248,201.906667
963,503.55404,37.992151,73.992151,37.992151,201.953333
964,501.320023,38.040105,74.040105,38.040105,194.77
965,501.562729,39.197736,75.197736,39.197736,195.816667
966,501.085055,41.591741,77.591741,41.591741,193.633333
967,504.844544,44.823323,80.823323,44.823323,204.793333
968,512.195847,47.862574,83.862574,47.862574,215.46
969,501.552975,49.497395,85.497395,49.497395,195.776667
970,502.940855,49.186209,85.186209,49.186209,200.37
971,511.709903,47.482248,83.482248,47.482248,214.91
972,550.520047,45.536827,81.536827,45.536827,240.91
973,509.235511,44.26631,80.26631,44.26631,211.858333
974,502.063882,44.022327,80.022327,44.022327,197.69
975,503.335335,44.811275,80.811275,44.811275,201.41
976,502.40663,46.539142,82.539142,46.539142,198.81
977,505.481872,48.983371,84.983371,48.983371,206.02
978,507.743839,51.640248,87.640248,51.640248,209.76
979,506.165884,53.73992,89.73992,53.73992,207.24
980,501.326622,54.542719,90.542719,54.542719,194.8
981,501.165787,53.739807,89.739807,53.739807,194.04
982,505.143147,51.639289,87.639289,51.639289,205.38
983,503.664608,48.976978,84.976978,48.976978,202.22
984,505.606952,46.505205,82.505205,46.505205,206.25
985,505.112089,39.753116,75.753116,39.753116,205.32
986,502.283499,38.736061,74.736061,38.736061,198.42
987,501.355459,38.044964,74.044964,38.044964,194.93
988,500.957527,38.092918,74.092918,38.092918,192.95
989,500.897785,39.25055,75.25055,39.25055,192.61
990,501.51754,41.644554,77.644554,41.644554,195.63
991,502.087268,44.876136,80.876136,44.876136,197.77
992,507.710302,47.915387,83.915387,47.915387,209.71
993,521.369433,49.550208,85.550208,49.550208,223.95
994,534.714031,49.239022,85.239022,49.239022,232.85
995,507.858552,47.535061,83.535061,47.535061,209.93
996,502.000428,45.58964,81.58964,45.58964,197.47
997,513.739158,44.319123,80.319123,44.319123,217.12
998,511.814864,44.07514,80.07514,44.07514,215.03
999,510.18966,44.864088,80.864088,44.864088,213.09
1000,512.07986,46.591955,82.591955,46.591955,215.33
1001,511.622888,49.036184,85.036184,49.036184,214.81
1002,501.748463,51.693061,87.693061,51.693061,196.55
1003,502.56049,53.792733,89.792733,53.792733,199.28
1004,505.706087,54.595532,90.595532,54.595532,206.43
1005,501.47947,53.79262,89.79262,53.79262,195.47
1006,501.220728,51.692102,87.692102,51.692102,194.306667
1007,501.927043,49.029791,85.029791,49.029791,197.21
1008,502.690471,46.558018,82.558018,46.558018,199.663333
1009,501.828276,44.80516,80.80516,44.80516,196.85
1010,504.065649,43.788105,79.788105,43.788105,203.146667
1011,501.896516,43.097008,79.097008,43.097008,197.1
1012,503.581481,43.144962,79.144962,43.144962,202.02
1013,502.977429,44.302594,80.302594,44.302594,200.47
1014,503.213177,46.696598,82.696598,46.696598,201.096667
1015,501.689645,49.928181,85.928181,49.928181,196.323333
1016,500.958722,52.967431,88.967431,52.967431,192.956667
1017,501.279429,54.602252,90.602252,54.602252,194.583333
1018,507.917445,54.291066,90.291066,54.291066,210.016667
1019,500.767171,52.587105,88.587105,52.587105,191.813333
1020,501.15499,50.641684,86.641684,50.641684,193.986667
1021,500.943251,49.371167,85.371167,49.371167,192.87
1022,502.521735,49.127185,85.127185,49.127185,199.163333
1023,509.439616,49.916133,85.916133,49.916133,212.128333
1024,578.399308,51.643999,87.643999,51.643999,251.88
1025,544.786325,54.088228,90.088228,54.088228,238.2
1026,512.466188,56.745105,92.745105,56.745105,215.76
1027,502.040663,58.844777,94.844777,58.844777,197.61
1028,502.320951,59.647577,95.647577,59.647577,198.54
1029,501.147604,58.844665,94.844665,58.844665,193.95
1030,501.882741,56.744146,92.744146,56.744146,197.05
1031,502.09314,54.081836,90.081836,54.081836,197.79
1032,503.183725,51.610063,87.610063,51.610063,201.02
1033,501.481832,44.85642,80.85642,44.85642,195.48
1034,501.430428,43.839365,79.839365,43.839365,195.26
1035,502.696215,43.148268,79.148268,43.148268,199.68
1036,504.487011,43.196222,79.196222,43.196222,204.06
1037,502.125625,44.353854,80.353854,44.353854,197.9
1038,504.597285,46.747858,82.747858,46.747858,204.29
1039,506.857853,49.979441,85.979441,49.979441,208.39
1040,502.926305,53.018691,89.018691,53.018691,200.33
1041,503.479262,54.653512,90.653512,54.653512,201.77
1042,502.317815,54.342326,90.342326,54.342326,198.53
1043,532.142543,52.638365,88.638365,52.638365,231.33
1044,528.318027,50.692944,86.692944,50.692944,228.92
1045,504.193559,49.422427,85.422427,49.422427,203.43
1046,501.785429,49.178445,85.178445,49.178445,196.69
1047,502.51733,49.967393,85.967393,49.967393,199.15
1048,507.596964,51.695259,87.695259,51.695259,209.54
1049,515.977503,54.139488,90.139488,54.139488,219.33
1050,508.96897,56.796365,92.796365,56.796365,211.5
1051,503.260917,58.896037,94.896037,58.896037,201.22
1052,503.245385,59.698837,95.698837,59.698837,201.18
1053,500.84376,58.895925,94.895925,58.895925,192.29
1054,500.78866,56.795406,92.795406,56.795406,191.95
1055,501.289503,54.133096,90.133096,54.133096,194.63
1056,502.143478,51.661323,87.661323,51.661323,197.96
1057,501.766885,44.906881,80.906881,44.906881,196.62
1058,500.781806,43.889826,79.889826,43.889826,191.906667
1059,501.345062,43.198729,79.198729,43.198729,194.883333
1060,501.837284,43.246683,79.246683,43.246683,196.883333
1061,503.03035,44.404314,80.404314,44.404314,200.613333
1062,505.80259,46.798319,82.798319,46.798319,206.603333
1063,506.098266,50.029901,86.029901,50.029901,207.123333
1064,504.09552,53.069151,89.069151,53.069151,203.213333
1065,504.629565,54.703972,90.703972,54.703972,204.356667
1066,513.806804,54.392787,90.392787,54.392787,217.19
1067,524.663848,52.688825,88.688825,52.688825,226.416667
1068,530.274085,50.743405,86.743405,50.743405,230.176667
1069,503.569116,49.472888,85.472888,49.472888,201.99
1070,501.706812,49.228905,85.228905,49.228905,196.39
1071,502.494281,50.017853,86.017853,50.017853,199.08
1072,505.381666,51.74572,87.74572,51.74572,205.833333
1073,504.234715,54.189949,90.189949,54.189949,203.52
1074,505.902004,56.846826,92.846826,56.846826,206.78
1075,504.434868,58.946498,94.946498,58.946498,203.95
1076,501.375652,59.749297,95.749297,59.749297,195.02
1077,501.053654,58.946385,94.946385,58.946385,193.47
1078,500.71632,56.845866,92.845866,56.845866,191.48
1079,503.268701,54.183556,90.183556,54.183556,201.24
1080,502.099023,51.711783,87.711783,51.711783,197.81
1081,501.439689,44.956527,80.956527,44.956527,195.3
1082,501.240336,43.939472,79.939472,43.939472,194.4
1083,500.478429,43.248375,79.248375,43.248375,189.68
1084,500.948588,43.296329,79.296329,43.296329,192.9
1085,501.486562,44.453961,80.453961,44.453961,195.5
1086,501.19856,46.847965,82.847965,46.847965,194.2
1087,505.823135,50.079547,86.079547,50.079547,206.64
1088,500.14923,53.118798,89.118798,53.118798,185.76125
1089,501.426484,54.753619,90.753619,54.753619,195.242917
1090,504.09103,54.442433,90.442433,54.442433,203.203333
1091,533.086608,52.738472,88.738472,52.738472,231.896667
1092,559.512276,50.793051,86.793051,50.793051,244.793333
1093,518.787965,49.522534,85.522534,49.522534,221.843333
1094,504.469587,49.278551,85.278551,49.278551,204.023333
1095,502.534981,50.0675,86.0675,50.0675,199.203333
1096,501.649732,51.795366,87.795366,51.795366,196.166667
1097,510.852544,54.239595,90.239595,54.239595,213.903333
1098,512.774044,56.896472,92.896472,56.896472,216.096667
1099,508.893021,58.996144,94.996144,58.996144,211.396667
1100,509.964907,59.798943,95.798943,59.798943,212.806667
1101,502.896139,58.996031,94.996031,58.996031,200.246667
1102,501.238929,56.895513,92.895513,56.895513,194.393333
1103,501.348769,54.233202,90.233202,54.233202,194.9
1104,502.023358,51.761429,87.761429,51.761429,197.55
1105,502.868561,45.005344,81.005344,45.005344,200.17
1106,503.847432,43.988289,79.988289,43.988289,202.65
1107,500.853728,43.297192,79.297192,43.297192,192.35
1108,501.155663,43.345146,79.345146,43.345146,193.99
1109,501.125625,44.502778,80.502778,44.502778,193.84
1110,502.772761,46.896782,82.896782,46.896782,199.9
1111,502.984778,50.128365,86.128365,50.128365,200.49
1112,511.287435,53.167615,89.167615,53.167615,214.42
1113,502.583923,54.802436,90.802436,54.802436,199.35
1114,501.983339,54.49125,90.49125,54.49125,197.41
1115,507.537391,52.787289,88.787289,52.787289,209.45
1116,513.404068,50.841868,86.841868,50.841868,216.77
1117,502.99951,49.571351,85.571351,49.571351,200.53
1118,501.590576,49.327369,85.327369,49.327369,195.93
1119,501.266907,50.116317,86.116317,50.116317,194.525
1120,508.349241,51.844183,87.844183,51.844183,210.64
1121,512.703521,54.288412,90.288412,54.288412,216.02
1122,503.363021,56.945289,92.945289,56.945289,201.48
1123,503.991573,59.044961,95.044961,59.044961,202.98
1124,502.448585,59.847761,95.847761,59.847761,198.94
1125,504.449051,59.044849,95.044849,59.044849,203.98
1126,503.899459,56.94433,92.94433,56.94433,202.77
1127,505.941689,54.28202,90.28202,54.28202,206.85
1128,504.978874,51.810247,87.810247,51.810247,205.06
1129,502.191546,40.053318,76.053318,40.053318,198.12
1130,502.685882,39.036263,75.036263,39.036263,199.65
1131,502.167428,38.345166,74.345166,38.345166,198.04
1132,501.820193,38.39312,74.39312,38.39312,196.82
1133,502.149449,39.550751,75.550751,39.550751,197.98
1134,501.428119,41.944756,77.944756,41.944756,195.25
1135,503.141766,45.176338,81.176338,45.176338,200.91
1136,510.615891,48.215589,84.215589,48.215589,213.616667
1137,504.477502,49.85041,85.85041,49.85041,204.04
1138,522.607362,49.539224,85.539224,49.539224,224.903333
1139,514.217102,47.835263,83.835263,47.835263,217.61
1140,509.828968,45.889842,81.889842,45.889842,212.633333
1141,501.53761,44.619325,80.619325,44.619325,195.713333
1142,501.914054,44.375342,80.375342,44.375342,197.163333
1143,502.129584,45.16429,81.16429,45.16429,197.913333
1144,503.396168,46.892157,82.892157,46.892157,201.563333
1145,508.730264,49.336386,85.336386,49.336386,211.173333
1146,506.593668,51.993263,87.993263,51.993263,207.96
1147,502.793872,54.092935,90.092935,54.092935,199.96
1148,503.425508,54.895734,90.895734,54.895734,201.636667
1149,501.51994,54.092822,90.092822,54.092822,195.64
1150,501.418905,51.992304,87.992304,51.992304,195.21
1151,503.158253,49.329993,85.329993,49.329993,200.953333
1152,502.002333,46.85822,82.85822,46.85822,197.476667
1153,500.566139,40.100434,76.100434,40.100434,190.398333
1154,500.54726,39.083379,75.083379,39.083379,190.25
1155,501.098039,38.392282,74.392282,38.392282,193.7
1156,500.557391,38.440236,74.440236,38.440236,190.33
1157,501.11375,39.597867,75.597867,39.597867,193.78
1158,502.685882,41.991872,77.991872,41.991872,199.65
1159,502.984778,45.223454,81.223454,45.223454,200.49
1160,508.335161,48.262705,84.262705,48.262705,210.62
1161,503.838803,49.897525,85.897525,49.897525,202.63
1162,509.02805,49.58634,85.58634,49.58634,211.58
1163,504.968719,47.882378,83.882378,47.882378,205.04
1164,507.717002,45.936958,81.936958,45.936958,209.72
1165,501.074737,44.666441,80.666441,44.666441,193.58
1166,500.833865,44.422458,80.422458,44.422458,192.23
1167,502.948147,45.211406,81.211406,45.211406,200.39
1168,504.289985,46.939273,82.939273,46.939273,203.64
1169,504.387799,49.383502,85.383502,49.383502,203.85
1170,513.299832,52.040379,88.040379,52.040379,216.66
1171,509.312035,54.140051,90.140051,54.140051,211.96
1172,502.948147,54.94285,90.94285,54.94285,200.39
1173,502.197602,54.139938,90.139938,54.139938,198.14
1174,502.33352,52.03942,88.03942,52.03942,198.58
1175,513.139749,49.377109,85.377109,49.377109,216.49
1176,513.662105,46.905336,82.905336,46.905336,217.04
1177,502.448585,45.146678,81.146678,45.146678,198.94
1178,501.830975,44.129623,80.129623,44.129623,196.86
1179,500.997487,43.438526,79.438526,43.438526,193.17
1180,502.384228,43.48648,79.48648,43.48648,198.74
1181,500.837155,44.644112,80.644112,44.644112,192.25
1182,500.896064,47.038116,83.038116,47.038116,192.6
1183,504.193559,50.269699,86.269699,50.269699,203.43
1184,510.667891,53.308949,89.308949,53.308949,213.68
1185,504.35971,54.94377,90.94377,54.94377,203.79
1186,501.331033,54.632584,90.632584,54.632584,194.82
1187,501.531572,52.928623,88.928623,52.928623,195.688333
1188,512.764832,50.983202,86.983202,50.983202,216.086667
1189,502.54162,49.712685,85.712685,49.712685,199.223333
1190,501.237523,49.468702,85.468702,49.468702,194.386667
1191,503.499556,50.257651,86.257651,50.257651,201.82
1192,502.812723,51.985517,87.985517,51.985517,200.013333
1193,506.173641,54.429746,90.429746,54.429746,207.253333
1194,513.764903,57.086623,93.086623,57.086623,217.146667
1195,502.324089,59.186295,95.186295,59.186295,198.55
1196,502.923884,59.989094,95.989094,59.989094,200.323333
1197,503.551303,59.186182,95.186182,59.186182,201.946667
1198,502.921465,57.085664,93.085664,57.085664,200.316667
1199,504.058202,54.423354,90.423354,54.423354,203.13
1200,501.598825,51.95158,87.95158,51.95158,195.963333
1201,501.6204,45.192037,81.192037,45.192037,196.05
1202,502.632326,44.174982,80.174982,44.174982,199.493333
1203,502.047418,43.483885,79.483885,43.483885,197.633333
1204,501.250922,43.531839,79.531839,43.531839,194.45
1205,503.386866,44.68947,80.68947,44.68947,201.54
1206,503.702408,47.083475,83.083475,47.083475,202.31
1207,505.385225,50.315057,86.315057,50.315057,205.84
1208,504.434868,53.354308,89.354308,53.354308,203.95
1209,505.851226,54.989129,90.989129,54.989129,206.69
1210,507.953824,54.677943,90.677943,54.677943,210.07
1211,505.279109,52.973982,88.973982,52.973982,205.64
1212,518.086977,51.028561,87.028561,51.028561,221.24
1213,508.932169,49.758044,85.758044,49.758044,211.45
1214,508.153486,49.514061,85.514061,49.514061,210.36
1215,505.076005,50.303009,86.303009,50.303009,205.25
1216,502.448585,52.030876,88.030876,52.030876,198.94
1217,511.51038,54.475105,90.475105,54.475105,214.68
1218,518.352219,57.131982,93.131982,57.131982,221.47
1219,503.264807,59.231654,95.231654,59.231654,201.23
1220,504.631183,60.034453,96.034453,60.034453,204.36
1221,504.733823,59.231541,95.231541,59.231541,204.57
1222,505.817527,57.131023,93.131023,57.131023,206.63
1223,506.177522,54.468712,90.468712,54.468712,207.26
1224,503.402822,51.996939,87.996939,51.996939,201.58
1225,501.640477,45.236497,81.236497,45.236497,196.13
1226,501.983339,44.219442,80.219442,44.219442,197.41
1227,503.864725,43.528345,79.528345,43.528345,202.69
1228,503.528094,43.576299,79.576299,43.576299,201.89
1229,503.698196,44.733931,80.733931,44.733931,202.3
1230,501.95225,47.127935,83.127935,47.127935,197.3
1231,504.477502,50.359517,86.359517,50.359517,204.04
1232,515.755587,53.398768,89.398768,53.398768,219.12
1233,508.271987,55.033589,91.033589,55.033589,210.53
1234,505.284383,54.722403,90.722403,54.722403,205.65
1235,512.511609,53.018442,89.018442,53.018442,215.81
1236,512.520706,51.073021,87.073021,51.073021,215.82
1237,505.006869,49.802504,85.802504,49.802504,205.115
1238,503.82445,49.558521,85.558521,49.558521,202.596667
1239,506.689163,50.34747,86.34747,50.34747,208.116667
1240,507.098922,52.075336,88.075336,52.075336,208.773333
1241,507.403888,54.519565,90.519565,54.519565,209.246667
1242,508.26732,57.176442,93.176442,57.176442,210.523333
1243,512.814014,59.276114,95.276114,59.276114,216.14
1244,512.551059,60.078913,96.078913,60.078913,215.853333
1245,503.919812,59.276001,95.276001,59.276001,202.816667
1246,503.33665,57.175483,93.175483,57.175483,201.413333
1247,504.950134,54.513172,90.513172,54.513172,205.003333
1248,504.17535,52.041399,88.041399,52.041399,203.39
1249,503.753191,45.280045,81.280045,45.280045,202.43
1250,502.642528,44.26299,80.26299,44.26299,199.523333
1251,502.537193,43.571893,79.571893,43.571893,199.21
1252,504.173834,43.619847,79.619847,43.619847,203.386667
1253,508.718195,44.777479,80.777479,44.777479,211.156667
1254,505.406608,47.171483,83.171483,47.171483,205.88
1255,506.503049,50.403066,86.403066,50.403066,207.81
1256,506.37157,53.442316,89.442316,53.442316,207.59
1257,508.873487,55.077137,91.077137,55.077137,211.37
1258,508.497987,54.765951,90.765951,54.765951,210.85
1259,510.447319,53.06199,89.06199,53.06199,213.41
1260,513.566173,51.116569,87.116569,51.116569,216.94
1261,506.982972,49.846052,85.846052,49.846052,208.59
1262,503.903815,49.602069,85.602069,49.602069,202.78
1263,506.419184,50.391018,86.391018,50.391018,207.67
1264,507.192552,52.118884,88.118884,52.118884,208.92
1265,511.398563,54.563113,90.563113,54.563113,214.55
1266,535.218913,57.21999,93.21999,57.21999,233.14
1267,506.69733,59.319662,95.319662,59.319662,208.13
1268,505.689488,60.122461,96.122461,60.122461,206.4
1269,505.35325,59.31955,95.31955,59.31955,205.78
1270,507.383231,57.219031,93.219031,57.219031,209.215
1271,504.098515,54.556721,90.556721,54.556721,203.22
1272,505.242283,52.084948,88.084948,52.084948,205.57
1273,505.289661,45.322668,81.322668,45.322668,205.66
1274,504.35504,44.305614,80.305614,44.305614,203.78
1275,502.520633,43.614516,79.614516,43.614516,199.16
1276,504.234715,43.66247,79.66247,43.66247,203.52
1277,505.390565,44.820102,80.820102,44.820102,205.85
1278,510.941445,47.214107,83.214107,47.214107,214.01
1279,508.533648,50.445689,86.445689,50.445689,210.9
1280,523.269835,53.484939,89.484939,53.484939,225.4
1281,507.052397,55.11976,91.11976,55.11976,208.7
1282,505.034963,54.808574,90.808574,54.808574,205.17
1283,515.861017,53.104613,89.104613,53.104613,219.22
1284,524.738395,51.159192,87.159192,51.159192,226.47
1285,511.484515,49.888675,85.888675,49.888675,214.65
1286,503.402822,49.644693,85.644693,49.644693,201.58
1287,502.946931,50.433641,86.433641,50.433641,200.386667
1288,503.946077,52.161508,88.161508,52.161508,202.876667
1289,506.882763,54.605736,90.605736,54.605736,208.43
1290,508.698905,57.262613,93.262613,57.262613,211.13
1291,512.6974,59.362286,95.362286,59.362286,216.013333
1292,504.291526,60.165085,96.165085,60.165085,203.643333
1293,508.105005,59.362173,95.362173,59.362173,210.29
1294,509.696788,57.261654,93.261654,57.261654,212.463333
1295,507.552807,54.599344,90.599344,54.599344,209.473333
1296,506.603786,52.127571,88.127571,52.127571,207.976667
1297,504.808009,40.364354,76.364354,40.364354,204.72
1298,504.52996,39.347299,75.347299,39.347299,204.15
1299,503.811561,38.656202,74.656202,38.656202,202.566667
1300,502.122659,38.704156,74.704156,38.704156,197.89
1301,501.784543,39.861788,75.861788,39.861788,196.686667
1302,503.481964,42.255792,78.255792,42.255792,201.776667
1303,508.424587,45.487375,81.487375,45.487375,210.746667
1304,522.006706,48.526625,84.526625,48.526625,224.445
1305,505.47108,50.161446,86.161446,50.161446,206
1306,502.783304,49.85026,85.85026,49.85026,199.93
1307,507.703606,48.146299,84.146299,48.146299,209.7
1308,516.84096,46.200878,82.200878,46.200878,220.13
1309,514.948406,44.930361,80.930361,44.930361,218.34
1310,505.55235,44.686378,80.686378,44.686378,206.15
1311,509.709698,45.475327,81.475327,45.475327,212.48
1312,511.973416,47.203193,83.203193,47.203193,215.21
1313,541.837147,49.647422,85.647422,49.647422,236.72
1314,522.854928,52.304299,88.304299,52.304299,225.09
1315,506.995562,54.403971,90.403971,54.403971,208.61
1316,507.650168,55.20677,91.20677,55.20677,209.62
1317,504.262293,54.403858,90.403858,54.403858,203.58
1318,502.514029,52.30334,88.30334,52.30334,199.14
1319,503.973923,49.64103,85.64103,49.64103,202.94
1320,503.351138,47.169256,83.169256,47.169256,201.45
1321,508.409248,40.40509,76.40509,40.40509,210.725
1322,509.671004,39.388035,75.388035,39.388035,212.43
1323,505.998675,38.696938,74.696938,38.696938,206.95
1324,503.241509,38.744892,74.744892,38.744892,201.17
1325,503.812991,39.902523,75.902523,39.902523,202.57
1326,503.753191,42.296528,78.296528,42.296528,202.43
1327,506.425152,45.52811,81.52811,45.52811,207.68
1328,514.604915,48.567361,84.567361,48.567361,218
1329,505.122429,50.202182,86.202182,50.202182,205.34
1330,506.37157,49.890996,85.890996,49.890996,207.59
1331,521.204026,48.187035,84.187035,48.187035,223.82
1332,529.195031,46.241614,82.241614,46.241614,229.49
1333,513.642884,44.971097,80.971097,44.971097,217.02
1334,509.701951,44.727114,80.727114,44.727114,212.47
1335,510.173691,45.516062,81.516062,45.516062,213.07
1336,503.93439,47.243929,83.243929,47.243929,202.85
1337,507.777468,49.688158,85.688158,49.688158,209.81
1338,529.941456,52.345035,88.345035,52.345035,229.966667
1339,512.339563,54.444707,90.444707,54.444707,215.62
1340,507.532989,55.247506,91.247506,55.247506,209.443333
1341,516.044816,54.444594,90.444594,54.444594,219.393333
1342,511.05602,52.344076,88.344076,52.344076,214.146667
1343,515.822307,49.681765,85.681765,49.681765,219.183333
1344,506.11368,47.209992,83.209992,47.209992,207.15
1345,503.465774,45.444864,81.444864,45.444864,201.736667
1346,504.697819,44.427809,80.427809,44.427809,204.496667
1347,504.236244,43.736712,79.736712,43.736712,203.523333
1348,503.635376,43.784666,79.784666,43.784666,202.15
1349,503.629825,44.942297,80.942297,44.942297,202.136667
1350,505.317863,47.336302,83.336302,47.336302,205.713333
1351,506.943196,50.567884,86.567884,50.567884,208.526667
1352,535.003631,53.607135,89.607135,53.607135,233.016667
1353,507.403888,55.241956,91.241956,55.241956,209.246667
1354,504.938331,54.93077,90.93077,54.93077,204.98
1355,526.046811,53.226809,89.226809,53.226809,227.39
1356,556.909862,51.281388,87.281388,51.281388,243.71
1357,526.761154,50.010871,86.010871,50.010871,227.88
1358,503.172246,49.766888,85.766888,49.766888,200.99
1359,505.487274,50.555836,86.555836,50.555836,206.03
1360,510.824857,52.283703,88.283703,52.283703,213.87
1361,527.502709,54.727932,90.727932,54.727932,228.38
1362,536.313818,57.384809,93.384809,57.384809,233.76
1363,508.77865,59.484481,95.484481,59.484481,211.24
1364,510.35022,60.28728,96.28728,60.28728,213.29
1365,509.463739,59.484368,95.484368,59.484368,212.16
1366,506.857853,57.38385,93.38385,57.38385,208.39
1367,507.412595,54.721539,90.721539,54.721539,209.26
1368,504.37374,52.249766,88.249766,52.249766,203.82
1369,511.893973,45.483664,81.483664,45.483664,215.12
1370,513.432585,44.46661,80.46661,44.46661,216.8
1371,506.870301,43.775512,79.775512,43.775512,208.41
1372,514.907733,43.823466,79.823466,43.823466,218.3
1373,508.924821,44.981098,80.981098,44.981098,211.44
1374,505.924661,47.375102,83.375102,47.375102,206.82
1375,516.009366,50.606685,86.606685,50.606685,219.36
1376,565.455983,53.645935,89.645935,53.645935,247.16
1377,515.369349,55.280756,91.280756,55.280756,218.75
1378,508.764117,54.96957,90.96957,54.96957,211.22
1379,505.958749,53.265609,89.265609,53.265609,206.88
1380,520.875645,51.320188,87.320188,51.320188,223.56
1381,503.141766,50.049671,86.049671,50.049671,200.91
1382,505.210848,49.805689,85.805689,49.805689,205.51
1383,506.044512,50.594637,86.594637,50.594637,207.03
1384,506.982972,52.322504,88.322504,52.322504,208.59
1385,513.149132,54.766732,90.766732,54.766732,216.5
1386,523.635057,57.423609,93.423609,57.423609,225.67
1387,512.832489,59.523281,95.523281,59.523281,216.16
1388,510.63503,60.326081,96.326081,60.326081,213.64
1389,513.052382,59.523169,95.523169,59.523169,216.396667
1390,507.605815,57.42265,93.42265,57.42265,209.553333
1391,508.004018,54.76034,90.76034,54.76034,210.143333
1392,507.931075,52.288567,88.288567,52.288567,210.036667
1393,507.643504,45.521479,81.521479,45.521479,209.61
1394,506.481018,44.504425,80.504425,44.504425,207.773333
1395,508.059003,43.813327,79.813327,43.813327,210.223333
1396,511.753565,43.861281,79.861281,43.861281,214.96
1397,512.457116,45.018913,81.018913,45.018913,215.75
1398,506.575481,47.412918,83.412918,47.412918,207.93
1399,508.893021,50.6445,86.6445,50.6445,211.396667
1400,529.66342,53.68375,89.68375,53.68375,229.79
1401,508.77865,55.318571,91.318571,55.318571,211.24
1402,510.824857,55.007385,91.007385,55.007385,213.87
1403,522.766316,53.303424,89.303424,53.303424,225.023333
1404,563.936476,51.358003,87.358003,51.358003,246.568333
1405,531.258913,50.087486,86.087486,50.087486,230.79
1406,510.51237,49.843504,85.843504,49.843504,213.49
1407,507.147768,50.632452,86.632452,50.632452,208.85
1408,507.899294,52.360319,88.360319,52.360319,209.99
1409,515.193915,54.804547,90.804547,54.804547,218.58
1410,517.710663,57.461424,93.461424,57.461424,220.91
1411,505.444158,59.561097,95.561097,59.561097,205.95
1412,505.055458,60.363896,96.363896,60.363896,205.21
1413,508.569403,59.560984,95.560984,59.560984,210.95
1414,508.691678,57.460465,93.460465,57.460465,211.12
1415,510.908054,54.798155,90.798155,54.798155,213.97
1416,510.221645,52.326382,88.326382,52.326382,213.13
1417,510.594043,45.558298,81.558298,45.558298,215.12
1418,505.143147,44.541243,80.541243,44.541243,216.8
1419,505.476475,43.850146,79.850146,43.850146,208.41
1420,503.830187,43.8981,79.8981,43.8981,218.3
1421,505.601476,45.055732,81.055732,45.055732,211.44
1422,509.334692,47.449736,83.449736,47.449736,206.82
1423,509.975412,50.681319,86.681319,50.681319,219.36
1424,520.600308,53.720569,89.720569,53.720569,247.16
1425,512.666824,55.35539,91.35539,55.35539,218.75
1426,511.313019,55.044204,91.044204,55.044204,211.22
1427,510.414889,53.340243,89.340243,53.340243,206.88
1428,510.874727,51.394822,87.394822,51.394822,223.56
1429,509.013257,50.124305,86.124305,50.124305,200.91
1430,511.867566,49.880322,85.880322,49.880322,205.51
1431,512.888013,50.669271,86.669271,50.669271,207.03
1432,507.135005,52.397137,88.397137,52.397137,208.59
1433,508.105005,54.841366,90.841366,54.841366,216.5
1434,523.014978,57.498243,93.498243,57.498243,225.67
1435,510.455437,59.597915,95.597915,59.597915,216.16
1436,507.360443,60.400714,96.400714,60.400714,213.64
1437,506.277013,59.597802,95.597802,59.597802,216.396667
1438,506.803047,57.497284,93.497284,57.497284,209.553333
1439,506.405274,54.834974,90.834974,54.834974,210.143333
1440,511.861703,52.363201,88.363201,52.363201,210.036667
1441,509.154409,45.59411,81.59411,45.59411,213.59
1442,508.944426,44.577055,80.577055,44.577055,205.38
1443,524.887916,43.885958,79.885958,43.885958,206.01
1444,525.127392,43.933911,79.933911,43.933911,202.61
1445,514.471587,45.091543,81.091543,45.091543,206.24
1446,504.000416,47.485548,83.485548,47.485548,211.99
1447,511.985213,50.71713,86.71713,50.71713,212.82
1448,525.586874,53.75638,89.75638,53.75638,223.34
1449,509.07747,55.391201,91.391201,55.391201,215.98
1450,514.478235,55.080016,91.080016,55.080016,214.45
1451,523.023891,53.376054,89.376054,53.376054,213.37
1452,536.731376,51.430633,87.430633,51.430633,213.93
1453,508.144238,50.160116,86.160116,50.160116,211.56
1454,508.691678,49.916134,85.916134,49.916134,215.09
1455,504.346485,50.705082,86.705082,50.705082,216.22
1456,508.237022,52.432949,88.432949,52.432949,208.83
1457,516.961937,54.877178,90.877178,54.877178,210.29
1458,519.81241,57.534055,93.534055,57.534055,225.21
1459,513.855251,59.633727,95.633727,59.633727,213.42
1460,518.28279,60.436526,96.436526,60.436526,209.18
1461,508.785922,59.633614,95.633614,59.633614,207.43
1462,505.143147,57.533095,93.533095,57.533095,208.301667
1463,509.005866,54.870785,90.870785,54.870785,207.646667
1464,507.892495,52.399012,88.399012,52.399012,215.083333
1465,504.768352,40.628903,76.628903,40.628903,211.75
1466,506.533167,39.611848,75.611848,39.611848,211.466667
1467,507.45842,38.920751,74.920751,38.920751,226.576667
1468,507.838231,38.968705,74.968705,38.968705,226.746667
1469,508.983717,40.126337,76.126337,40.126337,217.866667
1470,505.890696,42.520341,78.520341,42.520341,203
1471,520.401512,45.751924,81.751924,45.751924,215.223333
1472,542.997629,48.791174,84.791174,48.791174,227.07
1473,511.092505,50.425995,86.425995,50.425995,211.646667
1474,505.536036,50.114809,86.114809,50.114809,217.873333
1475,518.573176,48.410848,84.410848,48.410848,225.216667
1476,518.831111,46.465427,82.465427,46.465427,233.993333
1477,518.456675,45.19491,81.19491,45.19491,210.346667
1478,525.132102,44.950927,80.950927,44.950927,211.12
1479,533.463434,45.739876,81.739876,45.739876,203.761667
1480,505.71717,47.467742,83.467742,47.467742,210.48
1481,519.934241,49.911971,85.911971,49.911971,220.24
1482,525.672718,52.568848,88.568848,52.568848,222.7
1483,513.375589,54.66852,90.66852,54.66852,217.24
1484,509.771811,55.471319,91.471319,55.471319,221.41
1485,518.972752,54.668408,90.668408,54.668408,211.25
1486,509.176823,52.567889,88.567889,52.567889,205.38
1487,513.855251,49.905579,85.905579,49.905579,211.55
1488,508.219574,47.433806,83.433806,47.433806,209.98
1489,506.652488,40.662669,76.662669,40.662669,204.64
1490,508.737511,39.645614,75.645614,39.645614,207.86
1491,504.389363,38.954517,74.954517,38.954517,209.33
1492,513.988222,39.00247,75.00247,39.00247,209.9
1493,516.208525,40.160102,76.160102,40.160102,211.52
1494,511.501755,42.554107,78.554107,42.554107,206.76
1495,511.932181,45.785689,81.785689,45.785689,223.18
1496,535.253902,48.824939,84.824939,48.824939,237.31
1497,514.253282,50.45976,86.45976,50.45976,214.19
1498,515.896259,50.148575,86.148575,50.148575,206.12
1499,517.046579,48.444613,84.444613,48.444613,221.66
1500,524.279413,46.499192,82.499192,46.499192,221.88
1501,510.830391,45.228675,81.228675,45.228675,221.56
1502,509.032984,44.984693,80.984693,44.984693,226.75
1503,506.073272,45.773641,81.773641,45.773641,232.12
1504,506.263298,47.501508,83.501508,47.501508,206.45
1505,528.011779,49.945737,85.945737,49.945737,222.8
1506,565.611334,52.602614,88.602614,52.602614,227.13
1507,557.647051,54.702286,90.702286,54.702286,216.74
1508,519.067552,55.505085,91.505085,55.505085,212.56
1509,505.476475,54.702173,90.702173,54.702173,222
1510,512.575375,52.601654,88.601654,52.601654,211.78
1511,514.011004,49.939344,85.939344,49.939344,217.24
1512,508.742345,47.467571,83.467571,47.467571,210.455
1513,507.37346,45.695396,81.695396,45.695396,208.056667
1514,512.630194,44.678341,80.678341,44.678341,211.183333
1515,507.656835,43.987244,79.987244,43.987244,203.853333
1516,511.718628,44.035197,80.035197,44.035197,217.376667
1517,518.398598,45.192829,81.192829,45.192829,219.546667
1518,509.517202,47.586834,83.586834,47.586834,214.67
1519,510.791691,50.818416,86.818416,50.818416,215.163333
1520,548.396164,53.857666,89.857666,53.857666,233.16
1521,510.916396,55.492487,91.492487,55.492487,217.646667
1522,506.497036,55.181302,91.181302,55.181302,219.253333
1523,520.105598,53.47734,89.47734,53.47734,220.316667
1524,521.651205,51.53192,87.53192,51.53192,226.14
1525,505.519751,50.261403,86.261403,50.261403,213.876667
1526,507.198964,50.01742,86.01742,50.01742,211.586667
1527,513.835859,50.806368,86.806368,50.806368,207.08
1528,509.161876,52.534235,88.534235,52.534235,207.406667
1529,518.43343,54.978464,90.978464,54.978464,228.718333
1530,510.261716,57.635341,93.635341,57.635341,247.22
1531,507.750557,59.735013,95.735013,59.735013,244.02
1532,516.137218,60.537812,96.537812,60.537812,222.08
1533,504.453785,59.7349,95.7349,59.7349,206.01
1534,508.684455,57.634381,93.634381,57.634381,215.88
1535,519.666835,54.972071,90.972071,54.972071,217.4
1536,525.859337,52.500298,88.500298,52.500298,211.19
1537,526.191604,45.727075,81.727075,45.727075,209.2
1538,504.657115,44.71002,80.71002,44.71002,215.94
1539,504.297697,44.018923,80.018923,44.018923,209.63
1540,504.436442,44.066877,80.066877,44.066877,214.92
1541,511.028005,45.224509,81.224509,45.224509,221.51
1542,510.766859,47.618513,83.618513,47.618513,212.23
1543,508.662809,50.850096,86.850096,50.850096,213.83
1544,514.941622,53.889346,89.889346,53.889346,239.93
1545,511.576648,55.524167,91.524167,55.524167,213.98
1546,514.069695,55.212981,91.212981,55.212981,207.8
1547,509.030516,53.50902,89.50902,53.50902,222.94
1548,508.469527,51.563599,87.563599,51.563599,224.17
1549,508.875927,50.293082,86.293082,50.293082,206.09
1550,505.462097,50.049099,86.049099,50.049099,208.93
1551,503.2299,50.838048,86.838048,50.838048,217.22
1552,511.165705,52.565914,88.565914,52.565914,211.76
1553,515.441957,55.010143,91.010143,55.010143,221.54
1554,523.233958,57.66702,93.66702,57.66702,213.18
1555,518.776209,59.766692,95.766692,59.766692,209.77
1556,513.903806,60.569491,96.569491,60.569491,219.48
1557,505.508912,59.766579,95.766579,59.766579,203.99
1558,507.790945,57.666061,93.666061,57.666061,211.11
1559,510.891382,55.003751,91.003751,55.003751,222.58
1560,510.070278,52.531978,88.531978,52.531978,227.26
1561,508.735096,45.757697,81.757697,45.757697,227.49
1562,507.851775,44.740642,80.740642,44.740642,204.413333
1563,508.888135,44.049545,80.049545,44.049545,203.656667
1564,506.758786,44.097499,80.097499,44.097499,203.953333
1565,506.563374,45.255131,81.255131,45.255131,214.113333
1566,505.601476,47.649135,83.649135,47.649135,213.8
1567,508.946878,50.880718,86.880718,50.880718,211.08
1568,525.945757,53.919968,89.919968,53.919968,218.333333
1569,524.78039,55.554789,91.554789,55.554789,214.756667
1570,507.656835,55.243603,91.243603,55.243603,217.46
1571,507.811188,53.539642,89.539642,53.539642,211.583333
1572,537.767181,51.594221,87.594221,51.594221,210.81
1573,512.639345,50.323704,86.323704,50.323704,211.373333
1574,506.989265,50.079722,86.079722,50.079722,205.983333
1575,507.743839,50.86867,86.86867,50.86867,201.14
1576,508.888135,52.596536,88.596536,52.596536,214.276667
1577,508.216088,55.040765,91.040765,55.040765,218.82
1578,526.148113,57.697642,93.697642,57.697642,225.373333
1579,548.588815,59.797314,95.797314,59.797314,221.833333
1580,536.77929,60.600114,96.600114,60.600114,217.29
1581,520.056544,59.797202,95.797202,59.797202,206.07
1582,510.65967,57.696683,93.696683,57.696683,209.83
1583,509.364955,55.034373,91.034373,55.034373,213.95
1584,518.248138,52.5626,88.5626,52.5626,212.94
1585,507.432212,45.787253,81.787253,45.787253,211.18
1586,508.547939,44.770198,80.770198,44.770198,209.92
1587,504.439593,44.079101,80.079101,44.079101,211.39
1588,502.464844,44.127055,80.127055,44.127055,208.23
1589,504.685584,45.284687,81.284687,45.284687,207.91
1590,504.66849,47.678691,83.678691,47.678691,206.24
1591,530.173523,50.910273,86.910273,50.910273,211.47
1592,538.22896,53.949524,89.949524,53.949524,227.32
1593,507.849517,55.584345,91.584345,55.584345,226.5
1594,517.417686,55.273159,91.273159,55.273159,209.63
1595,532.412885,53.569198,89.569198,53.569198,209.86
1596,521.99155,51.623777,87.623777,51.623777,234.565
1597,516.837303,50.35326,86.35326,50.35326,215.95
1598,505.761637,50.109277,86.109277,50.109277,208.6
1599,512.07393,50.898225,86.898225,50.898225,209.76
1600,513.489735,52.626092,88.626092,52.626092,211.39
1601,522.589744,55.070321,91.070321,55.070321,210.45
1602,529.527623,57.727198,93.727198,57.727198,227.46
1603,510.947017,59.82687,95.82687,59.82687,240.02
1604,511.596863,60.629669,96.629669,60.629669,234.02
1605,505.827811,59.826757,95.826757,59.826757,222.9
1606,508.328127,57.726239,93.726239,57.726239,213.67
1607,510.309932,55.063928,91.063928,55.063928,212.03
1608,521.548473,52.592155,88.592155,52.592155,221.38
1609,523.055101,45.815734,81.815734,45.815734,209.29
1610,506.102118,44.798679,80.798679,44.798679,210.92
1611,506.449057,44.107582,80.107582,44.107582,203.96
1612,504.582805,44.155535,80.155535,44.155535,198.99
1613,510.342155,45.313167,81.313167,45.313167,204.471667
1614,530.247601,47.707172,83.707172,47.707172,204.436667
1615,542.779745,50.938754,86.938754,50.938754,230.113333
1616,542.208672,53.978004,89.978004,53.978004,234.816667
1617,514.856991,55.612825,91.612825,55.612825,209.916667
1618,514.306012,55.30164,91.30164,55.30164,220.65
1619,518.398598,53.597678,89.597678,53.597678,231.493333
1620,543.655483,51.652258,87.652258,51.652258,224.433333
1621,518.213528,50.38174,86.38174,50.38174,220.126667
1622,507.616888,50.137758,86.137758,50.137758,206.53
1623,511.51901,50.926706,86.926706,50.926706,215.323333
1624,511.008421,52.654573,88.654573,52.654573,216.86
1625,527.562587,55.098802,91.098802,55.098802,224.89
1626,551.093228,57.755679,93.755679,57.755679,229.703333
1627,521.242125,59.855351,95.855351,59.855351,214.016667
1628,510.35829,60.65815,96.65815,60.65815,214.78
1629,510.022774,59.855238,95.855238,59.855238,206.648333
1630,520.451097,57.754719,93.754719,57.754719,210.61
1631,517.339334,55.092409,91.092409,55.092409,213.24
1632,514.197391,52.620636,88.620636,52.620636,224.09
1633,517.575059,40.843131,76.843131,40.843131,225.24
1634,519.558098,39.826076,75.826076,39.826076,207.13
1635,524.836453,39.134979,75.134979,39.134979,207.72
1636,526.761154,39.182933,75.182933,39.182933,204.26
1637,509.624699,40.340564,76.340564,40.340564,213.28
1638,508.562245,42.734569,78.734569,42.734569,230.16
1639,518.165526,45.966151,81.966151,45.966151,237.2
1640,547.08212,49.005402,85.005402,49.005402,236.91
1641,514.97556,50.640223,86.640223,50.640223,218.25
1642,509.390222,50.329037,86.329037,50.329037,217.7
1643,513.681342,48.625076,84.625076,48.625076,221.51
1644,523.743962,46.679655,82.679655,46.679655,237.64
1645,508.40571,45.409138,81.409138,45.409138,221.35
1646,512.669879,45.165155,81.165155,45.165155,209.57
1647,513.451618,45.954103,81.954103,45.954103,214.69
1648,527.697615,47.68197,83.68197,47.68197,214.09
1649,555.920633,50.126199,86.126199,50.126199,228.42
1650,545.017412,52.783076,88.783076,52.783076,241.17
1651,511.103747,54.882748,90.882748,54.882748,223.85
1652,509.164366,55.685547,91.685547,55.685547,213.3
1653,512.261584,54.882635,90.882635,54.882635,212.88
1654,512.578416,52.782117,88.782117,52.782117,223.22
1655,513.06484,50.119806,86.119806,50.119806,220.58
1656,513.150697,47.648033,83.648033,47.648033,217.59
1657,508.576565,40.869437,76.869437,40.869437,220.79
1658,532.7403,39.852382,75.852382,39.852382,222.49
1659,555.12784,39.161285,75.161285,39.161285,226.54
1660,531.682422,39.209238,75.209238,39.209238,227.88
1661,510.293844,40.36687,76.36687,40.36687,212.37
1662,511.100936,42.760875,78.760875,42.760875,210.94
1663,518.937279,45.992457,81.992457,45.992457,221.308333
1664,554.319186,49.031707,85.031707,49.031707,239.31
1665,511.25338,50.666528,86.666528,50.666528,218.366667
1666,509.486629,50.355343,86.355343,50.355343,212.063333
1667,542.091124,48.651381,84.651381,48.651381,217.06
1668,533.650027,46.70596,82.70596,46.70596,225.75
1669,507.730413,45.435443,81.435443,45.435443,210.72
1670,509.678735,45.191461,81.191461,45.191461,215.983333
1671,511.202419,45.980409,81.980409,45.980409,216.82
1672,519.564129,47.708276,83.708276,47.708276,228.51
1673,566.810106,50.152504,86.152504,50.152504,243.29
1674,555.897214,52.809381,88.809381,52.809381,238.313333
1675,512.823249,54.909054,90.909054,54.909054,214.203333
1676,519.739537,55.711853,91.711853,55.711853,211.763333
1677,514.355558,54.908941,90.908941,54.908941,215.533333
1678,526.658357,52.808422,88.808422,52.808422,215.883333
1679,520.775255,50.146112,86.146112,50.146112,216.41
1680,530.887268,47.674339,83.674339,47.674339,216.501667
1681,523.907913,45.894643,81.894643,45.894643,210.96
1682,513.083542,44.877588,80.877588,44.877588,231.69
1683,512.593631,44.186491,80.186491,44.186491,242.95
1684,512.312535,44.234444,80.234444,44.234444,231.05
1685,516.384066,45.392076,81.392076,45.392076,213.22
1686,521.280267,47.786081,83.786081,47.786081,214.2
1687,519.61846,51.017663,87.017663,51.017663,221.97
1688,526.090195,54.056913,90.056913,54.056913,242.6
1689,523.014978,55.691734,91.691734,55.691734,214.38
1690,603.015115,55.380549,91.380549,55.380549,212.19
1691,646.022244,53.676587,89.676587,53.676587,236.85
1692,545.119601,51.731166,87.731166,51.731166,232.23
1693,516.326615,50.460649,86.460649,50.460649,209.74
1694,526.869114,50.216667,86.216667,50.216667,212.44
1695,522.96155,51.005615,87.005615,51.005615,214.32
1696,532.529184,52.733482,88.733482,52.733482,222.495
1697,584.872607,55.177711,91.177711,55.177711,247.68
1698,570.960097,57.834588,93.834588,57.834588,243.28
1699,511.753565,59.93426,95.93426,59.93426,216.15
1700,513.556603,60.737059,96.737059,60.737059,222.64
1701,512.405788,59.934147,95.934147,59.934147,217.75
1702,514.961979,57.833628,93.833628,57.833628,227.81
1703,521.233655,55.171318,91.171318,55.171318,223.48
1704,512.02065,52.699545,88.699545,52.699545,230.56
1705,512.47829,45.918742,81.918742,45.918742,225.87
1706,509.265571,44.901687,80.901687,44.901687,216.43
1707,512.124387,44.21059,80.21059,44.21059,215.9
1708,510.833159,44.258544,80.258544,44.258544,215.59
1709,509.334692,45.416175,81.416175,45.416175,219.71
1710,521.305719,47.81018,83.81018,47.81018,223.88
1711,518.772292,51.041762,87.041762,51.041762,222.54
1712,523.216034,54.081013,90.081013,54.081013,227.42
1713,522.247923,55.715834,91.715834,55.715834,225.21
1714,511.893973,55.404648,91.404648,55.404648,259.646667
1715,509.005866,53.700687,89.700687,53.700687,270.776667
1716,511.176994,51.755266,87.755266,51.755266,238.363333
1717,508.377446,50.484749,86.484749,50.484749,219.656667
1718,505.947373,50.240766,86.240766,50.240766,227.953333
1719,507.020786,51.029714,87.029714,51.029714,225.17
1720,510.022774,52.757581,88.757581,52.757581,231.563333
1721,513.537477,55.20181,91.20181,55.20181,254.056667
1722,520.413901,57.858687,93.858687,57.858687,249.233333
1723,523.222755,59.958359,95.958359,59.958359,214.96
1724,549.950946,60.761158,96.761158,60.761158,216.93
1725,535.096623,59.958246,95.958246,59.958246,215.693333
1726,518.619906,57.857728,93.857728,57.857728,218.353333
1727,510.933091,55.195417,91.195417,55.195417,223.843333
1728,511.771058,52.723644,88.723644,52.723644,215.263333
1729,511.736088,45.941727,81.941727,45.941727,215.773333
1730,510.991653,44.924673,80.924673,44.924673,211.898333
1731,508.056707,44.233575,80.233575,44.233575,215.38
1732,510.165712,44.281529,80.281529,44.281529,213.88
1733,508.300027,45.439161,81.439161,45.439161,211.99
1734,510.51237,47.833165,83.833165,47.833165,223.9
1735,555.73345,51.064748,87.064748,51.064748,221.83
1736,550.103765,54.103998,90.103998,54.103998,225.36
1737,536.653602,55.738819,91.738819,55.738819,224.63
1738,518.831111,55.427633,91.427633,55.427633,215.12
1739,525.701373,53.723672,89.723672,53.723672,211.55
1740,524.01761,51.778251,87.778251,51.778251,214.29
1741,521.634062,50.507734,86.507734,50.507734,210.68
1742,508.593292,50.263752,86.263752,50.263752,206.86
1743,508.227714,51.0527,87.0527,51.0527,208.65
1744,508.21144,52.780567,88.780567,52.780567,212.88
1745,529.355833,55.224795,91.224795,55.224795,216.91
1746,516.162152,57.881672,93.881672,57.881672,223.19
1747,506.891078,59.981344,95.981344,59.981344,225.365
1748,511.089696,60.784144,96.784144,60.784144,240.65
1749,515.636636,59.981232,95.981232,59.981232,233.07
1750,530.603705,57.880713,93.880713,57.880713,221.7
1751,545.956189,55.218403,91.218403,55.218403,214
1752,525.989035,52.74663,88.74663,52.74663,214.98
1753,510.267066,45.963592,81.963592,45.963592,214.94
1754,511.450086,44.946537,80.946537,44.946537,214.07
1755,512.342568,44.25544,80.25544,44.25544,210.22
1756,508.110767,44.303393,80.303393,44.303393,213.06
1757,510.610426,45.461025,81.461025,45.461025,210.57
1758,516.126539,47.85503,83.85503,47.85503,213.49
1759,508.983717,51.086612,87.086612,51.086612,243.21
1760,524.224147,54.125862,90.125862,54.125862,240.72
1761,509.740723,55.760683,91.760683,55.760683,233.95
1762,520.800324,55.449498,91.449498,55.449498,221.88
1763,551.938317,53.745536,89.745536,53.745536,227.15
1764,548.588815,51.800116,87.800116,51.800116,225.95
1765,517.361697,50.529599,86.529599,50.529599,224.156667
1766,508.749598,50.285616,86.285616,50.285616,210.983333
1767,518.514867,51.074564,87.074564,51.074564,210.466667
1768,506.752624,52.802431,88.802431,52.802431,210.443333
1769,508.540791,55.24666,91.24666,55.24666,229.593333
1770,556.225652,57.903537,93.903537,57.903537,219.503333
1771,525.019213,60.003209,96.003209,60.003209,208.443333
1772,514.197391,60.806008,96.806008,60.806008,214.186667
1773,511.223635,60.003096,96.003096,60.003096,219.006667
1774,519.198389,57.902577,93.902577,57.902577,230.383333
1775,515.101553,55.240267,91.240267,55.240267,238.77
1776,514.059902,52.768494,88.768494,52.768494,227.35
1777,515.882156,45.984329,81.984329,45.984329,213.186667
1778,522.104297,44.967274,80.967274,44.967274,214.61
1779,513.027487,44.276177,80.276177,44.276177,215.623333
1780,512.611904,44.324131,80.324131,44.324131,210.298333
1781,521.242125,45.481763,81.481763,45.481763,213.61
1782,519.389709,47.875767,83.875767,47.875767,219.47
1783,514.484885,51.107349,87.107349,51.107349,211.52
1784,542.346074,54.1466,90.1466,54.1466,226.1
1785,523.962722,55.781421,91.781421,55.781421,212.52
1786,530.566377,55.470235,91.470235,55.470235,223.5
1787,513.884371,53.766274,89.766274,53.766274,241.55
1788,554.526404,51.820853,87.820853,51.820853,240.02
1789,536.29599,50.550336,86.550336,50.550336,220.6
1790,518.28279,50.306353,86.306353,50.306353,211.2
1791,508.626808,51.095302,87.095302,51.095302,221.61
1792,515.026558,52.823168,88.823168,52.823168,208.22
1793,563.643749,55.267397,91.267397,55.267397,210.91
1794,556.870397,57.924274,93.924274,57.924274,243.42
1795,511.078463,60.023946,96.023946,60.023946,226.67
1796,512.16604,60.826745,96.826745,60.826745,217.59
1797,515.963355,60.023833,96.023833,60.023833,214.345
1798,520.509043,57.923315,93.923315,57.923315,222.19
1799,523.341693,55.261004,91.261004,55.261004,218.49
1800,520.224457,52.789231,88.789231,52.789231,217.45
1801,549.980031,41.003933,77.003933,41.003933,219.24
1802,535.30059,39.986878,75.986878,39.986878,224.52
1803,537.8739,39.295781,75.295781,39.295781,216.37
1804,528.024393,39.343735,75.343735,39.343735,215.92
1805,512.617999,40.501366,76.501366,40.501366,223.85
1806,511.676499,42.895371,78.895371,42.895371,222.35
1807,530.582371,46.126953,82.126953,46.126953,217.88
1808,541.061757,49.166204,85.166204,49.166204,236.98
1809,519.413708,50.801024,86.801024,50.801024,225.91
1810,520.662682,50.489839,86.489839,50.489839,230.36
1811,533.888458,48.785878,84.785878,48.785878,217.27
1812,563.305418,46.840457,82.840457,46.840457,242.69
1813,524.417925,45.56994,81.56994,45.56994,233.75
1814,557.575448,45.325957,81.325957,45.325957,221.41
1815,589.345351,46.114905,82.114905,46.114905,211.03
1816,567.810762,47.842772,83.842772,47.842772,218.416667
1817,537.904426,50.287001,86.287001,50.287001,246.453333
1818,596.941251,52.943878,88.943878,52.943878,243.693333
1819,528.746724,55.04355,91.04355,55.04355,214.173333
1820,522.326513,55.846349,91.846349,55.846349,215.426667
1821,518.701863,55.043437,91.043437,55.043437,219.316667
1822,521.586961,52.942919,88.942919,52.942919,223.266667
1823,524.584797,50.280608,86.280608,50.280608,225.453333
1824,525.174518,47.808835,83.808835,47.808835,223.036667
1825,521.535653,41.022398,77.022398,41.022398,240.663333
1826,530.327097,40.005343,76.005343,40.005343,233.186667
1827,533.97387,39.314246,75.314246,39.314246,234.623333
1828,525.931341,39.362199,75.362199,39.362199,228.726667
1829,520.938544,40.519831,76.519831,40.519831,215.926667
1830,531.177882,42.913836,78.913836,42.913836,214.871667
1831,524.878554,46.145418,82.145418,46.145418,230.37
1832,553.677689,49.184668,85.184668,49.184668,236.32
1833,532.357597,50.819489,86.819489,50.819489,222.37
1834,525.945757,50.508304,86.508304,50.508304,223.39
1835,561.473192,48.804342,84.804342,48.804342,232.37
1836,553.540851,46.858921,82.858921,46.858921,246.32
1837,530.550388,45.588404,81.588404,45.588404,226.24
1838,521.780055,45.344422,81.344422,45.344422,243.99
1839,513.87466,46.13337,82.13337,46.13337,255.5
1840,522.019703,47.861237,83.861237,47.861237,248.06
1841,604.874807,50.305465,86.305465,50.305465,234.64
1842,655.920127,52.962342,88.962342,52.962342,257.85
1843,554.196625,55.062015,91.062015,55.062015,229.2
1844,543.755709,55.864814,91.864814,55.864814,224.69
1845,544.050544,55.061902,91.061902,55.061902,221.77
1846,615.032388,52.961383,88.961383,52.961383,224.12
1847,618.199845,50.299073,86.299073,50.299073,226.36
1848,612.817006,47.8273,83.8273,47.8273,226.78
1849,558.591053,46.039717,82.039717,46.039717,224.08
1850,557.85422,45.022663,81.022663,45.022663,230.21
1851,563.09454,44.331566,80.331566,44.331566,232.42
1852,555.430122,44.379519,80.379519,44.379519,227.31
1853,558.342114,45.537151,81.537151,45.537151,223.61
1854,568.004952,47.931156,83.931156,47.931156,230.74
1855,566.853799,51.162738,87.162738,51.162738,226.57
1856,628.995288,54.201988,90.201988,54.201988,242.32
1857,555.232358,55.836809,91.836809,55.836809,231.46
1858,539.350488,55.525623,91.525623,55.525623,227.32
1859,565.870771,53.821662,89.821662,53.821662,245.59
1860,556.037824,51.876241,87.876241,51.876241,242.26
1861,538.678824,50.605724,86.605724,50.605724,230.35
1862,525.989035,50.361742,86.361742,50.361742,224.27
1863,517.6767,51.15069,87.15069,51.15069,217.26
1864,545.976884,52.878557,88.878557,52.878557,224.455
1865,572.568774,55.322785,91.322785,55.322785,260.183333
1866,555.058231,57.979662,93.979662,57.979662,273.033333
1867,537.067598,60.079335,96.079335,60.079335,242.546667
1868,533.277496,60.882134,96.882134,60.882134,237.69
1869,548.717518,60.079222,96.079222,60.079222,237.836667
1870,544.21862,57.978703,93.978703,57.978703,263.013333
1871,531.437651,55.316393,91.316393,55.316393,263.863333
1872,563.027152,52.84462,88.84462,52.84462,262.41
1873,562.498064,46.055888,82.055888,46.055888,244.413333
1874,546.945679,45.038833,81.038833,45.038833,244.106667
1875,522.788449,44.347736,80.347736,44.347736,246.236667
1876,521.216721,44.395689,80.395689,44.395689,243.08
1877,526.717067,45.553321,81.553321,45.553321,244.31
1878,526.249663,47.947326,83.947326,47.947326,248.133333
1879,526.952727,51.178908,87.178908,51.178908,247.696667
1880,534.818112,54.218158,90.218158,54.218158,266.656667
1881,532.606864,55.852979,91.852979,55.852979,242.995
1882,524.348607,55.541794,91.541794,55.541794,235.42
1883,525.91693,53.837832,89.837832,53.837832,247.32
1884,532.673539,51.892411,87.892411,51.892411,243.34
1885,525.174518,50.621894,86.621894,50.621894,235.06
1886,512.276556,50.377912,86.377912,50.377912,227.35
1887,508.321096,51.16686,87.16686,51.16686,220.88
1888,511.753565,52.894727,88.894727,52.894727,238.78
1889,549.299345,55.338956,91.338956,55.338956,249.82
1890,536.23957,57.995833,93.995833,57.995833,242.92
1891,526.032359,60.095505,96.095505,60.095505,234.18
1892,532.252715,60.898304,96.898304,60.898304,232.01
1893,532.991423,60.095392,96.095392,60.095392,240.08
1894,522.753043,57.994873,93.994873,57.994873,237.92
1895,529.496341,55.332563,91.332563,55.332563,230.9
1896,538.192133,52.86079,88.86079,52.86079,246.21
1897,588.727346,46.070903,82.070903,46.070903,246
1898,575.883217,45.053848,81.053848,45.053848,239.245
1899,542.405046,44.362751,80.362751,44.362751,225.04
1900,533.803182,44.410705,80.410705,44.410705,223.83
1901,536.851234,45.568337,81.568337,45.568337,227.85
1902,542.267524,47.962341,83.962341,47.962341,227.53
1903,535.224743,51.193924,87.193924,51.193924,228.01
1904,629.565374,54.233174,90.233174,54.233174,232.91
1905,550.315287,55.867995,91.867995,55.867995,231.61
1906,554.772644,55.556809,91.556809,55.556809,226.19
1907,575.911626,53.852848,89.852848,53.852848,227.3
1908,590.229904,51.907427,87.907427,51.907427,231.65
1909,583.819864,50.63691,86.63691,50.63691,226.78
1910,537.448164,50.392927,86.392927,50.392927,215.55
1911,529.241658,51.181876,87.181876,51.181876,210.6
1912,537.139898,52.909742,88.909742,52.909742,214.96
1913,532.523641,55.353971,91.353971,55.353971,240.35
1914,565.0944,58.010848,94.010848,58.010848,233.718333
1915,518.80757,60.11052,96.11052,60.11052,227.38
1916,529.210568,60.913319,96.913319,60.913319,231.396667
1917,534.334085,60.110407,96.110407,60.110407,231.84
1918,537.557349,58.009889,94.009889,58.009889,225.013333
1919,534.265287,55.347579,91.347579,55.347579,229.683333
1920,551.248244,52.875806,88.875806,52.875806,234.796667
1921,540.314555,46.08476,82.08476,46.08476,255.303333
1922,536.082485,45.067705,81.067705,45.067705,251.003333
1923,517.82417,44.376608,80.376608,44.376608,237.01
1924,527.256579,44.424561,80.424561,44.424561,232.32
1925,518.329058,45.582193,81.582193,45.582193,234.06
1926,527.457854,47.976198,83.976198,47.976198,236.94
1927,529.773389,51.20778,87.20778,51.20778,233.143333
1928,587.468379,54.24703,90.24703,54.24703,266.8
1929,556.061281,55.881851,91.881851,55.881851,240.816667
1930,542.091124,55.570666,91.570666,55.570666,242.796667
1931,572.734584,53.866704,89.866704,53.866704,251.013333
1932,621.906696,51.921283,87.921283,51.921283,255.78
1933,551.559168,50.650766,86.650766,50.650766,253.71
1934,546.163397,50.406784,86.406784,50.406784,234.39
1935,560.77942,51.195732,87.195732,51.195732,229.52
1936,550.673963,52.923599,88.923599,52.923599,234.22
1937,570.516277,55.367828,91.367828,55.367828,231.56
1938,568.794132,58.024705,94.024705,58.024705,247.02
1939,600.6662,60.124377,96.124377,60.124377,221.86
1940,605.666593,60.927176,96.927176,60.927176,229.5
1941,624.245769,60.124264,96.124264,60.124264,232.63
1942,551.270414,58.023745,94.023745,58.023745,234.45
1943,566.897506,55.361435,91.361435,55.361435,232.59
1944,591.151859,52.889662,88.889662,52.889662,241.24
1945,598.329108,46.097453,82.097453,46.097453,235.93
1946,564.051253,45.080398,81.080398,45.080398,233.63
1947,559.723653,44.389301,80.389301,44.389301,221.01
1948,561.498061,44.437255,80.437255,44.437255,228.215
1949,602.739692,45.594887,81.594887,45.594887,221.45
1950,562.380871,47.988891,83.988891,47.988891,228.35
1951,568.687391,51.220473,87.220473,51.220473,229.86
1952,575.76965,54.259724,90.259724,54.259724,254.9
1953,557.567496,55.894545,91.894545,55.894545,243.35
1954,575.949516,55.583359,91.583359,55.583359,236.85
1955,598.86536,53.879398,89.879398,53.879398,249.88
1956,620.189777,51.933977,87.933977,51.933977,264.84
1957,583.749305,50.66346,86.66346,50.66346,241.38
1958,552.476578,50.419477,86.419477,50.419477,238.87
1959,547.842331,51.208425,87.208425,51.208425,245.31
1960,558.29401,52.936292,88.936292,52.936292,240.98
1961,597.439443,55.380521,91.380521,55.380521,249.07
1962,697.683233,58.037398,94.037398,58.037398,248.43
1963,652.482007,60.13707,96.13707,60.13707,258.96
1964,664.142094,60.939869,96.939869,60.939869,260.41
1965,639.015183,60.136957,96.136957,60.136957,265.446667
1966,585.677842,58.036439,94.036439,58.036439,241.25
1967,589.376847,55.374128,91.374128,55.374128,247.713333
1968,598.675225,52.902355,88.902355,52.902355,256.07
1969,575.194009,41.10898,77.10898,41.10898,258.266667
1970,569.651842,40.091925,76.091925,40.091925,246.613333
1971,578.51535,39.400828,75.400828,39.400828,244.88
1972,540.314555,39.448781,75.448781,39.448781,245.6
1973,546.537856,40.606413,76.606413,40.606413,259.566667
1974,529.467685,43.000418,79.000418,43.000418,245.953333
1975,534.852849,46.232,82.232,46.232,248.39
1976,567.625724,49.27125,85.27125,49.27125,250.963333
1977,527.278897,50.906071,86.906071,50.906071,243.986667
1978,526.235141,50.594886,86.594886,50.594886,251.026667
1979,541.91519,48.890924,84.890924,48.890924,258.426667
1980,630.483488,46.945503,82.945503,46.945503,264.39
1981,549.40757,45.674986,81.674986,45.674986,253.686667
1982,532.175569,45.431004,81.431004,45.431004,241.79
1983,522.221766,46.219952,82.219952,46.219952,239.67
1984,517.972414,47.947819,83.947819,47.947819,244.29
1985,528.014302,50.392047,86.392047,50.392047,258
1986,548.503133,53.048924,89.048924,53.048924,281.67
1987,537.812895,55.148597,91.148597,55.148597,272.26
1988,563.915236,55.951396,91.951396,55.951396,274.84
1989,551.492441,55.148484,91.148484,55.148484,269.12
1990,526.878943,53.047965,89.047965,53.047965,254.32
1991,514.128541,50.385655,86.385655,50.385655,255.51
1992,522.269737,47.913882,83.913882,47.913882,258.37
1993,538.617003,41.119336,77.119336,41.119336,250.76
1994,533.120243,40.102281,76.102281,40.102281,248.75
1995,529.158799,39.411184,75.411184,39.411184,251.92
1996,522.647034,39.459137,75.459137,39.459137,235.93
1997,521.424749,40.616769,76.616769,40.616769,239.05
1998,516.14434,43.010774,79.010774,43.010774,229.665
1999,537.200215,46.242356,82.242356,46.242356,232.93
2000,566.583201,49.281606,85.281606,49.281606,247.99
2001,523.944444,50.916427,86.916427,50.916427,228.23
2002,522.988254,50.605242,86.605242,50.605242,227.52
2003,554.211934,48.90128,84.90128,48.90128,236.76
2004,576.55736,46.95586,82.95586,46.95586,267.03
2005,536.971338,45.685343,81.685343,45.685343,240.4
2006,532.690221,45.44136,81.44136,45.44136,231.35
2007,521.754247,46.230308,82.230308,46.230308,224.61
2008,545.742694,47.958175,83.958175,47.958175,221.14
2009,557.289598,50.402404,86.402404,50.402404,228.72
2010,573.150154,53.059281,89.059281,53.059281,239.98
2011,553.906242,55.158953,91.158953,55.158953,234.59
2012,553.791889,55.961752,91.961752,55.961752,246.56
2013,521.178651,55.15884,91.15884,55.15884,241.35
2014,523.784883,53.058321,89.058321,53.058321,227.96
2015,519.401706,50.396011,86.396011,50.396011,217.52
2016,518.398598,47.924238,83.924238,47.924238,224.646667
2017,517.744667,46.128519,82.128519,46.128519,235.026667
2018,534.800751,45.111464,81.111464,45.111464,231.916667
2019,530.025713,44.420367,80.420367,44.420367,229.466667
2020,523.296766,44.46832,80.46832,44.46832,224.933333
2021,511.364297,45.625952,81.625952,45.625952,223.993333
2022,508.800478,48.019957,84.019957,48.019957,219.486667
2023,516.115864,51.251539,87.251539,51.251539,234.253333
2024,524.878554,54.290789,90.290789,54.290789,247.593333
2025,545.708317,55.92561,91.92561,55.92561,225.896667
2026,518.949098,55.614425,91.614425,55.614425,225.19
2027,532.374177,53.910463,89.910463,53.910463,242.553333
2028,570.679109,51.965042,87.965042,51.965042,251.24
2029,519.958663,50.694525,86.694525,50.694525,234.126667
2030,517.586334,50.450543,86.450543,50.450543,231.66
2031,538.16146,51.239491,87.239491,51.239491,224.25
2032,531.405105,52.967358,88.967358,52.967358,238.666667
2033,533.90553,55.411587,91.411587,55.411587,243.87
2034,553.814747,58.068464,94.068464,58.068464,250.03
2035,520.963737,60.168136,96.168136,60.168136,242.42
2036,518.52652,60.970935,96.970935,60.970935,242.37
2037,514.897576,60.168023,96.168023,60.168023,223.8
2038,510.18966,58.067504,94.067504,58.067504,225.78
2039,533.378835,55.405194,91.405194,55.405194,222.36
2040,552.22944,52.933421,88.933421,52.933421,221.51
2041,539.194361,46.136525,82.136525,46.136525,220.94
2042,505.594181,45.119471,81.119471,45.119471,232.9
2043,515.521728,44.428373,80.428373,44.428373,230.02
2044,527.388171,44.476327,80.476327,44.476327,225.42
2045,527.973961,45.633959,81.633959,45.633959,214.51
2046,511.49026,48.027964,84.027964,48.027964,211.27
2047,509.988554,51.259546,87.259546,51.259546,219.46
2048,511.078463,54.298796,90.298796,54.298796,226.57
2049,522.541339,55.933617,91.933617,55.933617,238.65
2050,515.393528,55.622431,91.622431,55.622431,221.98
2051,528.287561,53.91847,89.91847,53.91847,231.47
2052,541.772181,51.973049,87.973049,51.973049,249.13
2053,515.060617,50.702532,86.702532,50.702532,222.82
2054,512.345574,50.45855,86.45855,50.45855,220.8
2055,517.503756,51.247498,87.247498,51.247498,234.78
2056,525.75396,52.975365,88.975365,52.975365,230.88
2057,546.301863,55.419593,91.419593,55.419593,232.38
2058,555.620553,58.07647,94.07647,58.07647,242.38
2059,541.467694,60.176143,96.176143,60.176143,223.63
2060,547.991044,60.978942,96.978942,60.978942,221.62
2061,547.715094,60.17603,96.17603,60.17603,218.29
2062,540.105371,58.075511,94.075511,58.075511,213.09
2063,545.379137,55.413201,91.413201,55.413201,232.07
2064,606.227767,52.941428,88.941428,52.941428,241.68
2065,596.345549,46.143354,82.143354,46.143354,235.336667
2066,552.521591,45.126299,81.126299,45.126299,206.226667
2067,524.031344,44.435202,80.435202,44.435202,218.896667
2068,529.757663,44.483155,80.483155,44.483155,228.303333
2069,546.517002,45.640787,81.640787,45.640787,228.693333
2070,539.632507,48.034792,84.034792,48.034792,214.656667
2071,551.248244,51.266374,87.266374,51.266374,212.836667
2072,570.869379,54.305624,90.305624,54.305624,214.173333
2073,543.455467,55.940445,91.940445,55.940445,224.853333
2074,529.836343,55.62926,91.62926,55.62926,218.773333
2075,533.939689,53.925298,89.925298,53.925298,228.9
2076,552.566629,51.979878,87.979878,51.979878,236.686667
2077,533.684023,50.709361,86.709361,50.709361,218.45
2078,536.546085,50.465378,86.465378,50.465378,215.626667
2079,519.861085,51.254326,87.254326,51.254326,220.726667
2080,530.9517,52.982193,88.982193,52.982193,227.186667
2081,531.210278,55.426422,91.426422,55.426422,238.936667
2082,572.485959,58.083299,94.083299,58.083299,243.161667
2083,547.545779,60.182971,96.182971,60.182971,236.53
2084,527.54761,60.98577,96.98577,60.98577,239.74
2085,533.497311,60.182858,96.182858,60.182858,239.61
2086,534.248102,58.082339,94.082339,58.082339,235.82
2087,524.892597,55.420029,91.420029,55.420029,238.49
2088,533.752081,52.948256,88.948256,52.948256,260.57
2089,543.236119,46.149002,82.149002,46.149002,257.67
2090,523.162311,45.131947,81.131947,45.131947,241.81
2091,529.039947,44.44085,80.44085,44.44085,225.96
2092,535.288914,44.488803,80.488803,44.488803,229.85
2093,533.345034,45.646435,81.646435,45.646435,239.04
2094,550.527369,48.04044,84.04044,48.04044,235.57
2095,594.975494,51.272022,87.272022,51.272022,241.24
2096,655.056055,54.311272,90.311272,54.311272,249.2
2097,523.472293,55.946093,91.946093,55.946093,237.54
2098,519.262029,55.634908,91.634908,55.634908,229.9
2099,523.337198,53.930946,89.930946,53.930946,232.4
2100,522.96155,51.985525,87.985525,51.985525,241.83
2101,513.505637,50.715008,86.715008,50.715008,232.25
2102,509.094807,50.471026,86.471026,50.471026,233.89
2103,511.33864,51.259974,87.259974,51.259974,222.74
2104,512.07986,52.987841,88.987841,52.987841,230.6
2105,511.421444,55.43207,91.43207,55.43207,230.76
2106,543.628781,58.088947,94.088947,58.088947,249.79
2107,524.155177,60.188619,96.188619,60.188619,239.53
2108,513.952468,60.991418,96.991418,60.991418,228.41
2109,530.983948,60.188506,96.188506,60.188506,232.14
2110,531.535415,58.087987,94.087987,58.087987,232.58
2111,522.444726,55.425677,91.425677,55.425677,226.58
2112,513.451618,52.953904,88.953904,52.953904,232.29
2113,511.40714,46.153467,82.153467,46.153467,237.43
2114,514.03055,45.136413,81.136413,45.136413,225.32
2115,514.069695,44.445316,80.445316,44.445316,229.39
2116,520.253213,44.493269,80.493269,44.493269,233.18
2117,512.814014,45.650901,81.650901,45.650901,232.05
2118,515.029962,48.044906,84.044906,48.044906,240.913333
2119,524.82243,51.276488,87.276488,51.276488,257.253333
2120,574.09766,54.315738,90.315738,54.315738,272.84
2121,536.671541,55.950559,91.950559,55.950559,225.55
2122,540.314555,55.639373,91.639373,55.639373,222.243333
2123,623.214145,53.935412,89.935412,53.935412,225.45
2124,612.088623,51.989991,87.989991,51.989991,225.17
2125,520.562941,50.719474,86.719474,50.719474,216.876667
2126,519.067552,50.475492,86.475492,50.475492,211.67
2127,518.305915,51.26444,87.26444,51.26444,214.48
2128,530.887268,52.992307,88.992307,52.992307,215.33
2129,543.815914,55.436535,91.436535,55.436535,214.576667
2130,572.789907,58.093412,94.093412,58.093412,237.626667
2131,528.37902,60.193085,96.193085,60.193085,226.05
2132,534.610147,60.995884,96.995884,60.995884,217.34
2133,537.812895,60.192972,96.192972,60.192972,230.62
2134,532.175569,58.092453,94.092453,58.092453,230.96
2135,520.0688,55.430143,91.430143,55.430143,224.78
2136,522.669094,52.95837,88.95837,52.95837,216.82
2137,522.091269,41.15675,77.15675,41.15675,214.56
2138,522.484218,40.139695,76.139695,40.139695,217.42
2139,515.629657,39.448598,75.448598,39.448598,217.46
2140,515.050394,39.496551,75.496551,39.496551,223.06
2141,517.138882,40.654183,76.654183,40.654183,216.14
2142,519.031967,43.048188,79.048188,43.048188,218.42
2143,515.542581,46.27977,82.27977,46.27977,226.53
2144,553.237558,49.31902,85.31902,49.31902,250.37
2145,510.36771,50.953841,86.953841,50.953841,233.96
2146,532.645747,50.642656,86.642656,50.642656,235.93
2147,579.906538,48.938694,84.938694,48.938694,265.18
2148,626.835556,46.993274,82.993274,46.993274,262.21
2149,543.143273,45.722757,81.722757,45.722757,223.31
2150,514.292818,45.478774,81.478774,45.478774,222.08
2151,519.365728,46.267722,82.267722,46.267722,221.43
2152,531.210278,47.995589,83.995589,47.995589,230.56
2153,553.025898,50.439818,86.439818,50.439818,237.72
2154,545.59156,53.096695,89.096695,53.096695,249.9
2155,514.454975,55.196367,91.196367,55.196367,228.96
2156,515.720543,55.999166,91.999166,55.999166,232.79
2157,513.604494,55.196254,91.196254,55.196254,234.59
2158,515.221351,53.095735,89.095735,53.095735,231.35
2159,530.15238,50.433425,86.433425,50.433425,222.91
2160,526.526556,47.961652,83.961652,47.961652,224.95
2161,523.041722,41.158848,41.158848,77.158848,224.51
2162,515.776637,40.141793,40.141793,76.141793,224.81
2163,508.902798,39.450696,39.450696,75.450696,219
2164,510.65967,39.498649,39.498649,75.498649,218.44
2165,511.788568,40.656281,40.656281,76.656281,220.4
2166,519.54604,43.050286,43.050286,79.050286,222.05
2167,520.093327,46.281868,46.281868,82.281868,218.916667
2168,564.426243,49.321118,49.321118,85.321118,242.126667
2169,523.607881,50.955939,50.955939,86.955939,213.311667
2170,569.195348,50.644754,50.644754,86.644754,231.633333
2171,558.149847,48.940792,48.940792,84.940792,252.396667
2172,540.888556,46.995372,46.995372,82.995372,266.11
2173,527.293782,45.724855,45.724855,81.724855,237.383333
2174,548.889456,45.480872,45.480872,81.480872,217.686667
2175,562.825262,46.26982,46.26982,82.26982,222.33
2176,527.39812,47.997687,47.997687,83.997687,230.76
2177,560.952397,50.441916,50.441916,86.441916,242.033333
2178,586.292626,53.098793,53.098793,89.098793,238.593333
2179,551.226081,55.198465,55.198465,91.198465,217.85
2180,559.406766,56.001264,56.001264,92.001264,219.086667
2181,544.8678,55.198352,55.198352,91.198352,216.98
2182,540.792533,53.097833,53.097833,89.097833,218.606667
2183,549.299345,50.435523,50.435523,86.435523,230.1
2184,536.671541,47.96375,47.96375,83.96375,227.72
2185,520.976341,46.159761,46.159761,82.159761,225.23
2186,524.031344,45.142706,45.142706,81.142706,219.14
2187,532.142543,44.451609,44.451609,80.451609,211.41
2188,518.972752,44.499562,44.499562,80.499562,213.67
2189,521.165971,45.657194,45.657194,81.657194,215
2190,520.575392,48.051199,48.051199,84.051199,222.48
2191,520.837963,51.282781,51.282781,87.282781,222.93
2192,563.221014,54.322031,54.322031,90.322031,246.76
2193,531.026979,55.956852,55.956852,91.956852,225.65
2194,525.429965,55.645667,55.645667,91.645667,248.58
2195,566.382886,53.941705,53.941705,89.941705,244.23
2196,559.1152,51.996285,51.996285,87.996285,236.23
2197,514.269747,50.725767,50.725767,86.725767,228.24
2198,510.474393,50.481785,50.481785,86.481785,240.16
2199,518.209685,51.270733,51.270733,87.270733,246.13
2200,520.737688,52.9986,52.9986,88.9986,228.31
2201,545.010605,55.442829,55.442829,91.442829,245.38
2202,594.888234,58.099706,58.099706,94.099706,254.52
2203,561.89684,60.199378,60.199378,96.199378,241.23
2204,538.746901,61.002177,61.002177,97.002177,244.75
2205,526.511937,60.199265,60.199265,96.199265,238.24
2206,524.06341,58.098746,58.098746,94.098746,236.18
2207,521.900751,55.436436,55.436436,91.436436,240.35
2208,536.331651,52.964663,52.964663,88.964663,233.96
2209,524.36477,46.159488,46.159488,82.159488,223.64
2210,517.417686,45.142434,45.142434,81.142434,225.96
2211,524.045084,44.451336,44.451336,80.451336,231.33
2212,524.473469,44.49929,44.49929,80.49929,222
2213,513.894086,45.656922,45.656922,81.656922,223.79
2214,513.768123,48.050927,48.050927,84.050927,223.32
2215,513.499275,51.282509,51.282509,87.282509,223.53
2216,515.42119,54.321759,54.321759,90.321759,246.286667
2217,512.832489,55.95658,55.95658,91.95658,230.646667
2218,511.432895,55.645394,55.645394,91.645394,226.96
2219,538.623181,53.941433,53.941433,89.941433,247.516667
2220,575.052883,51.996012,51.996012,87.996012,244.63
2221,526.526556,50.725495,50.725495,86.725495,217.663333
2222,511.51038,50.481513,50.481513,86.481513,213.443333
2223,514.574849,51.270461,51.270461,87.270461,221.346667
2224,518.167445,52.998328,52.998328,88.998328,223.45
2225,555.011855,55.442556,55.442556,91.442556,238.31
2226,560.2378,58.099433,58.099433,94.099433,257.226667
2227,529.569365,60.199106,60.199106,96.199106,245.76
2228,543.475442,61.001905,61.001905,97.001905,235.096667
2229,547.334669,60.198993,60.198993,96.198993,227.71
2230,521.741349,58.098474,58.098474,94.098474,225.983333
2231,514.968769,55.436164,55.436164,91.436164,224.363333
2232,511.76231,52.964391,52.964391,88.964391,233.77
2233,512.934399,46.158031,46.158031,82.158031,226.201667
2234,514.118723,45.140976,45.140976,81.140976,220.65
2235,509.943916,44.449879,44.449879,80.449879,225.97
2236,512.538912,44.497833,44.497833,80.497833,226.28
2237,511.244876,45.655464,45.655464,81.655464,217.28
2238,511.570876,48.049469,48.049469,84.049469,217.15
2239,514.786135,51.281051,51.281051,87.281051,216.87
2240,539.53836,54.320302,54.320302,90.320302,218.8
2241,519.727408,55.955122,55.955122,91.955122,216.16
2242,527.755253,55.643937,55.643937,91.643937,214.59
2243,542.569131,53.939976,53.939976,89.939976,235.03
2244,560.327858,51.994555,51.994555,87.994555,250.71
2245,528.440097,50.724038,50.724038,86.724038,227.72
2246,516.337377,50.480055,50.480055,86.480055,214.68
2247,526.952727,51.269003,51.269003,87.269003,217.97
2248,519.158682,52.99687,52.99687,88.99687,221.31
2249,540.613672,55.441099,55.441099,91.441099,242.9
2250,569.876305,58.097976,58.097976,94.097976,245.09
2251,514.312612,60.197648,60.197648,96.197648,229.73
2252,553.041,61.000447,61.000447,97.000447,237.55
2253,528.885385,60.197535,60.197535,96.197535,239.43
2254,518.752711,58.097017,58.097017,94.097017,224.24
2255,527.968922,55.434706,55.434706,91.434706,218.36
2256,540.251094,52.962933,52.962933,88.962933,214.97
2257,553.03345,46.155389,46.155389,82.155389,216.27
2258,554.066595,45.138334,45.138334,81.138334,217.51
2259,517.938135,44.447237,44.447237,80.447237,212.78
2260,514.755833,44.49519,44.49519,80.49519,215.84
2261,531.323834,45.652822,45.652822,81.652822,214.37
2262,522.195627,48.046827,48.046827,84.046827,214.75
2263,522.313402,51.278409,51.278409,87.278409,218.18
2264,546.204909,54.317659,54.317659,90.317659,235.52
2265,522.801735,55.95248,55.95248,91.95248,222.63
2266,517.665388,55.641295,55.641295,91.641295,228.548333
2267,532.142543,53.937333,53.937333,89.937333,237.093333
2268,561.871868,51.991912,51.991912,87.991912,245.126667
2269,522.642625,50.721395,50.721395,86.721395,229
2270,524.086331,50.477413,50.477413,86.477413,219.666667
2271,532.874082,51.266361,51.266361,87.266361,228.01
2272,534.489198,52.994228,52.994228,88.994228,222.156667
2273,611.182333,55.438457,55.438457,91.438457,236.086667
2274,567.520131,58.095334,58.095334,94.095334,248.833333
2275,538.401117,60.195006,60.195006,96.195006,217.706667
2276,527.115502,60.997805,60.997805,96.997805,242.04
2277,520.228563,60.194893,60.194893,96.194893,229.29
2278,522.039206,58.094374,58.094374,94.094374,221.813333
2279,557.052076,55.432064,55.432064,91.432064,228.69
2280,549.515945,52.960291,52.960291,88.960291,235.896667
2281,526.820008,46.151562,46.151562,82.151562,242.036667
2282,518.561505,45.134508,45.134508,81.134508,242.49
2283,512.294537,44.44341,44.44341,80.44341,221.11
2284,514.395273,44.491364,44.491364,80.491364,218.15
2285,515.703038,45.648996,45.648996,81.648996,230.83
2286,522.828322,48.043001,48.043001,84.043001,224.59
2287,537.448164,51.274583,51.274583,87.274583,224.68
2288,527.115502,54.313833,54.313833,90.313833,238.89
2289,523.296766,55.948654,55.948654,91.948654,225.05
2290,544.21862,55.637468,55.637468,91.637468,220.87
2291,554.988677,53.933507,53.933507,89.933507,231.33
2292,550.016404,51.988086,51.988086,87.988086,245.75
2293,516.441644,50.717569,50.717569,86.717569,224.93
2294,517.017108,50.473587,50.473587,86.473587,226
2295,515.410813,51.262535,51.262535,87.262535,231.77
2296,546.433648,52.990402,52.990402,88.990402,232.72
2297,551.566585,55.43463,55.43463,91.43463,261.96
2298,561.772046,58.091507,58.091507,94.091507,247.95
2299,551.759675,60.19118,60.19118,96.19118,234.91
2300,541.306306,60.993979,60.993979,96.993979,228.12
2301,529.731465,60.191067,60.191067,96.191067,223.04
2302,525.042706,58.090548,58.090548,94.090548,224.47
2303,527.722666,55.428238,55.428238,91.428238,243.77
2304,528.885385,52.956465,52.956465,88.956465,240.45
2305,536.46856,41.146553,41.146553,77.146553,227.92
2306,544.942567,40.129499,40.129499,76.129499,221.65
2307,548.624545,39.438401,39.438401,75.438401,215.57
2308,516.190679,39.486355,39.486355,75.486355,217.79
2309,517.216661,40.643987,40.643987,76.643987,219.07
2310,524.390183,43.037992,43.037992,79.037992,225.07
2311,528.854535,46.269574,46.269574,82.269574,234.39
2312,549.472577,49.308824,49.308824,85.308824,228.12
2313,520.775255,50.943645,50.943645,86.943645,225.42
2314,536.118014,50.632459,50.632459,86.632459,237.92
2315,586.015629,48.928498,48.928498,84.928498,242.89
2316,561.522937,46.983077,46.983077,82.983077,240.68
2317,528.623824,45.71256,45.71256,81.71256,219.763333
2318,523.001613,45.468578,45.468578,81.468578,220.29
2319,523.812188,46.257526,46.257526,82.257526,218.79
2320,520.91337,47.985393,47.985393,83.985393,239
2321,547.355753,50.429621,50.429621,86.429621,241.383333
2322,552.769601,53.086498,53.086498,89.086498,245.71
2323,539.953669,55.186171,55.186171,91.186171,241.47
2324,521.535653,55.98897,55.98897,91.98897,236.446667
2325,517.017108,55.186058,55.186058,91.186058,229.833333
2326,520.160874,53.085539,53.085539,89.085539,226.686667
2327,520.687665,50.423229,50.423229,86.423229,228.526667
2328,518.52652,47.951456,47.951456,83.951456,229.29
2329,523.418196,41.140363,41.140363,77.140363,233.846667
2330,518.43343,40.123308,40.123308,76.123308,238.276667
2331,521.356681,39.432211,39.432211,75.432211,240.036667
2332,515.839895,39.480165,39.480165,75.480165,219.53
2333,515.640127,40.637797,40.637797,76.637797,220.47
2334,519.69105,43.031801,43.031801,79.031801,226.22
2335,516.600644,46.263383,46.263383,82.263383,229.27
2336,525.486952,49.302634,49.302634,85.302634,240.43
2337,522.616175,50.937455,50.937455,86.937455,223.48
2338,518.05256,50.626269,50.626269,86.626269,233.65
2339,525.472698,48.922308,48.922308,84.922308,254.43
2340,580.151339,46.976887,46.976887,82.976887,245.61
2341,553.860482,45.70637,45.70637,81.70637,229.12
2342,534.818112,45.462387,45.462387,81.462387,225.2
2343,519.52997,46.251335,46.251335,82.251335,225.8
2344,537.666734,47.979202,47.979202,83.979202,223.59
2345,588.758704,50.423431,50.423431,86.423431,239.44
2346,570.2364,53.080308,53.080308,89.080308,241.92
2347,529.319475,55.17998,55.17998,91.17998,235.74
2348,523.463271,55.982779,55.982779,91.982779,224.08
2349,524.827103,55.179867,55.179867,91.179867,220.29
2350,526.056448,53.079349,53.079349,89.079349,222.985
2351,522.261009,50.417038,50.417038,86.417038,223.41
2352,533.463434,47.945265,47.945265,83.945265,221.62
2353,526.356316,46.132993,46.132993,82.132993,225.51
2354,516.899547,45.115938,45.115938,81.115938,221.54
2355,518.194317,44.424841,44.424841,80.424841,223.94
2356,513.366104,44.472795,44.472795,80.472795,219.2
2357,517.294662,45.630427,45.630427,81.630427,219.01
2358,514.786135,48.024431,48.024431,84.024431,222.6
2359,523.857741,51.256014,51.256014,87.256014,219.91
2360,567.511338,54.295264,54.295264,90.295264,227
2361,539.85904,55.930085,55.930085,91.930085,224.91
2362,568.874258,55.618899,55.618899,91.618899,221.21
2363,544.077408,53.914938,53.914938,89.914938,226.99
2364,586.693726,51.969517,51.969517,87.969517,252.48
2365,543.495423,50.699,50.699,86.699,242.4
2366,572.872941,50.455017,50.455017,86.455017,232.91
2367,567.996119,51.243966,51.243966,87.243966,222.466667
2368,547.334669,52.971832,52.971832,88.971832,234.51
2369,549.559337,55.416061,55.416061,91.416061,255.313333
2370,563.508281,58.072938,58.072938,94.072938,248.966667
2371,531.307596,60.17261,60.17261,96.17261,229.57
2372,523.812188,60.975409,60.975409,96.975409,225.543333
2373,523.648653,60.172497,60.172497,96.172497,226.533333
2374,543.495423,58.071979,58.071979,94.071979,227.396667
2375,530.887268,55.409669,55.409669,91.409669,224.64
2376,527.026639,52.937896,52.937896,88.937896,232.12
2377,527.938694,46.124446,46.124446,82.124446,227.603333
2378,534.870226,45.107391,45.107391,81.107391,220.183333
2379,544.360117,44.416294,44.416294,80.416294,221.333333
2380,538.512048,44.464248,44.464248,80.464248,216.73
2381,544.725281,45.62188,45.62188,81.62188,220.54
2382,549.19127,48.015884,48.015884,84.015884,218.18
2383,554.526404,51.247466,51.247466,87.247466,225.833333
2384,534.610147,54.286717,54.286717,90.286717,247.946667
2385,538.014449,55.921538,55.921538,91.921538,235.69
2386,548.889456,55.610352,55.610352,91.610352,248.46
2387,573.734468,53.906391,53.906391,89.906391,237.85
2388,573.650815,51.96097,51.96097,87.96097,254.65
2389,559.090944,50.690453,50.690453,86.690453,237.56
2390,539.331732,50.44647,50.44647,86.44647,249.93
2391,619.355987,51.235418,51.235418,87.235418,248.13
2392,625.464878,52.963285,52.963285,88.963285,239.43
2393,657.311963,55.407514,55.407514,91.407514,240.47
2394,591.481803,58.064391,58.064391,94.064391,246.4
2395,534.638985,60.164063,60.164063,96.164063,230.82
2396,548.28223,60.966862,60.966862,96.966862,225.8
2397,569.284706,60.16395,60.16395,96.16395,225.68
2398,556.15517,58.063432,58.063432,94.063432,237.56
2399,547.08212,55.401121,55.401121,91.401121,230.56
2400,557.020454,52.929348,52.929348,88.929348,228.06
2401,564.11933,46.114724,46.114724,82.114724,228.67
2402,565.619971,45.097669,45.097669,81.097669,232.94
2403,566.976229,44.406572,44.406572,80.406572,237.99
2404,548.154255,44.454526,44.454526,80.454526,234.97
2405,556.38248,45.612158,45.612158,81.612158,238.17
2406,545.276577,48.006162,48.006162,84.006162,240.3
2407,559.59352,51.237745,51.237745,87.237745,242.69
2408,566.63552,54.276995,54.276995,90.276995,232.79
2409,551.81918,55.911816,55.911816,91.911816,234.7
2410,607.987643,55.60063,55.60063,91.60063,240.16
2411,636.32517,53.896669,53.896669,89.896669,250.24
2412,631.68719,51.951248,51.951248,87.951248,250.21
2413,551.137488,50.680731,50.680731,86.680731,244.62
2414,532.241686,50.436748,50.436748,86.436748,235.41
2415,543.635455,51.225697,51.225697,87.225697,264.17
2416,544.64397,52.953563,52.953563,88.953563,265.76
2417,644.196771,55.397792,55.397792,91.397792,273.343333
2418,695.86801,58.054669,58.054669,94.054669,256.173333
2419,578.486329,60.154341,60.154341,96.154341,232.806667
2420,571.935384,60.95714,60.95714,96.95714,239.876667
2421,551.715076,60.154228,60.154228,96.154228,248.613333
2422,563.609866,58.05371,58.05371,94.05371,243.39
2423,560.828811,55.3914,55.3914,91.3914,239.31
2424,567.810762,52.919627,52.919627,88.919627,243.756667
2425,549.885543,46.10383,46.10383,82.10383,246.64
2426,550.016404,45.086776,45.086776,81.086776,247.223333
2427,554.296192,44.395678,44.395678,80.395678,247.743333
2428,536.743351,44.443632,44.443632,80.443632,239.816667
2429,533.294372,45.601264,45.601264,81.601264,243.486667
2430,526.893689,47.995269,47.995269,83.995269,238.44
2431,541.351454,51.226851,51.226851,87.226851,244.826667
2432,571.990323,54.266101,54.266101,90.266101,247.613333
2433,554.020749,55.900922,55.900922,91.900922,241.496667
2434,557.170759,55.589736,55.589736,91.589736,261.068333
2435,577.734172,53.885775,53.885775,89.885775,268.47
2436,577.446099,51.940354,51.940354,87.940354,267.33
2437,558.125842,50.669837,50.669837,86.669837,241.19
2438,573.455857,50.425855,50.425855,86.425855,231.39
2439,552.724454,51.214803,51.214803,87.214803,237.63
2440,556.061281,52.94267,52.94267,88.94267,238.13
2441,583.97119,55.386898,55.386898,91.386898,270.35
2442,618.300098,58.043775,58.043775,94.043775,281.32
2443,557.273743,60.143448,60.143448,96.143448,251.91
2444,538.512048,60.946247,60.946247,96.946247,249.59
2445,542.234822,60.143335,60.143335,96.143335,241.45
2446,550.030958,58.042816,58.042816,94.042816,246.44
2447,595.500128,55.380506,55.380506,91.380506,245.33
2448,582.795417,52.908733,52.908733,88.908733,248.06
2449,584.872607,46.091768,46.091768,82.091768,240.62
2450,538.456557,45.074713,45.074713,81.074713,240.68
2451,526.810192,44.383616,44.383616,80.383616,242.59
2452,528.880243,44.43157,44.43157,80.43157,234
2453,523.939875,45.589201,45.589201,81.589201,232.02
2454,524.113855,47.983206,47.983206,83.983206,227.97
2455,524.191946,51.214788,51.214788,87.214788,236.47
2456,571.37835,54.254039,54.254039,90.254039,249.61
2457,518.356081,55.88886,55.88886,91.88886,242.47
2458,519.759763,55.577674,55.577674,91.577674,243.82
2459,527.20455,53.873713,53.873713,89.873713,251.65
2460,554.319186,51.928292,51.928292,87.928292,251.55
2461,528.135544,50.657775,50.657775,86.657775,244.22
2462,527.041437,50.413792,50.413792,86.413792,250.14
2463,534.471942,51.20274,51.20274,87.20274,241.9
2464,531.649717,52.930607,52.930607,88.930607,243.35
2465,532.274777,55.374836,55.374836,91.374836,253.76
2466,550.016404,58.031713,58.031713,94.031713,263.89
2467,517.485022,60.131385,60.131385,96.131385,243.863333
2468,524.598735,60.934184,60.934184,96.934184,234.97
2469,528.257116,60.131272,60.131272,96.131272,236.923333
2470,527.353373,58.030754,58.030754,94.030754,240.686667
2471,563.406798,55.368443,55.368443,91.368443,257.413333
2472,562.976641,52.89667,52.89667,88.89667,253.37
2473,538.014449,41.078541,41.078541,77.078541,254.056667
2474,530.582371,40.061486,40.061486,76.061486,234.94
2475,546.01829,39.370389,39.370389,75.370389,227.913333
2476,543.835994,39.418342,39.418342,75.418342,229.286667
2477,527.855674,40.575974,40.575974,76.575974,225.893333
2478,526.003471,42.969979,42.969979,78.969979,226.02
2479,511.849982,46.201561,46.201561,82.201561,226.076667
2480,551.248244,49.240811,49.240811,85.240811,249.386667
2481,520.812866,50.875632,50.875632,86.875632,221.473333
2482,523.296766,50.564447,50.564447,86.564447,222.656667
2483,548.588815,48.860485,48.860485,84.860485,228.18
2484,555.174277,46.915064,46.915064,82.915064,242.6
2485,543.575407,45.644547,45.644547,81.644547,228.8
2486,527.637551,45.400565,45.400565,81.400565,228.07
2487,540.715817,46.189513,46.189513,82.189513,232.71
2488,548.738989,47.91738,47.91738,83.91738,231.03
2489,628.730671,50.361608,50.361608,86.361608,231.41
2490,626.286156,53.018485,53.018485,89.018485,240.68
2491,536.064729,55.118158,55.118158,91.118158,220.71
2492,525.902524,55.920957,55.920957,91.920957,226.37
2493,514.765929,55.118045,55.118045,91.118045,228.88
2494,520.82123,53.017526,53.017526,89.017526,228.28
2495,515.931551,50.355216,50.355216,86.355216,246.36
2496,527.452874,47.883443,47.883443,83.883443,246.19
2497,521.883483,41.064152,41.064152,77.064152,234.7
2498,518.390862,40.047097,40.047097,76.047097,230.37
2499,520.875645,39.356,39.356,75.356,238.8
2500,515.252252,39.403954,39.403954,75.403954,237.73
2501,530.865809,40.561585,40.561585,76.561585,228.615
2502,526.307804,42.95559,42.95559,78.95559,227.36
2503,529.501554,46.187172,46.187172,82.187172,215.07
2504,574.564941,49.226423,49.226423,85.226423,241.24
2505,509.974098,50.861244,50.861244,86.861244,223.51
2506,529.444252,50.550058,50.550058,86.550058,225.42
2507,537.73977,48.846097,48.846097,84.846097,240.02
2508,581.174798,46.900676,46.900676,82.900676,242.97
2509,569.034685,45.630159,45.630159,81.630159,237.6
2510,554.353687,45.386176,45.386176,81.386176,228.47
2511,551.403558,46.175124,46.175124,82.175124,236.14
2512,542.326428,47.902991,47.902991,83.902991,240.09
2513,590.071544,50.34722,50.34722,86.34722,266.59
2514,685.597265,53.004097,53.004097,89.004097,265.97
2515,566.182949,55.103769,55.103769,91.103769,233.62
2516,529.101918,55.906568,55.906568,91.906568,227.29
2517,541.954246,55.103656,55.103656,91.103656,218.16
2518,524.738395,53.003138,53.003138,89.003138,223.516667
2519,547.736286,50.340827,50.340827,86.340827,219.286667
2520,558.462485,47.869054,47.869054,83.869054,228.346667
2521,550.278777,46.048607,46.048607,82.048607,224.35
2522,572.237872,45.031552,45.031552,81.031552,221.503333
2523,544.583048,44.340455,44.340455,80.340455,223.56
2524,573.261226,44.388408,44.388408,80.388408,218.636667
2525,559.422992,45.54604,45.54604,81.54604,230.546667
2526,556.194321,47.940045,47.940045,83.940045,227.57
2527,576.681202,51.171627,51.171627,87.171627,229.686667
2528,619.936725,54.210877,54.210877,90.210877,250.536667
2529,611.290842,55.845698,55.845698,91.845698,212.818333
2530,598.407195,55.534513,55.534513,91.534513,229.65
2531,600.101229,53.830551,53.830551,89.830551,234.55
2532,648.816692,51.88513,51.88513,87.88513,252.826667
2533,591.876597,50.614613,50.614613,86.614613,248.52
2534,586.961781,50.370631,50.370631,86.370631,242.615
2535,582.765407,51.159579,51.159579,87.159579,241.31
2536,573.344599,52.887446,52.887446,88.887446,236.97
2537,617.836885,55.331675,55.331675,91.331675,255.73
2538,632.574348,57.988552,57.988552,93.988552,279.3
2539,593.110519,60.088224,60.088224,96.088224,247.44
2540,592.787623,60.891023,60.891023,96.891023,229.43
2541,587.416599,60.088111,60.088111,96.088111,236.78
2542,604.706458,57.987592,57.987592,93.987592,226.47
2543,590.54715,55.325282,55.325282,91.325282,239.62
2544,595.259445,52.853509,52.853509,88.853509,244.36
2545,602.167388,46.031909,46.031909,82.031909,240.8
2546,583.910639,45.014854,45.014854,81.014854,249.7
2547,587.84176,44.323757,44.323757,80.323757,238.1
2548,575.87375,44.371711,44.371711,80.371711,250.07
2549,611.616772,45.529342,45.529342,81.529342,244.756667
2550,692.167037,47.923347,47.923347,83.923347,243.406667
2551,681.67516,51.154929,51.154929,87.154929,251.283333
2552,659.240409,54.19418,54.19418,90.19418,264.323333
2553,601.380925,55.829,55.829,91.829,261.99
2554,618.902738,55.517815,55.517815,91.517815,258.29
2555,669.987801,53.813854,53.813854,89.813854,258.793333
2556,675.866713,51.868433,51.868433,87.868433,271.423333
2557,599.145387,50.597916,50.597916,86.597916,256.296667
2558,615.871732,50.353933,50.353933,86.353933,254.736667
2559,604.880616,51.142881,51.142881,87.142881,253.36
2560,615.649178,52.870748,52.870748,88.870748,250.1
2561,652.482007,55.314977,55.314977,91.314977,263.766667
2562,697.3713,57.971854,57.971854,93.971854,267.55
2563,613.36525,60.071526,60.071526,96.071526,256.68
2564,599.078135,60.874325,60.874325,96.874325,256.58
2565,621.600341,60.071413,60.071413,96.071413,254.883333
2566,588.153679,57.970895,57.970895,93.970895,260.135
2567,591.024341,55.308584,55.308584,91.308584,255.88
2568,600.056119,52.836811,52.836811,88.836811,257.34
2569,590.833274,46.014064,46.014064,82.014064,259.4
2570,570.70627,44.997009,44.997009,80.997009,253.74
2571,569.222148,44.305912,44.305912,80.305912,255.02
2572,565.948728,44.353866,44.353866,80.353866,251
2573,550.256879,45.511497,45.511497,81.511497,262.08
2574,563.736991,47.905502,47.905502,83.905502,280.6
2575,558.703698,51.137084,51.137084,87.137084,278.51
2576,556.010465,54.176335,54.176335,90.176335,273.77
2577,579.935889,55.811156,55.811156,91.811156,259.17
2578,554.772644,55.49997,55.49997,91.49997,264.05
2579,564.434781,53.796009,53.796009,89.796009,276.09
2580,586.169447,51.850588,51.850588,87.850588,277.32
2581,581.838492,50.580071,50.580071,86.580071,258.51
2582,573.094659,50.336088,50.336088,86.336088,263.24
2583,590.515394,51.125036,51.125036,87.125036,260.185
2584,577.936226,52.852903,52.852903,88.852903,263.18
2585,593.488128,55.297132,55.297132,91.297132,272.26
2586,663.664624,57.954009,57.954009,93.954009,281.61
2587,620.202437,60.053681,60.053681,96.053681,262.56
2588,549.805678,60.85648,60.85648,96.85648,258.49
2589,541.164613,60.053568,60.053568,96.053568,264.76
2590,541.610044,57.95305,57.95305,93.95305,255.12
2591,551.82662,55.290739,55.290739,91.290739,256.03
2592,566.374183,52.818966,52.818966,88.818966,258.78
2593,582.01738,45.995077,45.995077,81.995077,255.97
2594,553.131662,44.978022,44.978022,80.978022,249.14
2595,541.138884,44.286925,44.286925,80.286925,248.59
2596,527.100679,44.334879,44.334879,80.334879,247.35
2597,524.696444,45.492511,45.492511,81.492511,240.79
2598,538.9019,47.886515,47.886515,83.886515,246.49
2599,548.9325,51.118097,51.118097,87.118097,244.46
2600,588.654204,54.157348,54.157348,90.157348,243.328333
2601,557.052076,55.792169,55.792169,91.792169,252.406667
2602,560.853515,55.480983,55.480983,91.480983,242.796667
2603,569.705672,53.777022,53.777022,89.777022,246.763333
2604,579.389121,51.831601,51.831601,87.831601,254.48
2605,550.520047,50.561084,50.561084,86.561084,253.05
2606,560.705383,50.317101,50.317101,86.317101,250.01
2607,551.292589,51.106049,51.106049,87.106049,255.87
2608,538.678824,52.833916,52.833916,88.833916,251.72
2609,581.051352,55.278145,55.278145,91.278145,256.796667
2610,616.057401,57.935022,57.935022,93.935022,274.736667
2611,538.419592,60.034694,60.034694,96.034694,264.393333
2612,541.061757,60.837493,60.837493,96.837493,240.583333
2613,543.595417,60.034581,60.034581,96.034581,236.373333
2614,566.261139,57.934063,57.934063,93.934063,236.603333
2615,548.289345,55.271752,55.271752,91.271752,241.5
2616,550.563993,52.799979,52.799979,88.799979,247.513333
2617,559.870268,45.974954,45.974954,81.974954,253.11
2618,553.632052,44.957899,44.957899,80.957899,242.08
2619,626.286156,44.266802,44.266802,80.266802,236.36
2620,595.489181,44.314755,44.314755,80.314755,228.11
2621,554.734122,45.472387,45.472387,81.472387,226.44
2622,542.582276,47.866392,47.866392,83.866392,235.18
2623,541.254746,51.097974,51.097974,87.097974,240.18
2624,563.711553,54.137224,54.137224,90.137224,255.28
2625,551.181772,55.772045,55.772045,91.772045,243.77
2626,556.433507,55.46086,55.46086,91.46086,245.34
2627,589.987156,53.756898,53.756898,89.756898,248.77
2628,590.833274,51.811478,51.811478,87.811478,252.22
2629,552.020325,50.540961,50.540961,86.540961,240.91
2630,554.610971,50.296978,50.296978,86.296978,245.28
2631,549.083344,51.085926,51.085926,87.085926,241.26
2632,616.764655,52.813793,52.813793,88.813793,235.06
2633,605.900188,55.258022,55.258022,91.258022,252.785
2634,664.327158,57.914899,57.914899,93.914899,263.29
2635,593.509733,60.014571,60.014571,96.014571,234.92
2636,567.011237,60.81737,60.81737,96.81737,236.32
2637,546.011388,60.014458,60.014458,96.014458,237.61
2638,606.052198,57.913939,57.913939,93.913939,247.47
2639,630.190313,55.251629,55.251629,91.251629,239.88
2640,617.349874,52.779856,52.779856,88.779856,240.93
2641,574.855587,40.9537,40.9537,76.9537,244.94
2642,570.362708,39.936645,39.936645,75.936645,242.3
2643,573.400215,39.245548,39.245548,75.245548,265.97
2644,562.674114,39.293502,39.293502,75.293502,257.41
2645,592.562017,40.451134,40.451134,76.451134,242.78
2646,588.685546,42.845138,42.845138,78.845138,237.1
2647,588.716895,46.07672,46.07672,82.07672,236.42
2648,695.919727,49.115971,49.115971,85.115971,246.48
2649,609.921325,50.750792,50.750792,86.750792,241.21
2650,572.817578,50.439606,50.439606,86.439606,243.508333
2651,593.725975,48.735645,48.735645,84.735645,255.703333
2652,665.347365,46.790224,46.790224,82.790224,255.97
2653,545.790847,45.519707,45.519707,81.519707,241.586667
2654,545.174163,45.275724,45.275724,81.275724,242.726667
2655,577.359809,46.064673,46.064673,82.064673,240.25
2656,614.356326,47.792539,47.792539,83.792539,263.48
2657,613.36525,50.236768,50.236768,86.236768,260.476667
2658,631.928769,52.893645,52.893645,88.893645,274.88
2659,545.471567,54.993317,54.993317,90.993317,256.803333
2660,532.02712,55.796116,55.796116,91.796116,247.756667
2661,530.15238,54.993204,54.993204,90.993204,238.796667
2662,529.616369,52.892686,52.892686,88.892686,260.52
2663,527.742717,50.230375,50.230375,86.230375,266.956667
2664,545.935501,47.758602,47.758602,83.758602,263.636667
2665,546.225674,40.931322,40.931322,76.931322,250.64
2666,533.956777,39.914268,39.914268,75.914268,249.013333
2667,544.279227,39.22317,39.22317,75.22317,250.12
2668,538.957796,39.271124,39.271124,75.271124,246.07
2669,528.900818,40.428756,40.428756,76.428756,256.51
2670,546.059719,42.82276,42.82276,78.82276,255.29
2671,534.042297,46.054343,46.054343,82.054343,255.3
2672,548.267999,49.093593,49.093593,85.093593,281.33
2673,556.957242,50.728414,50.728414,86.728414,261.61
2674,536.959316,50.417228,50.417228,86.417228,249.91
2675,536.438769,48.713267,48.713267,84.713267,256.87
2676,587.256209,46.767846,46.767846,82.767846,275.1
2677,542.799524,45.497329,45.497329,81.497329,238.69
2678,525.625005,45.253347,45.253347,81.253347,238.39
2679,544.191701,46.042295,46.042295,82.042295,251.52
2680,573.929893,47.770162,47.770162,83.770162,262.83
2681,570.101228,50.21439,50.21439,86.21439,262.56
2682,593.358554,52.871267,52.871267,88.871267,267.39
2683,539.73938,54.970939,54.970939,90.970939,238.535
2684,536.337596,55.773739,55.773739,91.773739,231.26
2685,522.217408,54.970827,54.970827,90.970827,230.1
2686,528.450285,52.870308,52.870308,88.870308,229.76
2687,540.581784,50.207998,50.207998,86.207998,228.54
2688,534.968799,47.736225,47.736225,83.736225,238.76
2689,541.132454,45.907827,45.907827,81.907827,238.9
2690,542.123756,44.890772,44.890772,80.890772,232.41
2691,525.572584,44.199675,44.199675,80.199675,237.95
2692,519.703165,44.247629,44.247629,80.247629,235.21
2693,517.981943,45.405261,45.405261,81.405261,229.3
2694,527.953805,47.799265,47.799265,83.799265,238.82
2695,535.4643,51.030848,51.030848,87.030848,232.46
2696,584.274359,54.070098,54.070098,90.070098,239.87
2697,541.274076,55.704919,55.704919,91.704919,243.73
2698,557.503901,55.393733,55.393733,91.393733,234.12
2699,615.05702,53.689772,53.689772,89.689772,233.83
2700,595.587746,51.744351,51.744351,87.744351,254.831667
2701,537.248514,50.473834,50.473834,86.473834,237.21
2702,558.005909,50.229851,50.229851,86.229851,227.096667
2703,539.632507,51.0188,51.0188,87.0188,237.906667
2704,570.624805,52.746666,52.746666,88.746666,250.31
2705,568.447604,55.190895,55.190895,91.190895,248.916667
2706,610.785036,57.847772,57.847772,93.847772,256.756667
2707,562.523195,59.947444,59.947444,95.947444,235.626667
2708,566.261139,60.750243,60.750243,96.750243,233.773333
2709,556.957242,59.947331,59.947331,95.947331,224.606667
2710,544.562752,57.846813,57.846813,93.846813,229.006667
2711,551.492441,55.184503,55.184503,91.184503,236.07
2712,537.666734,52.71273,52.71273,88.71273,232.996667
2713,548.588815,45.883222,45.883222,81.883222,236.356667
2714,556.014374,44.866167,44.866167,80.866167,236.866667
2715,589.629071,44.17507,44.17507,80.17507,227.06
2716,576.158117,44.223023,44.223023,80.223023,222.61
2717,537.266636,45.380655,45.380655,81.380655,221.148333
2718,548.738989,47.77466,47.77466,83.77466,228.68
2719,523.743962,51.006242,51.006242,87.006242,233.28
2720,529.381822,54.045492,54.045492,90.045492,253.86
2721,558.29401,55.680313,55.680313,91.680313,236.43
2722,563.533667,55.369128,55.369128,91.369128,243.96
2723,569.894283,53.665166,53.665166,89.665166,263.02
2724,597.505991,51.719745,51.719745,87.719745,257.44
2725,553.472515,50.449228,50.449228,86.449228,234.28
2726,543.465454,50.205246,50.205246,86.205246,244.17
2727,536.284107,50.994194,50.994194,86.994194,235.57
2728,542.766562,52.722061,52.722061,88.722061,249.11
2729,570.083217,55.166289,55.166289,91.166289,248.3
2730,602.499079,57.823166,57.823166,93.823166,261.85
2731,573.539371,59.922839,59.922839,95.922839,246.01
2732,534.581325,60.725638,60.725638,96.725638,247.47
2733,545.852806,59.922726,59.922726,95.922726,243.73
2734,554.257882,57.822207,57.822207,93.822207,238.09
2735,537.941078,55.159897,55.159897,91.159897,241.35
2736,560.861751,52.688124,52.688124,88.688124,234.51
2737,537.794605,45.857513,45.857513,81.857513,240.02
2738,534.173694,44.840458,44.840458,80.840458,243.33
2739,531.107762,44.149361,44.149361,80.149361,255.59
2740,533.757756,44.197314,44.197314,80.197314,251.1
2741,523.8623,45.354946,45.354946,81.354946,234.29
2742,529.055432,47.748951,47.748951,83.748951,240.09
2743,561.270327,50.980533,50.980533,86.980533,225.75
2744,598.775856,54.019783,54.019783,90.019783,229.61
2745,556.626107,55.654604,55.654604,91.654604,244.29
2746,567.863688,55.343419,55.343419,91.343419,246.41
2747,578.718684,53.639457,53.639457,89.639457,248.84
2748,594.343995,51.694036,51.694036,87.694036,258.02
2749,551.804299,50.423519,50.423519,86.423519,242.23
2750,530.327097,50.179537,50.179537,86.179537,237.545
2751,541.351454,50.968485,50.968485,86.968485,233.743333
2752,601.859184,52.696352,52.696352,88.696352,237.193333
2753,644.154161,55.140581,55.140581,91.140581,248.91
2754,638.01808,57.797458,57.797458,93.797458,259.496667
2755,543.057173,59.89713,59.89713,95.89713,250.17
2756,560.952397,60.699929,60.699929,96.699929,232.773333
2757,568.155251,59.897017,59.897017,95.897017,238.72
2758,597.639172,57.796498,57.796498,93.796498,242.573333
2759,559.33379,55.134188,55.134188,91.134188,234.66
2760,579.43297,52.662415,52.662415,88.662415,245.343333
2761,576.700267,45.830708,45.830708,81.830708,234.58
2762,568.314618,44.813654,44.813654,80.813654,232.536667
2763,589.534435,44.122556,44.122556,80.122556,230.696667
2764,581.838492,44.17051,44.17051,80.17051,232.293333
2765,570.137257,45.328142,45.328142,81.328142,225.836667
2766,565.249209,47.722146,47.722146,83.722146,229.4
2767,565.455983,50.953729,50.953729,86.953729,245.508333
2768,611.689283,53.992979,53.992979,89.992979,258.4
2769,600.836083,55.6278,55.6278,91.6278,243.59
2770,658.606001,55.316614,55.316614,91.316614,248.08
2771,670.318989,53.612653,53.612653,89.612653,251.99
2772,686.448192,51.667232,51.667232,87.667232,257.06
2773,604.028987,50.396715,50.396715,86.396715,241.49
2774,612.744033,50.152733,50.152733,86.152733,230.21
2775,628.730671,50.941681,50.941681,86.941681,236.47
2776,725.970594,52.669548,52.669548,88.669548,259.31
2777,839.834543,55.113776,55.113776,91.113776,270.34
2778,766.393582,57.770653,57.770653,93.770653,268.88
2779,616.44171,59.870325,59.870325,95.870325,237.34
2780,623.510181,60.673125,60.673125,96.673125,245.38
2781,609.145249,59.870213,59.870213,95.870213,248.19
2782,602.556333,57.769694,57.769694,93.769694,258.06
2783,622.41837,55.107384,55.107384,91.107384,244.72
2784,617.387292,52.635611,52.635611,88.635611,252.235
2785,585.48374,45.802816,45.802816,81.802816,251.29
2786,601.950444,44.785762,44.785762,80.785762,248.25
2787,605.246944,44.094664,44.094664,80.094664,255.56
2788,614.946205,44.142618,44.142618,80.142618,253.05
2789,592.411805,45.30025,45.30025,81.30025,248.93
2790,587.789841,47.694254,47.694254,83.694254,247.08
2791,604.306588,50.925837,50.925837,86.925837,247.16
2792,652.673379,53.965087,53.965087,89.965087,262.1
2793,584.193445,55.599908,55.599908,91.599908,259.01
2794,594.050929,55.288722,55.288722,91.288722,273.63
2795,710.363082,53.584761,53.584761,89.584761,276.16
2796,870.646394,51.63934,51.63934,87.63934,279.47
2797,674.854047,50.368823,50.368823,86.368823,259.94
2798,581.392351,50.124841,50.124841,86.124841,262.39
2799,573.734468,50.913789,50.913789,86.913789,266.59
2800,607.67436,52.641656,52.641656,88.641656,286.88
2801,647.199319,55.085884,55.085884,91.085884,304.458333
2802,733.173616,57.742761,57.742761,93.742761,293.653333
2803,585.769882,59.842433,59.842433,95.842433,263.393333
2804,608.277797,60.645233,60.645233,96.645233,265.256667
2805,597.372925,59.842321,59.842321,95.842321,261.393333
2806,593.272233,57.741802,57.741802,93.741802,259.513333
2807,572.956035,55.079492,55.079492,91.079492,264.973333
2808,602.098848,52.607719,52.607719,88.607719,263.646667
2809,583.698927,40.773845,40.773845,76.773845,254.256667
2810,568.727407,39.75679,39.75679,75.75679,259.336667
2811,571.032726,39.065693,39.065693,75.065693,260.29
2812,574.996479,39.113647,39.113647,75.113647,262.99
2813,583.427224,40.271278,40.271278,76.271278,256.463333
2814,626.403757,42.665283,42.665283,78.665283,255.003333
2815,664.744033,45.896865,45.896865,81.896865,260.02
2816,676.834594,48.936116,48.936116,84.936116,272.303333
2817,578.77684,50.570937,50.570937,86.570937,253.833333
2818,569.948231,50.259751,50.259751,86.259751,256.97
2819,626.325349,48.55579,48.55579,84.55579,284.06
2820,639.431983,46.610369,46.610369,82.610369,308.55
2821,579.8283,45.339852,45.339852,81.339852,277.11
2822,582.286176,45.095869,45.095869,81.095869,252.9
2823,582.077065,45.884817,45.884817,81.884817,250.24
2824,619.886156,47.612684,47.612684,83.612684,260.98
2825,628.215656,50.056913,50.056913,86.056913,271.05
2826,661.244692,52.71379,52.71379,88.71379,288.14
2827,563.703076,54.813462,54.813462,90.813462,254.35
2828,577.206555,55.616261,55.616261,91.616261,261.15
2829,568.332341,54.813349,54.813349,90.813349,257.98
2830,561.48148,52.712831,52.712831,88.712831,256.73
2831,549.936407,50.05052,50.05052,86.05052,249.96
2832,545.887252,47.578747,47.578747,83.578747,259.38
2833,550.585975,40.743803,40.743803,76.743803,253.67
2834,557.838267,39.726748,39.726748,75.726748,248.405
2835,567.177675,39.035651,39.035651,75.035651,249.26
2836,593.628627,39.083605,39.083605,75.083605,250.69
2837,607.061285,40.241236,40.241236,76.241236,253.58
2838,616.59069,42.635241,42.635241,78.635241,266
2839,584.811646,45.866823,45.866823,81.866823,274.97
2840,613.450682,48.906074,48.906074,84.906074,277.52
2841,578.128967,50.540895,50.540895,86.540895,252.01
2842,620.215102,50.229709,50.229709,86.229709,248.86
2843,766.226145,48.525748,48.525748,84.525748,265.98
2844,692.354437,46.580327,46.580327,82.580327,269.22
2845,646.079522,45.30981,45.30981,81.30981,252.37
2846,623.639031,45.065827,45.065827,81.065827,253.2
2847,619.431635,45.854775,45.854775,81.854775,253.13
2848,615.575053,47.582642,47.582642,83.582642,264.31
2849,676.931566,50.026871,50.026871,86.026871,266.46
2850,705.583058,52.683748,52.683748,88.683748,274.21
2851,635.955322,54.78342,54.78342,90.78342,246.476667
2852,598.641697,55.586219,55.586219,91.586219,251.466667
2853,565.326701,54.783307,54.783307,90.783307,248.256667
2854,570.326606,52.682789,52.682789,88.682789,245.593333
2855,559.26087,50.020478,50.020478,86.020478,240.643333
2856,556.578901,47.548705,47.548705,83.548705,238.736667
2857,562.347414,45.712699,45.712699,81.712699,240.94
2858,555.430122,44.695644,44.695644,80.695644,244.1
2859,539.238036,44.004547,44.004547,80.004547,247.82
2860,550.993731,44.052501,44.052501,80.052501,256.84
2861,567.414643,45.210133,45.210133,81.210133,260.806667
2862,550.388355,47.604137,47.604137,83.604137,263.433333
2863,565.844798,50.835719,50.835719,86.835719,254.036667
2864,592.368917,53.87497,53.87497,89.87497,262.583333
2865,642.075979,55.509791,55.509791,91.509791,251.786667
2866,625.972889,55.198605,55.198605,91.198605,264.396667
2867,612.561733,53.494644,53.494644,89.494644,293.626667
2868,577.417329,51.549223,51.549223,87.549223,280.636667
2869,554.757232,50.278706,50.278706,86.278706,270.79
2870,591.951407,50.034723,50.034723,86.034723,265.29
2871,547.630389,50.823671,50.823671,86.823671,264.19
2872,555.104631,52.551538,52.551538,88.551538,263.16
2873,693.806407,54.995767,54.995767,90.995767,277.54
2874,662.528401,57.652644,57.652644,93.652644,283.17
2875,608.171153,59.752316,59.752316,95.752316,268.38
2876,583.578101,60.555115,60.555115,96.555115,258.36
2877,576.628793,59.752203,59.752203,95.752203,247.11
2878,562.892514,57.651685,57.651685,93.651685,249
2879,540.824525,54.989374,54.989374,90.989374,244.69
2880,568.500844,52.517601,52.517601,88.517601,243.57
2881,550.030958,45.680543,45.680543,81.680543,245.94
2882,563.069264,44.663488,44.663488,80.663488,243.08
2883,553.586439,43.972391,43.972391,79.972391,235.36
2884,546.274148,44.020344,44.020344,80.020344,241.125
2885,559.171822,45.177976,45.177976,81.177976,247.91
2886,552.980612,47.571981,47.571981,83.571981,240.85
2887,568.465349,50.803563,50.803563,86.803563,247.31
2888,644.395727,53.842813,53.842813,89.842813,256.45
2889,607.544485,55.477634,55.477634,91.477634,269.85
2890,594.376594,55.166449,55.166449,91.166449,265.89
2891,595.817981,53.462487,53.462487,89.462487,262.34
2892,669.625538,51.517066,51.517066,87.517066,251.54
2893,639.62676,50.246549,50.246549,86.246549,242.79
2894,584.948847,50.002567,50.002567,86.002567,256.32
2895,605.212021,50.791515,50.791515,86.791515,239.57
2896,632.857415,52.519382,52.519382,88.519382,242.94
2897,737.353933,54.963611,54.963611,90.963611,280.92
2898,735.432128,57.620488,57.620488,93.620488,274.49
2899,582.047219,59.72016,59.72016,95.72016,261.12
2900,600.904087,60.522959,60.522959,96.522959,253.63
2901,602.510527,59.720047,59.720047,95.720047,251.265
2902,592.594226,57.619528,57.619528,93.619528,246.156667
2903,567.572915,54.957218,54.957218,90.957218,236.196667
2904,584.304713,52.485445,52.485445,88.485445,248.32
2905,560.434399,45.647343,45.647343,81.647343,240.686667
2906,568.075656,44.630288,44.630288,80.630288,246.226667
2907,554.572521,43.939191,43.939191,79.939191,242.28
2908,568.128713,43.987145,43.987145,79.987145,238.923333
2909,568.447604,45.144777,45.144777,81.144777,244.653333
2910,575.363582,47.538781,47.538781,83.538781,242.013333
2911,557.730658,50.770363,50.770363,86.770363,248.306667
2912,552.005408,53.809614,53.809614,89.809614,270.396667
2913,596.974414,55.444435,55.444435,91.444435,260.943333
2914,607.532685,55.133249,55.133249,91.133249,257.07
2915,584.153008,53.429288,53.429288,89.429288,257.51
2916,557.004646,51.483867,51.483867,87.483867,276.013333
2917,569.867319,50.21335,50.21335,86.21335,269.266667
2918,562.47294,49.969367,49.969367,85.969367,254.081667
2919,566.7839,50.758315,50.758315,86.758315,260.28
2920,586.323438,52.486182,52.486182,88.486182,267.62
2921,578.486329,54.930411,54.930411,90.930411,288.86
2922,592.401083,57.587288,57.587288,93.587288,288.53
2923,646.122491,59.68696,59.68696,95.68696,253.12
2924,612.343218,60.489759,60.489759,96.489759,259.03
2925,553.700517,59.686847,59.686847,95.686847,259.5
2926,554.135409,57.586329,57.586329,93.586329,256.52
2927,552.965524,54.924018,54.924018,90.924018,247.97
2928,563.339199,52.452245,52.452245,88.452245,253.87
2929,562.105181,45.61311,45.61311,81.61311,245.17
2930,553.662473,44.596056,44.596056,80.596056,248.16
2931,544.711722,43.904958,43.904958,79.904958,242.71
2932,545.174163,43.952912,43.952912,79.952912,248.18
2933,550.512726,45.110544,45.110544,81.110544,248.3
2934,560.730056,47.504548,47.504548,83.504548,250.82
2935,543.090277,50.736131,50.736131,86.736131,244.055
2936,575.175182,53.775381,53.775381,89.775381,241.58
2937,612.780516,55.410202,55.410202,91.410202,257.86
2938,568.722959,55.099016,55.099016,91.099016,260.94
2939,573.474412,53.395055,53.395055,89.395055,253.82
2940,620.836583,51.449634,51.449634,87.449634,243.75
2941,569.822392,50.179117,50.179117,86.179117,248.83
2942,573.883333,49.935135,49.935135,85.935135,245.99
2943,585.555218,50.724083,50.724083,86.724083,247.67
2944,636.991125,52.45195,52.45195,88.45195,254.53
2945,643.728493,54.896178,54.896178,90.896178,251.91
2946,639.14014,57.553055,57.553055,93.553055,256.46
2947,596.411623,59.652727,59.652727,95.652727,270.8
2948,565.611334,60.455527,60.455527,96.455527,262.28
2949,562.247108,59.652615,59.652615,95.652615,242.33
2950,547.019116,57.552096,57.552096,93.552096,242.52
2951,552.139754,54.889786,54.889786,90.889786,242.006667
2952,554.618662,52.418013,52.418013,88.418013,246.333333
2953,546.163397,45.577854,45.577854,81.577854,245.843333
2954,560.952397,44.5608,44.5608,80.5608,242.313333
2955,555.990929,43.869703,43.869703,79.869703,238.163333
2956,565.068621,43.917656,43.917656,79.917656,238.39
2957,562.372506,45.075288,45.075288,81.075288,240.906667
2958,577.705335,47.469293,47.469293,83.469293,245.29
2959,564.811187,50.700875,50.700875,86.700875,237.356667
2960,591.503117,53.740125,53.740125,89.740125,250.753333
2961,589.424105,55.374946,55.374946,91.374946,262.4
2962,578.428309,55.06376,55.06376,91.06376,248.403333
2963,612.96304,53.359799,53.359799,89.359799,250.146667
2964,617.961964,51.414378,51.414378,87.414378,264.56
2965,562.222047,50.143861,50.143861,86.143861,248.813333
2966,551.737372,49.899879,49.899879,85.899879,250.293333
2967,566.522195,50.688827,50.688827,86.688827,254.28
2968,665.952091,52.416694,52.416694,88.416694,268.631667
2969,661.473454,54.860922,54.860922,90.860922,270.24
2970,722.254413,57.517799,57.517799,93.517799,269.15
2971,591.503117,59.617472,59.617472,95.617472,257.69
2972,577.302315,60.420271,60.420271,96.420271,247.22
2973,557.265818,59.617359,59.617359,95.617359,245.9
2974,586.941142,57.51684,57.51684,93.51684,239.28
2975,567.282929,54.85453,54.85453,90.85453,241.64
2976,536.474519,52.382757,52.382757,88.382757,242.73
2977,538.106289,40.541586,40.541586,76.541586,238.87
2978,544.911971,39.524531,39.524531,75.524531,245.38
2979,550.556668,38.833434,38.833434,74.833434,243.32
2980,550.953231,38.881388,38.881388,74.881388,247.01
2981,547.299541,40.039019,40.039019,76.039019,245.95
2982,550.990048,42.433024,42.433024,78.433024,251.64
2983,551.314771,45.664606,45.664606,81.664606,246.91
2984,583.870288,48.703857,48.703857,84.703857,256.18
2985,595.423506,50.338678,50.338678,86.338678,255.525
2986,568.731855,50.027492,50.027492,86.027492,251.89
2987,577.666896,48.323531,48.323531,84.323531,262.45
2988,632.210965,46.37811,46.37811,82.37811,263.8
2989,601.836377,45.107593,45.107593,81.107593,245.89
2990,564.178935,44.86361,44.86361,80.86361,241.46
2991,586.765842,45.652558,45.652558,81.652558,247.57
2992,573.901955,47.380425,47.380425,83.380425,275.23
2993,585.71874,49.824654,49.824654,85.824654,274.26
2994,590.610684,52.481531,52.481531,88.481531,286.22
2995,587.251037,54.581203,54.581203,90.581203,256.18
2996,565.611334,55.384002,55.384002,91.384002,251.5
2997,560.631402,54.58109,54.58109,90.58109,243.86
2998,557.95798,52.480572,52.480572,88.480572,254.73
2999,556.886182,49.818261,49.818261,85.818261,247.86
3000,549.342617,47.346488,47.346488,83.346488,233.85
3001,554.896025,40.504316,40.504316,76.504316,234.75
3002,557.301966,39.487261,39.487261,75.487261,238.261667
3003,537.935212,38.796164,38.796164,74.796164,240.926667
3004,535.314603,38.844117,38.844117,74.844117,241.106667
3005,594.38746,40.001749,40.001749,76.001749,239.413333
3006,597.17354,42.395754,42.395754,78.395754,241.123333
3007,670.350553,45.627336,45.627336,81.627336,241.27
3008,618.249967,48.666586,48.666586,84.666586,253.726667
3009,606.309761,50.301407,50.301407,86.301407,257.39
3010,588.633312,49.990222,49.990222,85.990222,248.406667
3011,610.100913,48.28626,48.28626,84.28626,251.626667
3012,642.075979,46.340839,46.340839,82.340839,267.46
3013,595.653492,45.070322,45.070322,81.070322,259.303333
3014,569.867319,44.82634,44.82634,80.82634,246.663333
3015,558.921325,45.615288,45.615288,81.615288,254.673333
3016,580.859013,47.343155,47.343155,83.343155,250.3
3017,609.706064,49.787384,49.787384,85.787384,254.333333
3018,667.727758,52.444261,52.444261,88.444261,255.9
3019,608.669392,54.543933,54.543933,90.543933,254.83
3020,600.157637,55.346732,55.346732,91.346732,247.22
3021,569.034685,54.54382,54.54382,90.54382,245.25
3022,577.676504,52.443301,52.443301,88.443301,244.15
3023,580.092543,49.780991,49.780991,85.780991,243.7
3024,600.904087,47.309218,47.309218,83.309218,240.37
3025,561.971792,45.466055,45.466055,81.466055,242.85
3026,556.909862,44.449,44.449,80.449,243.8752
3027,545.133238,43.757903,43.757903,79.757903,234.6568
3028,547.461264,43.805856,43.805856,79.805856,233.194667
3029,560.656056,44.963488,44.963488,80.963488,257.073333
3030,587.997633,47.357493,47.357493,83.357493,257.92
3031,564.734082,50.589075,50.589075,86.589075,276.166667
3032,687.100561,53.628325,53.628325,89.628325,263.876667
3033,587.43731,55.263146,55.263146,91.263146,260.593333
3034,564.708393,54.951961,54.951961,90.951961,255.273333
3035,613.182315,53.247999,53.247999,89.247999,261.66
3036,696.903984,51.302578,51.302578,87.302578,269.85
3037,602.201669,50.032061,50.032061,86.032061,257.46
3038,603.406094,49.788079,49.788079,85.788079,248.83
3039,607.568093,50.577027,50.577027,86.577027,244.55
3040,614.614162,52.304894,52.304894,88.304894,252.72
3041,624.763619,54.749123,54.749123,90.749123,261.55
3042,742.11303,57.406,57.406,93.406,275.61
3043,710.462275,59.505672,59.505672,95.505672,261.26
3044,698.516575,60.308471,60.308471,96.308471,258.81
3045,604.74708,59.505559,59.505559,95.505559,248.52
3046,566.63552,57.40504,57.40504,93.40504,251.63
3047,573.316802,54.74273,54.74273,90.74273,252.46
3048,585.759653,52.270957,52.270957,88.270957,259.03
3049,595.051891,45.426814,45.426814,81.426814,245.79
3050,565.836143,44.409759,44.409759,80.409759,243.71
3051,555.554437,43.718662,43.718662,79.718662,238.37
3052,549.011478,43.766616,43.766616,79.766616,239.49
3053,569.831378,44.924247,44.924247,80.924247,245.26
3054,600.123791,47.318252,47.318252,83.318252,255.07
3055,570.760614,50.549834,50.549834,86.549834,246.88
3056,552.319223,53.589085,53.589085,89.589085,279.6
3057,578.283375,55.223906,55.223906,91.223906,254.89
3058,569.454691,54.91272,54.91272,90.91272,246.87
3059,568.883163,53.208759,53.208759,89.208759,262.51
3060,604.202433,51.263338,51.263338,87.263338,281.52
3061,658.877694,49.992821,49.992821,85.992821,259.41
3062,575.902156,49.748838,49.748838,85.748838,259.76
3063,585.708515,50.537786,50.537786,86.537786,260.95
3064,605.982022,52.265653,52.265653,88.265653,262.9
3065,647.891112,54.709882,54.709882,90.709882,265.58
3066,638.640738,57.366759,57.366759,93.366759,289.67
3067,574.602403,59.466431,59.466431,95.466431,284.078333
3068,599.583231,60.26923,60.26923,96.26923,281.83
3069,605.80671,59.466318,59.466318,95.466318,260.146667
3070,593.563765,57.3658,57.3658,93.3658,247.613333
3071,580.770339,54.703489,54.703489,90.703489,250.09
3072,566.600639,52.231716,52.231716,88.231716,254.346667
3073,596.908096,45.386606,45.386606,81.386606,257.276667
3074,572.375632,44.369551,44.369551,80.369551,247.306667
3075,568.075656,43.678454,43.678454,79.678454,243.133333
3076,575.476765,43.726407,43.726407,79.726407,240.216667
3077,586.832843,44.884039,44.884039,80.884039,248.816667
3078,599.044519,47.278044,47.278044,83.278044,258.8
3079,598.139626,50.509626,50.509626,86.509626,249.16
3080,675.673539,53.548876,53.548876,89.548876,241.72
3081,621.218082,55.183697,55.183697,91.183697,251.84
3082,722.08642,54.872512,54.872512,90.872512,248.676667
3083,738.757815,53.16855,53.16855,89.16855,248.463333
3084,861.891693,51.223129,51.223129,87.223129,259.99
3085,781.130226,49.952612,49.952612,85.952612,273.69
3086,778.667969,49.70863,49.70863,85.70863,251.01
3087,709.175041,50.497578,50.497578,86.497578,254.33
3088,697.3713,52.225445,52.225445,88.225445,260.5
3089,777.313115,54.669674,54.669674,90.669674,271.21
3090,838.091647,57.326551,57.326551,93.326551,269.03
3091,729.897416,59.426223,59.426223,95.426223,250.55
3092,708.690249,60.229022,60.229022,96.229022,258.64
3093,648.281147,59.42611,59.42611,95.42611,260.45
3094,694.071924,57.325591,57.325591,93.325591,256.82
3095,658.741811,54.663281,54.663281,90.663281,252.69
3096,677.109439,52.191508,52.191508,88.191508,247.6
3097,670.003561,45.345441,45.345441,81.345441,257.84
3098,628.849705,44.328386,44.328386,80.328386,249.75
3099,627.688792,43.637289,43.637289,79.637289,248.16
3100,649.077669,43.685243,43.685243,79.685243,250.86
3101,663.510785,44.842875,44.842875,80.842875,254.695
3102,677.98426,47.236879,47.236879,83.236879,258.48
3103,734.426649,50.468462,50.468462,86.468462,258.21
3104,714.847038,53.507712,53.507712,89.507712,277.28
3105,692.78077,55.142533,55.142533,91.142533,264.66
3106,683.555136,54.831347,54.831347,90.831347,286.19
3107,670.871875,53.127386,53.127386,89.127386,289.1
3108,758.924396,51.181965,51.181965,87.181965,307.41
3109,658.334602,49.911448,49.911448,85.911448,295.96
3110,651.000342,49.667466,49.667466,85.667466,295.58
3111,655.99476,50.456414,50.456414,86.456414,283.84
3112,699.666041,52.18428,52.18428,88.18428,281.61
3113,832.138278,54.628509,54.628509,90.628509,295.37
3114,870.646394,57.285386,57.285386,93.285386,304.22
3115,628.49281,59.385058,59.385058,95.385058,287.57
3116,639.30686,60.187857,60.187857,96.187857,283.75
3117,614.983136,59.384946,59.384946,95.384946,271.3
3118,644.751433,57.284427,57.284427,93.284427,280.971667
3119,600.19149,54.622117,54.622117,90.622117,273.66
3120,605.002636,52.150344,52.150344,88.150344,277.576667
3121,604.932899,45.303333,45.303333,81.303333,276.093333
3122,578.893234,44.286278,44.286278,80.286278,266.62
3123,605.316812,43.595181,43.595181,79.595181,266.326667
3124,600.496498,43.643135,43.643135,79.643135,271.483333
3125,627.978397,44.800767,44.800767,80.800767,274.703333
3126,585.463323,47.194771,47.194771,83.194771,277.756667
3127,650.810298,50.426354,50.426354,86.426354,288.356667
3128,692.576054,53.465604,53.465604,89.465604,284.883333
3129,620.493883,55.100425,55.100425,91.100425,280.72
3130,632.574348,54.789239,54.789239,90.789239,278.89
3131,657.387016,53.085278,53.085278,89.085278,276.276667
3132,727.16119,51.139857,51.139857,87.139857,292.453333
3133,640.43552,49.86934,49.86934,85.86934,273.57
3134,617.586976,49.625357,49.625357,85.625357,271.923333
3135,637.728111,50.414306,50.414306,86.414306,273.05
3136,607.355756,52.142172,52.142172,88.142172,282.05
3137,785.50497,54.586401,54.586401,90.586401,303.4
3138,782.692394,57.243278,57.243278,93.243278,308.55
3139,802.751964,59.34295,59.34295,95.34295,266.53
3140,686.749106,60.145749,60.145749,96.145749,269.19
3141,648.454704,59.342838,59.342838,95.342838,263
3142,574.630508,57.242319,57.242319,93.242319,270.48
3143,628.849705,54.580009,54.580009,90.580009,258.82
3144,602.327431,52.108236,52.108236,88.108236,260.22
3145,582.47566,40.260294,40.260294,76.260294,260.2
3146,595.150171,39.243239,39.243239,75.243239,252.05
3147,573.939206,38.552142,38.552142,74.552142,260.31
3148,606.602928,38.600096,38.600096,74.600096,258.91
3149,601.233182,39.757727,39.757727,75.757727,266.4
3150,623.922801,42.151732,42.151732,78.151732,254.25
3151,587.644574,45.383314,45.383314,81.383314,271.88
3152,625.63407,48.422565,48.422565,84.422565,280.68
3153,606.098998,50.057386,50.057386,86.057386,264.47
3154,615.315853,49.7462,49.7462,85.7462,267.55
3155,622.815852,48.042239,48.042239,84.042239,273.36
3156,676.931566,46.096818,46.096818,82.096818,287.09
3157,611.399418,44.826301,44.826301,80.826301,269.46
3158,609.026163,44.582318,44.582318,80.582318,263.7
3159,568.155251,45.371266,45.371266,81.371266,268.81
3160,559.845817,47.099133,47.099133,83.099133,260.89
3161,593.07281,49.543362,49.543362,85.543362,296.63
3162,584.639073,52.200239,52.200239,88.200239,296.2
3163,703.616248,54.299911,54.299911,90.299911,299.21
3164,672.076325,55.10271,55.10271,91.10271,279.53
3165,627.741416,54.299798,54.299798,90.299798,271.34
3166,594.148554,52.19928,52.19928,88.19928,250.56
3167,588.936536,49.536969,49.536969,85.536969,266.62
3168,581.511171,47.065196,47.065196,83.065196,259.446667
3169,555.290478,40.216336,40.216336,76.216336,253.263333
3170,557.694817,39.199281,39.199281,75.199281,257.306667
3171,566.44381,38.508184,38.508184,74.508184,250.313333
3172,546.809488,38.556138,38.556138,74.556138,260.676667
3173,541.061757,39.71377,39.71377,75.71377,259.126667
3174,555.453418,42.107774,42.107774,78.107774,265.363333
3175,588.528905,45.339357,45.339357,81.339357,254.956667
3176,578.051834,48.378607,48.378607,84.378607,265.803333
3177,568.155251,50.013428,50.013428,86.013428,260.533333
3178,584.913262,49.702242,49.702242,85.702242,263.09
3179,589.219436,47.998281,47.998281,83.998281,265.076667
3180,644.836885,46.05286,46.05286,82.05286,277.54
3181,596.576935,44.782343,44.782343,80.782343,262.02
3182,610.676839,44.53836,44.53836,80.53836,261.36
3183,585.616516,45.327309,45.327309,81.327309,248.19
3184,586.077135,47.055175,47.055175,83.055175,244.93
3185,643.728493,49.499404,49.499404,85.499404,256.668333
3186,639.34856,52.156281,52.156281,88.156281,253.98
3187,568.500844,54.255953,54.255953,90.255953,282.8
3188,556.815177,55.058752,55.058752,91.058752,276.53
3189,580.829448,54.255841,54.255841,90.255841,266.34
3190,611.218495,52.155322,52.155322,88.155322,257
3191,570.679109,49.493012,49.493012,85.493012,255.37
3192,534.299675,47.021239,47.021239,83.021239,252.94
3193,546.725803,45.171473,45.171473,81.171473,243.02
3194,535.283078,44.154418,44.154418,80.154418,244.04
3195,540.639193,43.463321,43.463321,79.463321,247.54
3196,539.532089,43.511275,43.511275,79.511275,239.18
3197,537.375486,44.668907,44.668907,80.668907,236.32
3198,536.331651,47.062911,47.062911,83.062911,243.09
3199,557.639093,50.294493,50.294493,86.294493,255.24
3200,569.795446,53.333744,53.333744,89.333744,251.76
3201,549.414789,54.968565,54.968565,90.968565,248.19
3202,561.48148,54.657379,54.657379,90.657379,254.07
3203,570.960097,52.953418,52.953418,88.953418,255.46
3204,581.858357,51.007997,51.007997,87.007997,270.5
3205,567.643334,49.73748,49.73748,85.73748,257.74
3206,563.787886,49.493497,49.493497,85.493497,261.82
3207,556.15517,50.282446,50.282446,86.282446,254.3
3208,576.291052,52.010312,52.010312,88.010312,254.45
3209,577.407741,54.454541,54.454541,90.454541,270.24
3210,633.032837,57.111418,57.111418,93.111418,269.2
3211,541.007182,59.21109,59.21109,95.21109,248.32
3212,539.991561,60.013889,60.013889,96.013889,243.67
3213,531.275135,59.210977,59.210977,95.210977,252.71
3214,531.453931,57.110459,57.110459,93.110459,261.97
3215,529.569365,54.448148,54.448148,90.448148,249.13
3216,556.578901,51.976375,51.976375,87.976375,232.61
3217,584.517391,45.125718,45.125718,81.125718,239.14
3218,567.01999,44.108663,44.108663,80.108663,233.176667
3219,533.361932,43.417566,43.417566,79.417566,236.1
3220,538.382648,43.465519,43.465519,79.465519,235.516667
3221,540.907778,44.623151,44.623151,80.623151,234.35
3222,533.008207,47.017156,47.017156,83.017156,233.77
3223,528.593151,50.248738,50.248738,86.248738,244.016667
3224,534.008073,53.287988,53.287988,89.287988,248.803333
3225,517.665388,54.922809,54.922809,90.922809,240.403333
3226,545.295369,54.611624,54.611624,90.611624,245.593333
3227,561.522937,52.907662,52.907662,88.907662,249.233333
3228,570.200337,50.962242,50.962242,86.962242,253.056667
3229,554.15071,49.691725,49.691725,85.691725,247.996667
3230,546.984137,49.447742,49.447742,85.447742,246.51
3231,565.550893,50.23669,50.23669,86.23669,243.39
3232,577.714945,51.964557,51.964557,87.964557,251.146667
3233,579.779426,54.408786,54.408786,90.408786,251.536667
3234,558.414318,57.065663,57.065663,93.065663,267.663333
3235,543.782459,59.165335,59.165335,95.165335,236.291667
3236,551.277804,59.968134,59.968134,95.968134,235.76
3237,539.909492,59.165222,59.165222,95.165222,230.8
3238,544.983383,57.064703,57.064703,93.064703,230.91
3239,542.806118,54.402393,54.402393,90.402393,229.73
3240,542.93153,51.93062,51.93062,87.93062,243.57
3241,559.98446,45.079084,45.079084,81.079084,253.94
3242,580.401524,44.062029,44.062029,80.062029,247.76
3243,577.302315,43.370932,43.370932,79.370932,232.06
3244,584.426202,43.418886,43.418886,79.418886,234.9
3245,558.101843,44.576517,44.576517,80.576517,236.24
3246,523.377675,46.970522,46.970522,82.970522,231.85
3247,536.833239,50.202104,50.202104,86.202104,229.1
3248,597.040761,53.241355,53.241355,89.241355,232.44
3249,543.835994,54.876176,54.876176,90.876176,220.87
3250,575.561722,54.56499,54.56499,90.56499,238.449167
3251,563.254767,52.861029,52.861029,88.861029,245.61
3252,583.608298,50.915608,50.915608,86.915608,248.953333
3253,533.90553,49.645091,49.645091,85.645091,242.526667
3254,535.114077,49.401108,49.401108,85.401108,239.263333
3255,524.738395,50.190056,50.190056,86.190056,247.196667
3256,535.569795,51.917923,51.917923,87.917923,251.643333
3257,591.951407,54.362152,54.362152,90.362152,252.353333
3258,610.785036,57.019029,57.019029,93.019029,244.34
3259,575.64674,59.118701,59.118701,95.118701,237.703333
3260,554.480313,59.9215,59.9215,95.9215,241.253333
3261,524.473469,59.118588,59.118588,95.118588,235.716667
3262,538.512048,57.01807,57.01807,93.01807,238.296667
3263,543.715601,54.355759,54.355759,90.355759,237.213333
3264,519.739537,51.883986,51.883986,87.883986,237.276667
3265,519.94645,45.031585,45.031585,81.031585,244.986667
3266,521.676937,44.014531,44.014531,80.014531,252.565
3267,526.923198,43.323433,43.323433,79.323433,251.5
3268,530.919473,43.371387,43.371387,79.371387,253.91
3269,523.431713,44.529019,44.529019,80.529019,244.21
3270,565.300864,46.923024,46.923024,82.923024,225.48
3271,550.191223,50.154606,50.154606,86.154606,234.05
3272,581.155038,53.193856,53.193856,89.193856,257.88
3273,552.431589,54.828677,54.828677,90.828677,237.73
3274,550.081916,54.517491,54.517491,90.517491,250.89
3275,547.061113,52.81353,52.81353,88.81353,246.3
3276,604.712262,50.868109,50.868109,86.868109,253.64
3277,571.65196,49.597592,49.597592,85.597592,232.38
3278,593.455724,49.35361,49.35361,85.35361,233.08
3279,589.618554,50.142558,50.142558,86.142558,226.47
3280,529.496341,51.870425,51.870425,87.870425,233.34
3281,570.978251,54.314653,54.314653,90.314653,256.32
3282,658.651263,56.97153,56.97153,92.97153,261.85
3283,565.042849,59.071203,59.071203,95.071203,250.92
3284,564.272671,59.874002,59.874002,95.874002,242.67
3285,538.505881,59.07109,59.07109,95.07109,226.28
3286,534.156537,56.970571,56.970571,92.970571,234.97
3287,539.689064,54.308261,54.308261,90.308261,237.67
3288,559.52852,51.836488,51.836488,87.836488,222.64
3289,535.108259,44.983236,44.983236,80.983236,222.81
3290,541.036069,43.966181,43.966181,79.966181,224.19
3291,547.475344,43.275084,43.275084,79.275084,227.99
3292,576.719335,43.323038,43.323038,79.323038,230.58
3293,577.994017,44.48067,44.48067,80.48067,225.52
3294,583.427224,46.874674,46.874674,82.874674,247.1
3295,596.411623,50.106257,50.106257,86.106257,240.76
3296,665.347365,53.145507,53.145507,89.145507,252.82
3297,608.562505,54.780328,54.780328,90.780328,241.77
3298,577.446099,54.469142,54.469142,90.469142,240.71
3299,591.727089,52.765181,52.765181,88.765181,239.3
3300,677.125613,50.81976,50.81976,86.81976,260.136667
3301,623.987353,49.549243,49.549243,85.549243,249.486667
3302,622.905717,49.30526,49.30526,85.30526,256.786667
3303,629.207227,50.094209,50.094209,86.094209,255.586667
3304,624.724733,51.822075,51.822075,87.822075,229.683333
3305,673.222319,54.266304,54.266304,90.266304,249.24
3306,734.851711,56.923181,56.923181,92.923181,273.64
3307,638.640738,59.022853,59.022853,95.022853,247
3308,607.85162,59.825652,59.825652,95.825652,246.7
3309,621.046313,59.022741,59.022741,95.022741,234.966667
3310,607.461891,56.922222,56.922222,92.922222,232.526667
3311,647.501726,54.259912,54.259912,90.259912,235.6
3312,699.195298,51.788139,51.788139,87.788139,244.8
3313,641.822816,39.934051,39.934051,75.934051,233.076667
3314,596.213485,38.916996,38.916996,74.916996,236.306667
3315,605.316812,38.225899,38.225899,74.225899,239.496667
3316,579.857633,38.273852,38.273852,74.273852,251.296667
3317,617.774375,39.431484,39.431484,75.431484,251.74
3318,593.304597,41.825489,41.825489,77.825489,253.58
3319,636.448594,45.057071,45.057071,81.057071,257.69
3320,643.813563,48.096321,48.096321,84.096321,275.1
3321,616.615534,49.731142,49.731142,85.731142,261.23
3322,637.852336,49.419957,49.419957,85.419957,251.55
3323,676.543877,47.715995,47.715995,83.715995,256.25
3324,774.679934,45.770574,45.770574,81.770574,277.58
3325,650.022496,44.500057,44.500057,80.500057,265.38
3326,625.198369,44.256075,44.256075,80.256075,265.1
3327,607.55629,45.045023,45.045023,81.045023,266.71
3328,608.633755,46.77289,46.77289,82.77289,265.57
3329,594.343995,49.217119,49.217119,85.217119,276.77
3330,689.792035,51.873996,51.873996,87.873996,288.43
3331,620.101172,53.973668,53.973668,89.973668,269.03
3332,642.146353,54.776467,54.776467,90.776467,261.03
3333,657.477107,53.973555,53.973555,89.973555,264.615
3334,610.833145,51.873036,51.873036,87.873036,260.92
3335,605.748313,49.210726,49.210726,85.210726,271.12
3336,610.532679,46.738953,46.738953,82.738953,281.96
3337,605.375059,39.884043,39.884043,75.884043,269.79
3338,622.482425,38.866989,38.866989,74.866989,257.63
3339,639.98894,38.175891,38.175891,74.175891,260.31
3340,719.094753,38.223845,38.223845,74.223845,252.38
3341,696.558274,39.381477,39.381477,75.381477,263.75
3342,629.379589,41.775482,41.775482,77.775482,256.74
3343,634.781511,45.007064,45.007064,81.007064,268.5
3344,711.175548,48.046314,48.046314,84.046314,270.26
3345,626.01202,49.681135,49.681135,85.681135,263.44
3346,635.013035,49.369949,49.369949,85.369949,268.84
3347,652.173185,47.665988,47.665988,83.665988,277.46
3348,758.657185,45.720567,45.720567,81.720567,294.96
3349,647.372075,44.45005,44.45005,80.45005,271.7
3350,609.921325,44.206068,44.206068,80.206068,265.691667
3351,616.652803,44.995016,44.995016,80.995016,260.946667
3352,607.320392,46.722883,46.722883,82.722883,261.25
3353,638.432988,49.167111,49.167111,85.167111,257.06
3354,687.40214,51.823988,51.823988,87.823988,280.133333
3355,663.957162,53.923661,53.923661,89.923661,264.366667
3356,609.026163,54.72646,54.72646,90.72646,269.866667
3357,615.908851,53.923548,53.923548,89.923548,273.38
3358,597.073945,51.823029,51.823029,87.823029,261.863333
3359,576.471697,49.160719,49.160719,85.160719,260.433333
3360,575.363582,46.688946,46.688946,82.688946,261.78
3361,565.870771,44.833229,44.833229,80.833229,260.326667
3362,581.659851,43.816174,43.816174,79.816174,264.99
3363,568.500844,43.125077,43.125077,79.125077,269.353333
3364,561.224845,43.173031,43.173031,79.173031,285.653333
3365,550.607963,44.330663,44.330663,80.330663,281.453333
3366,565.145977,46.724667,46.724667,82.724667,266.753333
3367,587.56163,49.95625,49.95625,85.95625,268.093333
3368,607.391127,52.9955,52.9955,88.9955,284.21
3369,588.06003,54.630321,54.630321,90.630321,265.9
3370,600.768108,54.319135,54.319135,90.319135,268.15
3371,692.524897,52.615174,52.615174,88.615174,272.19
3372,790.055006,50.669753,50.669753,86.669753,292.41
3373,663.034477,49.399236,49.399236,85.399236,271.09
3374,598.608175,49.155254,49.155254,85.155254,261.61
3375,609.312111,49.944202,49.944202,85.944202,263.45
3376,638.26693,51.672068,51.672068,87.672068,260.88
3377,697.631222,54.116297,54.116297,90.116297,268.98
3378,802.18488,56.773174,56.773174,92.773174,279.66
3379,688.544212,58.872846,58.872846,94.872846,274.8
3380,614.638738,59.675645,59.675645,95.675645,261.36
3381,638.654594,58.872734,58.872734,94.872734,263.25
3382,607.591703,56.772215,56.772215,92.772215,257.89
3383,594.083463,54.109905,54.109905,90.109905,251.21
3384,643.756847,51.638132,51.638132,87.638132,250.82
3385,646.882933,44.781623,44.781623,80.781623,247.32
3386,618.576067,43.764568,43.764568,79.764568,252.99
3387,601.528805,43.073471,43.073471,79.073471,248.32
3388,608.088255,43.121425,43.121425,79.121425,245.49
3389,618.588623,44.279057,44.279057,80.279057,240.95
3390,642.1182,46.673061,46.673061,82.673061,247.04
3391,638.807079,49.904644,49.904644,85.904644,254.93
3392,690.84152,52.943894,52.943894,88.943894,260.9
3393,713.852526,54.578715,54.578715,90.578715,255.09
3394,691.55454,54.267529,54.267529,90.267529,258.99
3395,713.35181,52.563568,52.563568,88.563568,280.67
3396,918.177311,50.618147,50.618147,86.618147,297.32
3397,944.833441,49.34763,49.34763,85.34763,274.6
3398,885.612049,49.103647,49.103647,85.103647,258.35
3399,775.96243,49.892596,49.892596,85.892596,261.44
3400,722.422486,51.620462,51.620462,87.620462,268.94
3401,776.347915,54.064691,54.064691,90.064691,281.66
3402,853.794487,56.721568,56.721568,92.721568,299.126667
3403,809.540441,58.82124,58.82124,94.82124,279.886667
3404,723.769964,59.624039,59.624039,95.624039,262.906667
3405,646.122491,58.821128,58.821128,94.821128,269.033333
3406,667.446595,56.720609,56.720609,92.720609,260.956667
3407,655.99476,54.058299,54.058299,90.058299,256.98
3408,644.23939,51.586526,51.586526,87.586526,270.246667
3409,650.153615,44.729241,44.729241,80.729241,270.976667
3410,626.384152,43.712186,43.712186,79.712186,263.963333
3411,560.53285,43.021089,43.021089,79.021089,259.213333
3412,591.791145,43.069042,43.069042,79.069042,261.096667
3413,575.137539,44.226674,44.226674,80.226674,263.966667
3414,580.298447,46.620679,46.620679,82.620679,269.86
3415,604.967764,49.852261,49.852261,85.852261,269.07
3416,681.823134,52.891511,52.891511,88.891511,280.34
3417,652.61448,54.526332,54.526332,90.526332,284.701667
3418,612.234061,54.215147,54.215147,90.215147,280.48
3419,598.407195,52.511185,52.511185,88.511185,284.61
3420,654.56578,50.565764,50.565764,86.565764,314.46
3421,629.884254,49.295247,49.295247,85.295247,317.59
3422,648.194416,49.051265,49.051265,85.051265,310.46
3423,635.176613,49.840213,49.840213,85.840213,295.16
3424,603.233487,51.56808,51.56808,87.56808,286.25
3425,576.814714,54.012309,54.012309,90.012309,295.22
3426,623.523061,56.669186,56.669186,92.669186,306.34
3427,585.16255,58.768858,58.768858,94.768858,300.2
3428,581.729292,59.571657,59.571657,95.571657,286.49
3429,539.934732,58.768745,58.768745,94.768745,270.8
3430,559.268968,56.668226,56.668226,92.668226,275.55
3431,539.100872,54.005916,54.005916,90.005916,273.05
3432,565.19758,51.534143,51.534143,87.534143,270.36
3433,572.329693,44.676097,44.676097,80.676097,271.73
3434,572.136953,43.659042,43.659042,79.659042,265.995
3435,539.300484,42.967945,42.967945,78.967945,245.21
3436,544.976577,43.015899,43.015899,79.015899,256.27
3437,526.707276,44.173531,44.173531,80.173531,250.74
3438,528.485958,46.567535,46.567535,82.567535,252.53
3439,542.858895,49.799117,49.799117,85.799117,260.21
3440,541.668367,52.838368,52.838368,88.838368,278.54
3441,602.258822,54.473189,54.473189,90.473189,272.29
3442,551.89362,54.162003,54.162003,90.162003,262.25
3443,569.204279,52.458042,52.458042,88.458042,258.29
3444,666.604895,50.512621,50.512621,86.512621,272.73
3445,696.48918,49.242104,49.242104,85.242104,266.88
3446,634.604636,48.998121,48.998121,84.998121,271.28
3447,568.927707,49.787069,49.787069,85.787069,268.19
3448,536.135786,51.514936,51.514936,87.514936,259.71
3449,566.652967,53.959165,53.959165,89.959165,251.33
3450,591.343349,56.616042,56.616042,92.616042,265.26
3451,549.212873,58.715714,58.715714,94.715714,254.151667
3452,549.581042,59.518513,59.518513,95.518513,253.013333
3453,554.734122,58.715601,58.715601,94.715601,235.73
3454,550.717994,56.615083,56.615083,92.615083,244.693333
3455,543.876171,53.952772,53.952772,89.952772,235.286667
3456,537.176081,51.480999,51.480999,87.480999,247.06
3457,531.911959,44.622208,44.622208,80.622208,249.733333
3458,529.836343,43.605153,43.605153,79.605153,249.663333
3459,546.956166,42.914056,42.914056,78.914056,235.393333
3460,543.805876,42.96201,42.96201,78.96201,238.293333
3461,543.077033,44.119642,44.119642,80.119642,227.843333
3462,539.444353,46.513646,46.513646,82.513646,229.03
3463,543.136647,49.745229,49.745229,85.745229,237.24
3464,611.07389,52.784479,52.784479,88.784479,236.633333
3465,714.773949,54.4193,54.4193,90.4193,259.426667
3466,641.149112,54.108114,54.108114,90.108114,241.53
3467,567.361938,52.404153,52.404153,88.404153,248.583333
3468,562.900923,50.458732,50.458732,86.458732,275.37
3469,613.73168,49.188215,49.188215,85.188215,281.44
3470,571.059974,48.944232,48.944232,84.944232,268.05
3471,547.736286,49.733181,49.733181,85.733181,248.48
3472,568.660722,51.461047,51.461047,87.461047,233.66
3473,569.651842,53.905276,53.905276,89.905276,247.62
3474,593.045883,56.562153,56.562153,92.562153,256.13
3475,584.456591,58.661825,58.661825,94.661825,240.31
3476,564.708393,59.464624,59.464624,95.464624,240.48
3477,538.632452,58.661712,58.661712,94.661712,242.78
3478,559.204194,56.561194,56.561194,92.561194,241
3479,566.487351,53.898884,53.898884,89.898884,237.75
3480,552.296768,51.427111,51.427111,87.427111,234.24
3481,548.767626,39.56759,39.56759,75.56759,231.19
3482,534.615913,38.550535,38.550535,74.550535,229.9
3483,529.169147,37.859438,37.859438,73.859438,239.25
3484,536.313818,37.907392,37.907392,73.907392,237.715
3485,548.875112,39.065024,39.065024,75.065024,237.35
3486,538.877075,41.459028,41.459028,77.459028,235.47
3487,538.192133,44.69061,44.69061,80.69061,237.38
3488,540.289163,47.729861,47.729861,83.729861,261.93
3489,576.443156,49.364682,49.364682,85.364682,284.87
3490,592.776873,49.053496,49.053496,85.053496,269.63
3491,561.315832,47.349535,47.349535,83.349535,247.89
3492,584.669511,45.404114,45.404114,81.404114,246.16
3493,700.845971,44.133597,44.133597,80.133597,262.66
3494,688.30872,43.889614,43.889614,79.889614,249.27
3495,601.142328,44.678562,44.678562,80.678562,239.62
3496,567.757861,46.406429,46.406429,82.406429,248.38
3497,574.574305,48.850658,48.850658,84.850658,248.75
3498,612.92652,51.507535,51.507535,87.507535,256.66
3499,597.639172,53.607207,53.607207,89.607207,253.92
3500,596.015605,54.410006,54.410006,90.410006,246.87
3501,565.0944,53.607094,53.607094,89.607094,235.035
3502,557.0758,51.506576,51.506576,87.506576,244.666667
3503,578.835023,48.844265,48.844265,84.844265,247.556667
3504,592.079745,46.372492,46.372492,82.372492,241.71
3505,594.474432,39.512259,39.512259,75.512259,240.103333
3506,600.326977,38.495204,38.495204,74.495204,232.793333
3507,582.825435,37.804107,37.804107,73.804107,229.473333
3508,623.05987,37.85206,37.85206,73.85206,233.76
3509,595.982649,39.009692,39.009692,75.009692,240.153333
3510,578.616975,41.403697,41.403697,77.403697,235.166667
3511,598.47416,44.635279,44.635279,80.635279,234.796667
3512,582.615458,47.674529,47.674529,83.674529,235.916667
3513,662.942389,49.30935,49.30935,85.30935,251.2
3514,658.153832,48.998165,48.998165,84.998165,256.576667
3515,687.502735,47.294203,47.294203,83.294203,245.526667
3516,701.924845,45.348783,45.348783,81.348783,253.99
3517,785.242592,44.078266,44.078266,80.078266,282.275
3518,683.158335,43.834283,43.834283,79.834283,279.84
3519,657.341982,44.623231,44.623231,80.623231,259.1
3520,633.221919,46.351098,46.351098,82.351098,248.04
3521,658.696533,48.795327,48.795327,84.795327,250.54
3522,662.206871,51.452204,51.452204,87.452204,262.44
3523,680.101495,53.551876,53.551876,89.551876,258.06
3524,655.547311,54.354675,54.354675,90.354675,257.57
3525,640.393615,53.551763,53.551763,89.551763,247.02
3526,648.021051,51.451244,51.451244,87.451244,243.78
3527,628.129946,48.788934,48.788934,84.788934,252.03
3528,655.964903,46.317161,46.317161,82.317161,256.36
3529,658.349671,44.456231,44.456231,80.456231,257.1
3530,670.09815,43.439176,43.439176,79.439176,258.86
3531,660.818218,42.748079,42.748079,78.748079,253.38
3532,677.514108,42.796033,42.796033,78.796033,265.14
3533,792.047479,43.953664,43.953664,79.953664,257.56
3534,771.850513,46.347669,46.347669,82.347669,251.955
3535,699.526486,49.579251,49.579251,85.579251,258.31
3536,655.577117,52.618502,52.618502,88.618502,253.31
3537,739.990505,54.253322,54.253322,90.253322,274.58
3538,692.78077,53.942137,53.942137,89.942137,273.53
3539,670.524212,52.238175,52.238175,88.238175,279.68
3540,655.830599,50.292755,50.292755,86.292755,282.48
3541,736.246234,49.022238,49.022238,85.022238,296.59
3542,673.541506,48.778255,48.778255,84.778255,278.81
3543,697.042377,49.567203,49.567203,85.567203,273.35
3544,657.041965,51.29507,51.29507,87.29507,267.71
3545,692.934396,53.739299,53.739299,89.739299,273.65
3546,655.011444,56.396176,56.396176,92.396176,274.42
3547,687.603363,58.495848,58.495848,94.495848,278.19
3548,675.191192,59.298647,59.298647,95.298647,272.95
3549,652.085023,58.495735,58.495735,94.495735,269.45
3550,688.056615,56.395216,56.395216,92.395216,271.24
3551,664.697681,53.732906,53.732906,89.732906,266.438333
3552,647.15615,51.261133,51.261133,87.261133,273.043333
3553,618.751896,44.399523,44.399523,80.399523,273.573333
3554,640.519353,43.382468,43.382468,79.382468,276.113333
3555,626.364549,42.691371,42.691371,78.691371,274.116667
3556,603.061063,42.739324,42.739324,78.739324,277.66
3557,582.465681,43.896956,43.896956,79.896956,297.62
3558,569.329414,46.290961,46.290961,82.290961,294.516667
3559,593.563765,49.522543,49.522543,85.522543,282.023333
3560,618.187319,52.561793,52.561793,88.561793,272.956667
3561,646.940424,54.196614,54.196614,90.196614,289.31
3562,614.209156,53.885429,53.885429,89.885429,280.72
3563,583.33678,52.181467,52.181467,88.181467,276.203333
3564,643.941228,50.236047,50.236047,86.236047,273.013333
3565,590.928776,48.96553,48.96553,84.96553,288.67
3566,599.179024,48.721547,48.721547,84.721547,276.836667
3567,636.901753,49.510495,49.510495,85.510495,281.546667
3568,649.673198,51.238362,51.238362,87.238362,273.283333
3569,670.271651,53.682591,53.682591,89.682591,280.75
3570,617.73688,56.339468,56.339468,92.339468,272.83
3571,619.318175,58.43914,58.43914,94.43914,279.7
3572,593.175183,59.241939,59.241939,95.241939,277.18
3573,589.91336,58.439027,58.439027,94.439027,272.17
3574,602.167388,56.338508,56.338508,92.338508,279.79
3575,570.083217,53.676198,53.676198,89.676198,274.96
3576,594.572334,51.204425,51.204425,87.204425,271.04
3577,580.893515,44.342152,44.342152,80.342152,264.01
3578,571.414793,43.325097,43.325097,79.325097,269.48
3579,562.926156,42.634,42.634,78.634,265.99
3580,555.143317,42.681953,42.681953,78.681953,259.66
3581,578.244756,43.839585,43.839585,79.839585,253.26
3582,560.34424,46.23359,46.23359,82.23359,248.63
3583,567.678559,49.465172,49.465172,85.465172,256.82
3584,587.540901,52.504422,52.504422,88.504422,263.86
3585,718.263153,54.139243,54.139243,90.139243,270.99
3586,656.09928,53.828058,53.828058,89.828058,262.79
3587,584.284475,52.124096,52.124096,88.124096,253.55
3588,626.586832,50.178675,50.178675,86.178675,270.29
3589,632.07654,48.908158,48.908158,84.908158,256
3590,566.23507,48.664176,48.664176,84.664176,258.52
3591,567.309259,49.453124,49.453124,85.453124,268.61
3592,553.048551,51.180991,51.180991,87.180991,271.62
3593,579.681737,53.625219,53.625219,89.625219,276.15
3594,569.966221,56.282096,56.282096,92.282096,263.74
3595,667.352941,58.381769,58.381769,94.381769,264.16
3596,596.576935,59.184568,59.184568,95.184568,256.7
3597,566.888764,58.381656,58.381656,94.381656,255.68
3598,574.883752,56.281137,56.281137,92.281137,259.4
3599,556.555308,53.618827,53.618827,89.618827,248.91
3600,553.769037,51.147054,51.147054,87.147054,257.13
3601,534.042297,44.284134,44.284134,80.284134,252.731667
3602,540.257437,43.267079,43.267079,79.267079,249.4
3603,529.962505,42.575982,42.575982,78.575982,246.17
3604,528.608485,42.623936,42.623936,78.623936,242.956667
3605,544.380355,43.781567,43.781567,79.781567,251.826667
3606,573.59508,46.175572,46.175572,82.175572,245.133333
3607,618.11217,49.407154,49.407154,85.407154,248.01
3608,618.789595,52.446405,52.446405,88.446405,254.923333
3609,562.648945,54.081226,54.081226,90.081226,285.503333
3610,558.703698,53.77004,53.77004,89.77004,273.073333
3611,542.003099,52.066079,52.066079,88.066079,253.863333
3612,588.09124,50.120658,50.120658,86.120658,266.046667
3613,570.570528,48.850141,48.850141,84.850141,267.426667
3614,536.492402,48.606158,48.606158,84.606158,247.46
3615,543.475442,49.395106,49.395106,85.395106,247.87
3616,561.672326,51.122973,51.122973,87.122973,242.043333
3617,548.503133,53.567202,53.567202,89.567202,252.32
3618,574.546214,56.224079,56.224079,92.224079,248.866667
3619,602.373184,58.323751,58.323751,94.323751,275.53
3620,587.717188,59.12655,59.12655,95.12655,257.74
3621,588.466297,58.323638,58.323638,94.323638,247.71
3622,583.487554,56.22312,56.22312,92.22312,250.65
3623,557.43241,53.560809,53.560809,89.560809,243.56
3624,543.916372,51.089036,51.089036,87.089036,242.36
3625,541.370813,80.225487,44.225487,80.225487,232.46
3626,538.235099,79.208433,43.208433,79.208433,235.9
3627,556.131689,78.517335,42.517335,78.517335,229.98
3628,535.053013,78.565289,42.565289,78.565289,229.11
3629,541.286967,79.722921,43.722921,79.722921,238
3630,532.109538,82.116925,46.116925,82.116925,250.19
3631,549.783911,85.348508,49.348508,85.348508,263.84
3632,549.747647,88.387758,52.387758,88.387758,264.02
3633,687.23456,90.022579,54.022579,90.022579,246.06
3634,686.782562,89.711393,53.711393,89.711393,244.46
3635,632.25131,88.007432,52.007432,88.007432,236.805
3636,596.290507,86.062011,50.062011,86.062011,255.1
3637,604.503506,84.791494,48.791494,84.791494,249.09
3638,568.936617,84.547512,48.547512,84.547512,233.86
3639,559.04245,85.33646,49.33646,85.33646,237.55
3640,561.988457,87.064327,51.064327,87.064327,245.67
3641,558.422343,89.508555,53.508555,89.508555,239.98
3642,591.353993,92.165432,56.165432,92.165432,250.53
3643,600.112511,94.265104,58.265104,94.265104,259.46
3644,576.433645,95.067904,59.067904,95.067904,254.98
3645,581.125405,94.264992,58.264992,94.264992,255.22
3646,567.863688,92.164473,56.164473,92.164473,253.6
3647,565.017083,89.502163,53.502163,89.502163,243.93
3648,567.996119,87.03039,51.03039,87.03039,237.77
3649,550.563993,75.166229,39.166229,75.166229,236.48
3650,545.728941,74.149174,38.149174,74.149174,234.82
3651,548.118744,73.458077,37.458077,73.458077,243.38
3652,548.182675,73.506031,37.506031,73.506031,233.045
3653,566.600639,74.663663,38.663663,74.663663,236.436667
3654,572.762242,77.057667,41.057667,77.057667,231.31
3655,555.174277,80.289249,44.289249,80.289249,240.573333
3656,552.544107,83.3285,47.3285,83.3285,240.556667
3657,651.996893,84.963321,48.963321,84.963321,279.626667
3658,576.786092,84.652135,48.652135,84.652135,279.536667
3659,569.463644,82.948174,46.948174,82.948174,267.47
3660,589.030773,81.002753,45.002753,81.002753,257.653333
3661,630.523499,79.732236,43.732236,79.732236,260.076667
3662,596.411623,79.488253,43.488253,79.488253,248.483333
3663,575.391868,80.277201,44.277201,80.277201,244.6
3664,571.332812,82.005068,46.005068,82.005068,245.796667
3665,592.465436,84.449297,48.449297,84.449297,244.343333
3666,622.060056,87.106174,51.106174,87.106174,256.133333
3667,677.125613,89.205846,53.205846,89.205846,258.796667
3668,657.206931,90.008645,54.008645,90.008645,251.196667
3669,584.001475,89.205733,53.205733,89.205733,252.81
3670,550.85023,87.105215,51.105215,87.105215,248.08
3671,552.476578,84.442904,48.442904,84.442904,246.99
3672,554.826601,81.971131,45.971131,81.971131,248.13
3673,556.108213,75.106377,39.106377,75.106377,240.93
3674,565.0944,74.089322,38.089322,74.089322,238.66
3675,565.533629,73.398225,37.398225,73.398225,239.8
3676,550.784085,73.446178,37.446178,73.446178,239.83
3677,556.720592,74.60381,38.60381,74.60381,247.6
3678,541.610044,76.997815,40.997815,76.997815,249.89
3679,564.460401,80.229397,44.229397,80.229397,242.97
3680,566.417695,83.268647,47.268647,83.268647,241.82
3681,588.894674,84.903468,48.903468,84.903468,272.15
3682,597.517084,84.592283,48.592283,84.592283,251.32
3683,582.087014,82.888321,46.888321,82.888321,248.68
3684,617.088165,80.9429,44.9429,80.9429,255.4
3685,652.732296,79.672383,43.672383,79.672383,267.04
3686,570.742495,79.428401,43.428401,79.428401,257.69
3687,612.00384,80.217349,44.217349,80.217349,250.83
3688,575.883217,81.945216,45.945216,81.945216,249.37
3689,588.633312,84.389445,48.389445,84.389445,256.48
3690,590.494226,87.046322,51.046322,87.046322,264.88
3691,614.798555,89.145994,53.145994,89.145994,277.58
3692,585.53479,89.948793,53.948793,89.948793,273.32
3693,552.289285,89.145881,53.145881,89.145881,253.77
3694,581.560713,87.045362,51.045362,87.045362,241.06
3695,560.804112,84.383052,48.383052,84.383052,241.79
3696,574.855587,81.911279,45.911279,81.911279,242.82
3697,561.522937,80.045948,44.045948,80.045948,243.37
3698,632.574348,79.028893,43.028893,79.028893,247.02
3699,609.813661,78.337796,42.337796,78.337796,247.19
3700,593.953368,78.385749,42.385749,78.385749,241.03
3701,554.687919,79.543381,43.543381,79.543381,243.63
3702,566.23507,81.937386,45.937386,81.937386,236.603333
3703,573.734468,85.168968,49.168968,85.168968,246.773333
3704,573.734468,88.208218,52.208218,88.208218,247.53
3705,644.324651,89.843039,53.843039,89.843039,255.356667
3706,628.096992,89.531854,53.531854,89.531854,258.023333
3707,586.015629,87.827892,51.827892,87.827892,253.133333
3708,597.40618,85.882472,49.882472,85.882472,263.566667
3709,662.712314,84.611955,48.611955,84.611955,272.316667
3710,622.674716,84.367972,48.367972,84.367972,249.153333
3711,580.151339,85.15692,49.15692,85.15692,262.186667
3712,580.534174,86.884787,50.884787,86.884787,251.003333
3713,604.723866,89.329016,53.329016,89.329016,255.273333
3714,646.294448,91.985893,55.985893,91.985893,255.863333
3715,669.468186,94.085565,58.085565,94.085565,262.95
3716,604.723866,94.888364,58.888364,94.888364,254.273333
3717,585.800576,94.085452,58.085452,94.085452,241.706667
3718,597.239973,91.984933,55.984933,91.984933,252.956667
3719,571.96285,89.322623,53.322623,89.322623,245.32
3720,572.017802,86.85085,50.85085,86.85085,250.64
3721,585.585863,79.984961,43.984961,79.984961,245.61
3722,555.12784,78.967906,42.967906,78.967906,267.55
3723,546.57958,78.276809,42.276809,78.276809,261.58
3724,559.968138,78.324762,42.324762,78.324762,256.94
3725,570.218367,79.482394,43.482394,79.482394,242.76
3726,582.047219,81.876399,45.876399,81.876399,247.46
3727,565.611334,85.107981,49.107981,85.107981,250.24
3728,628.34099,88.147231,52.147231,88.147231,250.24
3729,751.245807,89.782052,53.782052,89.782052,270.38
3730,686.047449,89.470867,53.470867,89.470867,266.43
3731,582.415793,87.766905,51.766905,87.766905,254.43
3732,604.190865,85.821484,49.821484,85.821484,257.99
3733,633.939265,84.550967,48.550967,84.550967,274.53
3734,618.714205,84.306985,48.306985,84.306985,265.04
3735,601.233182,85.095933,49.095933,85.095933,252.48
3736,658.545667,86.8238,50.8238,86.8238,252.61
3737,610.893301,89.268029,53.268029,89.268029,260.14
3738,661.565016,91.924905,55.924905,91.924905,270.84
3739,631.071094,94.024578,58.024578,94.024578,275.98
3740,585.004783,94.827377,58.827377,94.827377,260.14
3741,570.182312,94.024465,58.024465,94.024465,254.36
3742,576.196082,91.923946,55.923946,91.923946,257.94
3743,566.330692,89.261636,53.261636,89.261636,249.6
3744,584.49712,86.789863,50.789863,86.789863,249.62
3745,587.732754,79.923433,43.923433,79.923433,254.29
3746,571.798155,78.906378,42.906378,78.906378,242.95
3747,561.996789,78.215281,42.215281,78.215281,239.07
3748,538.660271,78.263235,42.263235,78.263235,244.98
3749,561.398621,79.420866,43.420866,79.420866,248.96
3750,545.976884,81.814871,45.814871,81.814871,253.12
3751,567.151378,85.046453,49.046453,85.046453,247.22
3752,580.652202,88.085704,52.085704,88.085704,266.491667
3753,580.681726,89.720524,53.720524,89.720524,291.196667
3754,572.21034,89.409339,53.409339,89.409339,279.39
3755,556.319715,87.705378,51.705378,87.705378,253.243333
3756,593.207526,85.759957,49.759957,85.759957,259.986667
3757,643.558448,84.48944,48.48944,84.48944,267.886667
3758,645.993607,84.245457,48.245457,84.245457,264
3759,606.685105,85.034405,49.034405,85.034405,259.126667
3760,559.139462,86.762272,50.762272,86.762272,273.616667
3761,567.414643,89.206501,53.206501,89.206501,261.88
3762,565.107292,91.863378,55.863378,91.863378,274.28
3763,558.917116,93.96305,57.96305,93.96305,267.176667
3764,550.082866,94.765849,58.765849,94.765849,254.1
3765,550.691509,93.962937,57.962937,93.962937,248.946667
3766,553.692908,91.862419,55.862419,91.862419,251.113333
3767,535.172294,89.200108,53.200108,89.200108,247.496667
3768,542.865494,86.728335,50.728335,86.728335,253.933333
3769,556.15517,79.861383,43.861383,79.861383,254.985
3770,564.785479,78.844328,42.844328,78.844328,249.54
3771,562.900923,78.153231,42.153231,78.153231,245.8
3772,542.779745,78.201185,42.201185,78.201185,235.05
3773,527.60755,79.358817,43.358817,79.358817,245.56
3774,535.009438,81.752821,45.752821,81.752821,238.78
3775,548.545962,84.984404,48.984404,84.984404,247.81
3776,559.139462,88.023654,52.023654,88.023654,252.65
3777,586.879246,89.658475,53.658475,89.658475,252.66
3778,571.661091,89.347289,53.347289,89.347289,249.69
3779,563.838807,87.643328,51.643328,87.643328,243.46
3780,674.180989,85.697907,49.697907,85.697907,256.71
3781,646.036561,84.42739,48.42739,84.42739,270.2
3782,589.534435,84.183407,48.183407,84.183407,270.77
3783,551.625949,84.972356,48.972356,84.972356,260.7
3784,573.261226,86.700222,50.700222,86.700222,244.64
3785,563.280089,89.144451,53.144451,89.144451,247.91
3786,560.631402,91.801328,55.801328,91.801328,247.025
3787,623.793764,93.901,57.901,93.901,244.548261
3788,592.948982,94.703799,58.703799,94.703799,240.710435
3789,551.737372,93.900887,57.900887,93.900887,240.987971
3790,543.455467,91.800369,55.800369,91.800369,242.326667
3791,541.506486,89.138059,53.138059,89.138059,233.113333
3792,569.356247,86.666286,50.666286,86.666286,237.243333
3793,550.016404,79.79883,43.79883,79.79883,243.39
3794,536.385185,78.781775,42.781775,78.781775,246.9
3795,547.88479,78.090678,42.090678,78.090678,246.16
3796,542.523147,78.138631,42.138631,78.138631,237.2
3797,541.506486,79.296263,43.296263,79.296263,228.45
3798,543.79584,81.690268,45.690268,81.690268,233.02
3799,541.895671,84.92185,48.92185,84.92185,240
3800,535.799048,87.9611,51.9611,87.9611,244.64
3801,588.377652,89.595921,53.595921,89.595921,254.71
3802,580.898442,89.284736,53.284736,89.284736,249.49
3803,628.242037,87.580774,51.580774,87.580774,246.53
3804,617.225203,85.635353,49.635353,85.635353,276.97
3805,582.755406,84.364836,48.364836,84.364836,270.78
3806,564.580047,84.120854,48.120854,84.120854,255.56
3807,567.414643,84.909802,48.909802,84.909802,241.41
3808,567.414643,86.637669,50.637669,86.637669,250.07
3809,585.310303,89.081898,53.081898,89.081898,246.31
3810,589.135553,91.738775,55.738775,91.738775,245.25
3811,669.515382,93.838447,57.838447,93.838447,265.33
3812,594.27882,94.641246,58.641246,94.641246,256.63
3813,566.191633,93.838334,57.838334,93.838334,241.46
3814,578.505677,91.737815,55.737815,91.737815,237.54
3815,552.529095,89.075505,53.075505,89.075505,236.55
3816,563.736991,86.603732,50.603732,86.603732,248.64
3817,577.129998,74.735791,38.735791,74.735791,240.68
3818,553.772846,73.718736,37.718736,73.718736,233.8
3819,559.431104,73.027639,37.027639,73.027639,239.69
3820,560.017111,73.075593,37.075593,73.075593,237.07
3821,584.730407,74.233224,38.233224,74.233224,236.55
3822,586.91019,76.627229,40.627229,76.627229,237.71
3823,617.100618,79.858811,43.858811,79.858811,236.75
3824,569.168554,82.898062,46.898062,82.898062,233.47
3825,606.649881,84.532882,48.532882,84.532882,255.191667
3826,627.859872,84.221697,48.221697,84.221697,252.733333
3827,692.371477,82.517735,46.517735,82.517735,266.466667
3828,685.947349,80.572315,44.572315,80.572315,263.603333
3829,692.62722,79.301798,43.301798,79.301798,253.356667
3830,578.370315,79.057815,43.057815,79.057815,246.82
3831,606.087297,79.846763,43.846763,79.846763,247.91
3832,580.918163,81.57463,45.57463,81.57463,247.91
3833,586.539318,84.018859,48.018859,84.018859,254.2
3834,612.416026,86.675736,50.675736,86.675736,255.433333
3835,603.596172,88.775408,52.775408,88.775408,275.99
3836,617.961964,89.578207,53.578207,89.578207,257.04
3837,603.406094,88.775295,52.775295,88.775295,247.443333
3838,592.111847,86.674777,50.674777,86.674777,251.916667
3839,614.025362,84.012466,48.012466,84.012466,241.813333
3840,595.292243,81.540693,45.540693,81.540693,246.49
3841,593.628627,74.672286,38.672286,74.672286,251.44
3842,603.198988,73.655231,37.655231,73.655231,242.361667
3843,605.246944,72.964134,36.964134,72.964134,244.76
3844,584.760866,73.012087,37.012087,73.012087,245
3845,638.557615,74.169719,38.169719,74.169719,254.01
3846,619.734528,76.563724,40.563724,76.563724,254.72
3847,612.598178,79.795306,43.795306,79.795306,263.57
3848,581.570622,82.834556,46.834556,82.834556,248.57
3849,707.400943,84.469377,48.469377,84.469377,260.69
3850,729.497093,84.158192,48.158192,84.158192,266.37
3851,723.882486,82.45423,46.45423,82.45423,280.64
3852,729.668606,80.508809,44.508809,80.508809,279.37
3853,629.870958,79.238292,43.238292,79.238292,280.69
3854,666.900742,78.99431,42.99431,78.99431,251.87
3855,603.371558,79.783258,43.783258,79.783258,260.53
3856,579.301469,81.511125,45.511125,81.511125,252.74
3857,585.453117,83.955354,47.955354,83.955354,254.6
3858,645.507363,86.612231,50.612231,86.612231,262.3
3859,634.97216,88.711903,52.711903,88.711903,259.815
3860,601.836377,89.514702,53.514702,89.514702,263.8
3861,575.760191,88.71179,52.71179,88.71179,259.76
3862,577.647679,86.611271,50.611271,86.611271,256.37
3863,573.474412,83.948961,47.948961,83.948961,262.74
3864,563.204141,81.477188,45.477188,81.477188,257.35
3865,566.958732,79.608333,43.608333,79.608333,256.84
3866,607.697985,78.591278,42.591278,78.591278,259.7
3867,626.429902,77.900181,41.900181,77.900181,260.29
3868,570.547921,77.948134,41.948134,77.948134,254.02
3869,557.052076,79.105766,43.105766,79.105766,269.01
3870,557.95798,81.499771,45.499771,81.499771,264.27
3871,546.475313,84.731353,48.731353,84.731353,262.35
3872,551.115355,87.770603,51.770603,87.770603,252.96
3873,626.207793,89.405424,53.405424,89.405424,283.51
3874,584.913262,89.094239,53.094239,89.094239,287.5
3875,585.585863,87.390277,51.390277,87.390277,286.51
3876,606.967161,85.444857,49.444857,85.444857,287.53
3877,673.653307,84.174339,48.174339,84.174339,266.876667
3878,617.362345,83.930357,47.930357,83.930357,275.433333
3879,596.742426,84.719305,48.719305,84.719305,259.75
3880,598.34026,86.447172,50.447172,86.447172,252.19
3881,684.250843,88.891401,52.891401,88.891401,254.246667
3882,772.763263,91.548278,55.548278,91.548278,270.656667
3883,788.995876,93.64795,57.64795,93.64795,268.14
3884,629.167471,94.450749,58.450749,94.450749,259.303333
3885,609.49107,93.647837,57.647837,93.647837,250.96
3886,615.538002,91.547318,55.547318,91.547318,251.62
3887,602.957695,88.885008,52.885008,88.885008,250.146667
3888,609.312111,86.413235,50.413235,86.413235,246.28
3889,608.562505,79.543951,43.543951,79.543951,247.736667
3890,638.765482,78.526896,42.526896,78.526896,260.986667
3891,605.177105,77.835799,41.835799,77.835799,266.006667
3892,613.40186,77.883753,41.883753,77.883753,249.081667
3893,662.896358,79.041385,43.041385,79.041385,243.77
3894,679.073474,81.435389,45.435389,81.435389,244.15
3895,768.76581,84.666971,48.666971,84.666971,239.02
3896,786.884953,87.706222,51.706222,87.706222,241.18
3897,690.130181,89.341043,53.341043,89.341043,265.95
3898,615.723332,89.029857,53.029857,89.029857,254.07
3899,655.189936,87.325896,51.325896,87.325896,254.29
3900,656.622553,85.380475,49.380475,85.380475,260.78
3901,697.735252,84.109958,48.109958,84.109958,276.86
3902,708.492943,83.865975,47.865975,83.865975,263.64
3903,668.573035,84.654923,48.654923,84.654923,257.79
3904,660.119126,86.38279,50.38279,86.38279,258.27
3905,677.919362,88.827019,52.827019,88.827019,279.03
3906,749.615054,91.483896,55.483896,91.483896,294.66
3907,825.79968,93.583568,57.583568,93.583568,297.16
3908,770.664708,94.386367,58.386367,94.386367,266.7
3909,803.160681,93.583455,57.583455,93.583455,261.49
3910,642.752473,91.482937,55.482937,91.482937,263.15
3911,633.451747,88.820626,52.820626,88.820626,259.63
3912,624.685855,86.348853,50.348853,86.348853,261.44
3913,637.025506,79.47916,43.47916,79.47916,261.23
3914,636.970498,78.462105,42.462105,78.462105,269.06
3915,651.835404,77.771008,41.771008,77.771008,260.27
3916,668.588712,77.818961,41.818961,77.818961,262.57
3917,612.391752,78.976593,42.976593,78.976593,274.57
3918,667.438788,81.370598,45.370598,81.370598,277.98
3919,633.505859,84.60218,48.60218,84.60218,294.03
3920,639.933183,87.64143,51.64143,87.64143,296.84
3921,752.296246,89.276251,53.276251,89.276251,280.2
3922,701.450743,88.965066,52.965066,88.965066,263.2
3923,775.898215,87.261104,51.261104,87.261104,272.87
3924,849.45363,85.315684,49.315684,85.315684,273.19
3925,842.490188,84.045166,48.045166,84.045166,281.68
3926,668.384964,83.801184,47.801184,83.801184,283.713333
3927,675.38403,84.590132,48.590132,84.590132,275.79
3928,680.739753,86.317999,50.317999,86.317999,273.963333
3929,668.66712,88.762228,52.762228,88.762228,277.743333
3930,671.695395,91.419105,55.419105,91.419105,290.926667
3931,749.996972,93.518777,57.518777,93.518777,302.516667
3932,679.807395,94.321576,58.321576,94.321576,294.33
3933,630.123738,93.518664,57.518664,93.518664,299.27
3934,623.677703,91.418145,55.418145,91.418145,270.01
3935,624.802513,88.755835,52.755835,88.755835,267.766667
3936,635.545123,86.284062,50.284062,86.284062,265.56
3937,706.009886,79.413978,43.413978,79.413978,268.64
3938,677.514108,78.396923,42.396923,78.396923,268.626667
3939,631.36552,77.705826,41.705826,77.705826,272.113333
3940,613.695003,77.75378,41.75378,77.75378,275.793333
3941,606.755575,78.911411,42.911411,78.911411,262.293333
3942,608.883366,81.305416,45.305416,81.305416,275.548333
3943,628.373983,84.536998,48.536998,84.536998,267.78
3944,576.12965,87.576249,51.576249,87.576249,269.34
3945,630.16368,89.21107,53.21107,89.21107,291.37
3946,585.463323,88.899884,52.899884,88.899884,282.39
3947,572.237872,87.195923,51.195923,87.195923,295.15
3948,605.911876,85.250502,49.250502,85.250502,305.76
3949,625.738261,83.979985,47.979985,83.979985,304.82
3950,592.981276,83.736002,47.736002,83.736002,275.75
3951,623.909894,84.52495,48.52495,84.52495,277.22
3952,636.757463,86.252817,50.252817,86.252817,278.32
3953,589.418852,88.697046,52.697046,88.697046,275.81
3954,591.01372,91.353923,55.353923,91.353923,276.45
3955,648.411302,93.453595,57.453595,93.453595,290.99
3956,567.133849,94.256394,58.256394,94.256394,278.13
3957,578.206146,93.453482,57.453482,93.453482,266.94
3958,554.973227,91.352964,55.352964,91.352964,265.3
3959,547.828182,88.690653,52.690653,88.690653,265.59
3960,570.056207,86.21888,50.21888,86.21888,268.28
3961,577.37898,79.348425,43.348425,79.348425,283.25
3962,545.440744,78.33137,42.33137,78.33137,277.66
3963,541.145315,77.640273,41.640273,77.640273,267.25
3964,559.171822,77.688227,41.688227,77.688227,262.65
3965,670.06662,78.845859,42.845859,78.845859,260.72
3966,674.918232,81.239863,45.239863,81.239863,261.32
3967,611.544291,84.471445,48.471445,84.471445,266.5
3968,598.518817,87.510696,51.510696,87.510696,251.09
3969,723.011375,89.145517,53.145517,89.145517,266.95
3970,607.179011,88.834331,52.834331,88.834331,254.25
3971,596.941251,87.13037,51.13037,87.13037,249.7
3972,685.74725,85.184949,49.184949,85.184949,260.48
3973,698.516575,83.914432,47.914432,83.914432,265.83
3974,602.579242,83.670449,47.670449,83.670449,256.64
3975,647.328874,84.459397,48.459397,84.459397,265.36
3976,618.827302,86.187264,50.187264,86.187264,268.575
3977,613.695003,88.631493,52.631493,88.631493,255.523333
3978,674.036975,91.28837,55.28837,91.28837,256.026667
3979,869.564128,93.388042,57.388042,93.388042,271.33
3980,731.33074,94.190841,58.190841,94.190841,247.803333
3981,608.277797,93.387929,57.387929,93.387929,251.813333
3982,614.761662,91.287411,55.287411,91.287411,242.883333
3983,640.142352,88.6251,52.6251,88.6251,239.663333
3984,592.04765,86.153327,50.153327,86.153327,248.9
3985,584.395819,74.28252,38.28252,74.28252,251.526667
3986,614.85391,73.265466,37.265466,73.265466,238.52
3987,595.128324,72.574369,36.574369,72.574369,236.363333
3988,569.81341,72.622322,36.622322,72.622322,244.653333
3989,584.153008,73.779954,37.779954,73.779954,276.106667
3990,577.417329,76.173959,40.173959,76.173959,277.123333
3991,590.610684,79.405541,43.405541,79.405541,262.06
3992,585.708515,82.444791,46.444791,82.444791,258.323333
3993,665.393833,84.079612,48.079612,84.079612,286.355
3994,713.515599,83.768426,47.768426,83.768426,260.84
3995,663.218751,82.064465,46.064465,82.064465,257.85
3996,638.14247,80.119044,44.119044,80.119044,279.33
3997,635.6681,78.848527,42.848527,78.848527,281.83
3998,606.227767,78.604545,42.604545,78.604545,259.52
3999,592.176072,79.393493,43.393493,79.393493,271.08
4000,572.21034,81.12136,45.12136,81.12136,264.03
4001,618.940467,83.565588,47.565588,83.565588,262.65
4002,650.82491,86.222465,50.222465,86.222465,276.94
4003,684.715571,88.322138,52.322138,88.322138,308.41
4004,633.140864,89.124937,53.124937,89.124937,287.82
4005,605.468293,88.322025,52.322025,88.322025,261.15
4006,687.318336,86.221506,50.221506,86.221506,262.94
4007,679.889061,83.559196,47.559196,83.559196,269.39
4008,598.518817,81.087423,45.087423,81.087423,256.35
4009,580.504684,74.216284,38.216284,74.216284,253.9
4010,566.469932,73.199229,37.199229,73.199229,262.965
4011,530.433298,72.508132,36.508132,72.508132,257.3
4012,537.405758,72.556085,36.556085,72.556085,248.81
4013,536.46856,73.713717,37.713717,73.713717,253.82
4014,541.681335,76.107722,40.107722,76.107722,251.54
4015,579.194421,79.339304,43.339304,79.339304,255.9
4016,590.039893,82.378554,46.378554,82.378554,254.33
4017,651.234454,84.013375,48.013375,84.013375,275.11
4018,624.310424,83.70219,47.70219,83.70219,284.64
4019,597.483804,81.998228,45.998228,81.998228,274.64
4020,661.8399,80.052808,44.052808,80.052808,268.91
4021,722.03044,78.78229,42.78229,78.78229,268.31
4022,714.280994,78.538308,42.538308,78.538308,260.57
4023,640.142352,79.327256,43.327256,79.327256,256.39
4024,586.046379,81.055123,45.055123,81.055123,249.69
4025,674.180989,83.499352,47.499352,83.499352,264.06
4026,669.420998,86.156229,50.156229,86.156229,271.883333
4027,635.135707,88.255901,52.255901,88.255901,279.123333
4028,612.853503,89.0587,53.0587,89.0587,267.69
4029,593.823387,88.255788,52.255788,88.255788,260.353333
4030,573.011465,86.155269,50.155269,86.155269,279.643333
4031,565.844798,83.492959,47.492959,83.492959,278.146667
4032,584.730407,81.021186,45.021186,81.021186,258.323333
4033,570.543399,79.149735,43.149735,79.149735,252.6
4034,560.066109,78.13268,42.13268,78.13268,247.55
4035,574.237649,77.441583,41.441583,77.441583,230.276667
4036,604.393434,77.489536,41.489536,77.489536,234.366667
4037,623.716382,78.647168,42.647168,78.647168,233.846667
4038,665.208011,81.041173,45.041173,81.041173,236.64
4039,601.585719,84.272755,48.272755,84.272755,252.153333
4040,585.861985,87.312005,51.312005,87.312005,255.72
4041,617.999504,88.946826,52.946826,88.946826,271.976667
4042,567.361938,88.635641,52.635641,88.635641,265.463333
4043,552.499081,86.931679,50.931679,86.931679,258.013333
4044,585.432705,84.986258,48.986258,84.986258,274.34
4045,587.717188,83.715741,47.715741,83.715741,286.18
4046,555.756826,83.471759,47.471759,83.471759,284.78
4047,552.207009,84.260707,48.260707,84.260707,269.39
4048,572.017802,85.988574,49.988574,85.988574,254.44
4049,558.390244,88.432802,52.432802,88.432802,276.97
4050,636.366304,91.089679,55.089679,91.089679,275.97
4051,666.931905,93.189352,57.189352,93.189352,268.18
4052,616.839261,93.992151,57.992151,93.992151,262.42
4053,623.845368,93.189239,57.189239,93.189239,256.9
4054,543.615433,91.08872,55.08872,91.08872,249.98
4055,559.943661,88.42641,52.42641,88.42641,247.31
4056,548.989931,85.954637,49.954637,85.954637,254.01
4057,553.845234,79.082892,43.082892,79.082892,249.08
4058,543.342381,78.065838,42.065838,78.065838,245.02
4059,540.11803,77.374741,41.374741,77.374741,250.42
4060,532.991423,77.422694,41.422694,77.422694,260.045
4061,550.096482,78.580326,42.580326,78.580326,265.31
4062,534.437445,80.974331,44.974331,80.974331,275.07
4063,534.876019,84.205913,48.205913,84.205913,259.23
4064,541.623001,87.245163,51.245163,87.245163,254.38
4065,560.434399,88.879984,52.879984,88.879984,263.81
4066,557.186596,88.568798,52.568798,88.568798,247.89
4067,529.68958,86.864837,50.864837,86.864837,241.8
4068,570.787795,84.919416,48.919416,84.919416,254.24
4069,582.760405,83.648899,47.648899,83.648899,254.98
4070,600.225351,83.404917,47.404917,83.404917,243.22
4071,524.976963,84.193865,48.193865,84.193865,241.67
4072,549.559337,85.921732,49.921732,85.921732,249.62
4073,535.341472,88.36596,52.36596,88.36596,244.33
4074,542.424715,91.022837,55.022837,91.022837,268.48
4075,559.69924,93.12251,57.12251,93.12251,275.44
4076,558.053863,93.925309,57.925309,93.925309,263.5
4077,544.603349,93.122397,57.122397,93.122397,265.343333
4078,539.125788,91.021878,55.021878,91.021878,237.62
4079,536.171348,88.359568,52.359568,88.359568,244.97
4080,540.12436,85.887795,49.887795,85.887795,240.206667
4081,533.345034,79.015777,43.015777,79.015777,242.393333
4082,580.475201,77.998723,41.998723,77.998723,237.483333
4083,569.436785,77.307625,41.307625,77.307625,235.826667
4084,557.886133,77.355579,41.355579,77.355579,231.84
4085,534.627448,78.513211,42.513211,78.513211,240.716667
4086,527.487752,80.907216,44.907216,80.907216,232.69
4087,526.482714,84.138798,48.138798,84.138798,232.943333
4088,541.235421,87.178048,51.178048,87.178048,236.61
4089,557.599309,88.812869,52.812869,88.812869,245.17
4090,548.824934,88.501683,52.501683,88.501683,243.826667
4091,560.434399,86.797722,50.797722,86.797722,229.806667
4092,555.616662,84.852301,48.852301,84.852301,249.17
4093,565.430113,83.581784,47.581784,83.581784,253.358333
4094,532.723602,83.337802,47.337802,83.337802,258.83
4095,560.483612,84.12675,48.12675,84.12675,226.64
4096,543.475442,85.854617,49.854617,85.854617,240.47
4097,587.77946,88.298845,52.298845,88.298845,233.21
4098,667.352941,90.955722,54.955722,90.955722,237.02
4099,594.083463,93.055395,57.055395,93.055395,244.87
4100,546.683995,93.858194,57.858194,93.858194,244.19
4101,550.629957,93.055282,57.055282,93.055282,238.11
4102,539.9158,90.954763,54.954763,90.954763,235.3
4103,558.667476,88.292453,52.292453,88.292453,233.68
4104,553.464927,85.82068,49.82068,85.82068,235.83
4105,529.878361,78.948409,42.948409,78.948409,232.05
4106,527.953805,77.931355,41.931355,77.931355,252.59
4107,527.752746,77.240257,41.240257,77.240257,248.67
4108,537.551278,77.288211,41.288211,77.288211,244.12
4109,534.38574,78.445843,42.445843,78.445843,232.8
4110,523.666788,80.839847,44.839847,80.839847,228.37
4111,543.990135,84.07143,48.07143,84.07143,227.69
4112,537.405758,87.11068,51.11068,87.11068,236.41
4113,589.093632,88.745501,52.745501,88.745501,244
4114,618.312632,88.434315,52.434315,88.434315,240.13
4115,644.794155,86.730354,50.730354,86.730354,245.17
4116,610.22074,84.784933,48.784933,84.784933,243.16
4117,540.035795,83.514416,47.514416,83.514416,247.15
4118,541.08103,83.270434,47.270434,83.270434,231.68
4119,544.326401,84.059382,48.059382,84.059382,245.19
4120,542.608571,85.787249,49.787249,85.787249,237.55
4121,545.770206,88.231477,52.231477,88.231477,255
4122,528.333267,90.888354,54.888354,90.888354,275.53
4123,531.58437,92.988026,56.988026,92.988026,256.98
4124,565.66317,93.790826,57.790826,93.790826,239.12
4125,530.534404,92.987914,56.987914,92.987914,240.96
4126,550.828175,90.887395,54.887395,90.887395,235.72
4127,549.299345,88.225085,52.225085,88.225085,244.445
4128,544.786325,85.753312,49.753312,85.753312,242.226667
4129,536.313818,78.880808,42.880808,78.880808,229.926667
4130,563.686122,77.863753,41.863753,77.863753,228.68
4131,590.865101,77.172656,41.172656,77.172656,228.546667
4132,571.907925,77.22061,41.22061,77.22061,234.446667
4133,531.016217,78.378242,42.378242,78.378242,232.66
4134,535.72841,80.772246,44.772246,80.772246,225.693333
4135,552.701889,84.003828,48.003828,84.003828,237.806667
4136,567.612519,87.043079,51.043079,87.043079,234.366667
4137,600.394764,88.6779,52.6779,88.6779,255.42
4138,569.463644,88.366714,52.366714,88.366714,263.893333
4139,565.378394,86.662753,50.662753,86.662753,270.49
4140,567.282929,84.717332,48.717332,84.717332,261.693333
4141,582.525572,83.446815,47.446815,83.446815,235.783333
4142,557.360976,83.202832,47.202832,83.202832,236.33
4143,556.508139,83.991781,47.991781,83.991781,237.973333
4144,555.593323,85.719647,49.719647,85.719647,237.113333
4145,604.723866,88.163876,52.163876,88.163876,238.68
4146,651.908796,90.820753,54.820753,90.820753,228.93
4147,760.572627,92.920425,56.920425,92.920425,230.99
4148,576.158117,93.723224,57.723224,93.723224,247.24
4149,565.145977,92.920312,56.920312,92.920312,230.34
4150,562.247108,90.819794,54.819794,90.819794,241.05
4151,559.090944,88.157484,52.157484,88.157484,240.35
4152,568.155251,85.68571,49.68571,85.68571,238.2
4153,561.905164,73.812994,37.812994,73.812994,233.76
4154,561.382057,72.795939,36.795939,72.795939,246.47
4155,537.64241,72.104842,36.104842,72.104842,255.98
4156,550.659291,72.152795,36.152795,72.152795,249.58
4157,545.310748,73.310427,37.310427,73.310427,230.64
4158,539.83383,75.704432,39.704432,75.704432,233.43
4159,563.465983,78.936014,42.936014,78.936014,241.89
4160,565.369778,81.975264,45.975264,81.975264,247.985
4161,690.468706,83.610085,47.610085,83.610085,258.88
4162,638.876427,83.2989,47.2989,83.2989,248.68
4163,715.139563,81.594938,45.594938,81.594938,247.13
4164,864.974004,79.649518,43.649518,79.649518,247.86
4165,684.08505,78.379001,42.379001,78.379001,253.28
4166,611.134129,78.135018,42.135018,78.135018,243.9
4167,608.847685,78.923966,42.923966,78.923966,243.54
4168,617.549518,80.651833,44.651833,80.651833,243.15
4169,613.866226,83.096062,47.096062,83.096062,260.14
4170,600.671861,85.752939,49.752939,85.752939,272.13
4171,616.876575,87.852611,51.852611,87.852611,292.72
4172,581.392351,88.65541,52.65541,88.65541,251.1
4173,605.421669,87.852498,51.852498,87.852498,247.04
4174,572.07278,85.751979,49.751979,85.751979,245.9
4175,594.637638,83.089669,47.089669,83.089669,244.62
4176,584.365444,80.617896,44.617896,80.617896,248.19
4177,575.84535,73.744987,37.744987,73.744987,245.763333
4178,580.239583,72.727932,36.727932,72.727932,245.553333
4179,624.142361,72.036835,36.036835,72.036835,234.496667
4180,640.267948,72.084788,36.084788,72.084788,240.973333
4181,636.242927,73.24242,37.24242,73.24242,238.456667
4182,592.079745,75.636425,39.636425,75.636425,235.676667
4183,571.087228,78.868007,42.868007,78.868007,246.383333
4184,589.093632,81.907257,45.907257,81.907257,247.126667
4185,639.557176,83.542078,47.542078,83.542078,280.266667
4186,600.157637,83.230893,47.230893,83.230893,269.086667
4187,596.725869,81.526931,45.526931,81.526931,284.936667
4188,651.117369,79.58151,43.58151,79.58151,307.813333
4189,603.95966,78.310993,42.310993,78.310993,278.996667
4190,581.659851,78.067011,42.067011,78.067011,261.946667
4191,563.4829,78.855959,42.855959,78.855959,261.31
4192,588.59154,80.583826,44.583826,80.583826,263.69
4193,609.347888,83.028055,47.028055,83.028055,262.696667
4194,704.040492,85.684932,49.684932,85.684932,258.961667
4195,841.460648,87.784604,51.784604,87.784604,263.51
4196,686.398069,88.587403,52.587403,88.587403,252.9
4197,658.923005,87.784491,51.784491,87.784491,260.34
4198,596.312522,85.683972,49.683972,85.683972,249.64
4199,605.666593,83.021662,47.021662,83.021662,257.15
4200,612.124971,80.549889,44.549889,80.549889,253.89
4201,585.188012,78.676806,42.676806,78.676806,250.99
4202,589.125073,77.659752,41.659752,77.659752,252.51
4203,577.388565,76.968655,40.968655,76.968655,265.42
4204,552.251876,77.016608,41.016608,77.016608,269.42
4205,565.619971,78.17424,42.17424,78.17424,268.45
4206,568.642945,80.568245,44.568245,80.568245,256.36
4207,591.844547,83.799827,47.799827,83.799827,249.28
4208,601.460535,86.839077,50.839077,86.839077,255.42
4209,759.541708,88.473898,52.473898,88.473898,269.25
4210,605.410017,88.162713,52.162713,88.162713,258.81
4211,601.574336,86.458751,50.458751,86.458751,257.785
4212,618.249967,84.51333,48.51333,84.51333,271.95
4213,654.536097,83.242813,47.242813,83.242813,259.92
4214,610.484654,82.998831,46.998831,82.998831,252.99
4215,579.272265,83.787779,47.787779,83.787779,246.39
4216,597.317513,85.515646,49.515646,85.515646,255.26
4217,581.194559,87.959874,51.959874,87.959874,261.45
4218,590.981861,90.616751,54.616751,90.616751,282.88
4219,627.045246,92.716424,56.716424,92.716424,304.68
4220,624.446273,93.519223,57.519223,93.519223,279.46
4221,647.415284,92.716311,56.716311,92.716311,273.7
4222,655.592019,90.615792,54.615792,90.615792,257.66
4223,605.037515,87.953482,51.953482,87.953482,260.41
4224,564.811187,85.481709,49.481709,85.481709,262.22
4225,581.036546,78.608474,42.608474,78.608474,254.16
4226,573.985789,77.591419,41.591419,77.591419,255.43
4227,584.153008,76.900322,40.900322,76.900322,251.53
4228,577.590051,76.948275,40.948275,76.948275,241.69
4229,591.471149,78.105907,42.105907,78.105907,247.223333
4230,564.528753,80.499912,44.499912,80.499912,248.373333
4231,554.342185,83.731494,47.731494,83.731494,256.286667
4232,557.218276,86.770744,50.770744,86.770744,259.193333
4233,565.068621,88.405565,52.405565,88.405565,292.553333
4234,583.125985,88.09438,52.09438,88.09438,260.336667
4235,697.007772,86.390418,50.390418,86.390418,259.226667
4236,726.423689,84.444998,48.444998,84.444998,263.876667
4237,692.576054,83.174481,47.174481,83.174481,272.723333
4238,590.865101,82.930498,46.930498,82.930498,261.766667
4239,612.379618,83.719446,47.719446,83.719446,252.18
4240,584.821804,85.447313,49.447313,85.447313,257.963333
4241,603.855724,87.891542,51.891542,87.891542,252.833333
4242,589.502903,90.548419,54.548419,90.548419,256.016667
4243,611.146178,92.648091,56.648091,92.648091,266.163333
4244,649.455148,93.45089,57.45089,93.45089,265.498333
4245,621.256274,92.647978,56.647978,92.647978,271.1
4246,590.103202,90.547459,54.547459,90.547459,272.96
4247,606.896603,87.885149,51.885149,87.885149,260.23
4248,595.686375,85.413376,49.413376,85.413376,246.91
4249,671.600245,78.540009,42.540009,78.540009,252.78
4250,676.592309,77.522954,41.522954,77.522954,250.33
4251,636.32517,76.831857,40.831857,76.831857,253.82
4252,582.795417,76.87981,40.87981,76.87981,251.6
4253,570.624805,78.037442,42.037442,78.037442,256.17
4254,583.54288,80.431447,44.431447,80.431447,246.8
4255,594.441812,83.663029,47.663029,83.663029,242.61
4256,571.396569,86.702279,50.702279,86.702279,243.84
4257,616.516185,88.3371,52.3371,88.3371,247.01
4258,598.217618,88.025915,52.025915,88.025915,253.48
4259,600.790764,86.321953,50.321953,86.321953,281.54
4260,629.950751,84.376533,48.376533,84.376533,286.96
4261,692.968547,83.106016,47.106016,83.106016,280.68
4262,649.484211,82.862033,46.862033,82.862033,255.98
4263,671.124998,83.650981,47.650981,83.650981,262.29
4264,713.679466,85.378848,49.378848,85.378848,254.04
4265,707.704909,87.823077,51.823077,87.823077,259.89
4266,656.577657,90.479954,54.479954,90.479954,255.55
4267,694.732423,92.579626,56.579626,92.579626,261.95
4268,631.164729,93.382425,57.382425,93.382425,271.57
4269,629.937447,92.579513,56.579513,92.579513,264.67
4270,629.266875,90.478994,54.478994,90.478994,255.74
4271,593.207526,87.816684,51.816684,87.816684,260.76
4272,612.306825,85.344911,49.344911,85.344911,257.47
4273,588.842362,78.471432,42.471432,78.471432,276.43
4274,568.820834,77.454377,41.454377,77.454377,277.47
4275,615.797517,76.76328,40.76328,76.76328,268.47
4276,599.111757,76.811233,40.811233,76.811233,253.37
4277,612.853503,77.968865,41.968865,77.968865,249.11
4278,562.447822,80.36287,44.36287,80.36287,253.618333
4279,587.406247,83.594452,47.594452,83.594452,257.09
4280,580.004401,86.633702,50.633702,86.633702,249.393333
4281,706.651177,88.268523,52.268523,88.268523,263.413333
4282,708.905624,87.957338,51.957338,87.957338,258.233333
4283,767.126924,86.253376,50.253376,86.253376,258.996667
4284,661.016134,84.307955,48.307955,84.307955,266.896667
4285,646.036561,83.037438,47.037438,83.037438,280.756667
4286,661.656611,82.793456,46.793456,82.793456,271.576667
4287,643.197526,83.582404,47.582404,83.582404,276.33
4288,645.950662,85.310271,49.310271,85.310271,284.67
4289,657.071952,87.7545,51.7545,87.7545,283.566667
4290,704.62474,90.411377,54.411377,90.411377,273.18
4291,684.151355,92.511049,56.511049,92.511049,281.1
4292,646.638745,93.313848,57.313848,93.313848,267.2
4293,654.298771,92.510936,56.510936,92.510936,266.893333
4294,630.16368,90.410417,54.410417,90.410417,266.725
4295,700.085068,87.748107,51.748107,87.748107,256.71
4296,712.91543,85.276334,49.276334,85.276334,262.27
4297,692.83197,78.402763,42.402763,78.402763,255.34
4298,611.906993,77.385708,41.385708,77.385708,248.44
4299,604.654246,76.694611,40.694611,76.694611,263.22
4300,602.785562,76.742565,40.742565,76.742565,258.5
4301,592.529816,77.900196,41.900196,77.900196,262.42
4302,580.711257,80.294201,44.294201,80.294201,245.98
4303,591.631059,83.525783,47.525783,83.525783,254.88
4304,607.408815,86.565034,50.565034,86.565034,252.43
4305,711.881287,88.199854,52.199854,88.199854,283.37
4306,616.876575,87.888669,51.888669,87.888669,283.79
4307,637.921382,86.184708,50.184708,86.184708,293.77
4308,665.936569,84.239287,48.239287,84.239287,274.16
4309,648.353448,82.96877,46.96877,82.96877,270.78
4310,645.836179,82.724787,46.724787,82.724787,274.3
4311,689.808937,83.513735,47.513735,83.513735,270.115
4312,788.929761,85.241602,49.241602,85.241602,270.76
4313,800.984877,87.685831,51.685831,87.685831,273.29
4314,695.385738,90.342708,54.342708,90.342708,282.99
4315,724.239039,92.44238,56.44238,92.44238,279.01
4316,686.448192,93.245179,57.245179,93.245179,270.92
4317,651.161269,92.442267,56.442267,92.442267,272.67
4318,706.990143,90.341749,54.341749,90.341749,266.95
4319,689.504916,87.679438,51.679438,87.679438,282.13
4320,683.654421,85.207665,49.207665,85.207665,284.53
4321,663.403156,73.334023,37.334023,73.334023,280.73
4322,679.366815,72.316968,36.316968,72.316968,262.16
4323,655.68146,71.625871,35.625871,71.625871,260.12
4324,722.871074,71.673824,35.673824,71.673824,259.58
4325,828.397535,72.831456,36.831456,72.831456,256.5
4326,853.719357,75.225461,39.225461,75.225461,252.67
4327,745.617188,78.457043,42.457043,78.457043,256.22
4328,618.187319,81.496293,45.496293,81.496293,260.905
4329,742.053911,83.131114,47.131114,83.131114,284.34
4330,607.975812,82.819929,46.819929,82.819929,263.51
4331,636.448594,81.115967,45.115967,81.115967,268.856667
4332,634.197018,79.170547,43.170547,79.170547,275.226667
4333,628.453193,77.900029,41.900029,77.900029,271.316667
4334,653.012336,77.656047,41.656047,77.656047,270.733333
4335,616.615534,78.444995,42.444995,78.444995,280.136667
4336,581.689607,80.172862,44.172862,80.172862,297.15
4337,606.685105,82.617091,46.617091,82.617091,298.95
4338,619.431635,85.273968,49.273968,85.273968,281.226667
4339,771.045502,87.37364,51.37364,87.37364,286.573333
4340,678.146562,88.176439,52.176439,88.176439,279.47
4341,668.431969,87.373527,51.373527,87.373527,271.96
4342,614.356326,85.273008,49.273008,85.273008,283.433333
4343,589.597519,82.610698,46.610698,82.610698,280.076667
4344,591.088086,80.138925,44.138925,80.138925,278.91
4345,577.907341,73.265232,37.265232,73.265232,274.68
4346,569.921254,72.248177,36.248177,72.248177,278.04
4347,575.95899,71.55708,35.55708,71.55708,272.98
4348,564.221532,71.605033,35.605033,71.605033,286.33
4349,562.297248,72.762665,36.762665,72.762665,302.88
4350,550.366427,75.15667,39.15667,75.15667,306.33
4351,572.762242,78.388252,42.388252,78.388252,290.26
4352,568.288041,81.427502,45.427502,81.427502,263.86
4353,630.443485,83.062323,47.062323,83.062323,289.66
4354,624.997096,82.751138,46.751138,82.751138,261.065
4355,706.776017,81.047176,45.047176,81.047176,268.5
4356,725.009672,79.101755,43.101755,79.101755,267.95
4357,695.816302,77.831238,41.831238,77.831238,266.52
4358,601.380925,77.587256,41.587256,77.587256,272.38
4359,566.932489,78.376204,42.376204,78.376204,263.44
4360,593.229093,80.104071,44.104071,80.104071,253
4361,598.061672,82.548299,46.548299,82.548299,260.7
4362,593.466523,85.205176,49.205176,85.205176,264.19
4363,614.810854,87.304849,51.304849,87.304849,294.39
4364,599.336094,88.107648,52.107648,88.107648,277.79
4365,593.509733,87.304736,51.304736,87.304736,275.76
4366,570.697217,85.204217,49.204217,85.204217,262.83
4367,586.426194,82.541907,46.541907,82.541907,255.58
4368,564.187454,80.070134,44.070134,80.070134,256.05
4369,603.452152,78.19641,42.19641,78.19641,251.71
4370,618.149741,77.179355,41.179355,77.179355,248.85
4371,611.47184,76.488258,40.488258,76.488258,251.03
4372,549.980031,76.536211,40.536211,76.536211,246.68
4373,546.704896,77.693843,41.693843,77.693843,245.92
4374,544.057258,80.087848,44.087848,80.087848,240.84
4375,557.43241,83.31943,47.31943,83.31943,249.89
4376,553.267838,86.35868,50.35868,86.35868,248.24
4377,588.810985,87.993501,51.993501,87.993501,267.02
4378,596.114513,87.682316,51.682316,87.682316,265.64
4379,588.685546,85.978354,49.978354,85.978354,283.393333
4380,581.927905,84.032934,48.032934,84.032934,286.71
4381,648.976145,82.762417,46.762417,82.762417,281.31
4382,665.533286,82.518434,46.518434,82.518434,259.17
4383,671.314997,83.307382,47.307382,83.307382,247.726667
4384,678.731626,85.035249,49.035249,85.035249,256.716667
4385,672.123979,87.479478,51.479478,87.479478,258.186667
4386,583.729151,90.136355,54.136355,90.136355,256.79
4387,569.651842,92.236027,56.236027,92.236027,262.953333
4388,592.723129,93.038826,57.038826,93.038826,258.566667
4389,565.611334,92.235914,56.235914,92.235914,256.803333
4390,551.425769,90.135395,54.135395,90.135395,249.136667
4391,543.495423,87.473085,51.473085,87.473085,254.563333
4392,556.555308,85.001312,49.001312,85.001312,246.666667
4393,559.431104,78.127578,42.127578,78.127578,259.773333
4394,558.583013,77.110523,41.110523,77.110523,263.85
4395,552.364151,76.419426,40.419426,76.419426,262.04
4396,549.711398,76.467379,40.467379,76.467379,240.663333
4397,547.019116,77.625011,41.625011,77.625011,239.13
4398,574.771132,80.019016,44.019016,80.019016,237.84
4399,549.385913,83.250598,47.250598,83.250598,243.93
4400,590.134867,86.289848,50.289848,86.289848,242.14
4401,600.734132,87.924669,51.924669,87.924669,255.33
4402,564.888349,87.613484,51.613484,87.613484,257.6
4403,548.332055,85.909522,49.909522,85.909522,255.29
4404,547.503509,83.964102,47.964102,83.964102,253.08
4405,554.273205,82.693585,46.693585,82.693585,271.46
4406,555.589433,82.449602,46.449602,82.449602,275.14
4407,578.476658,83.23855,47.23855,83.23855,276.37
4408,566.165581,84.966417,48.966417,84.966417,277.91
4409,550.3372,87.410646,51.410646,87.410646,276.54
4410,546.461421,90.067523,54.067523,90.067523,253.68
4411,566.078786,92.167195,56.167195,92.167195,248.75
4412,604.863192,92.969994,56.969994,92.969994,256.56
4413,606.73208,92.167082,56.167082,92.167082,247.22
4414,598.128488,90.066563,54.066563,90.066563,241.32
4415,552.777127,87.404253,51.404253,87.404253,237.56
4416,537.89832,84.93248,48.93248,84.93248,243.56
4417,535.481869,78.058756,42.058756,78.058756,244.76
4418,530.683791,77.041701,41.041701,77.041701,244.41
4419,537.13387,76.350604,40.350604,76.350604,241.74
4420,536.827243,76.398558,40.398558,76.398558,240.54
4421,543.242754,77.55619,41.55619,77.55619,239.28
4422,537.797653,79.950194,43.950194,79.950194,250.61
4423,543.595417,83.181776,47.181776,83.181776,240.39
4424,534.316877,86.221027,50.221027,86.221027,255.75
4425,556.838839,87.855848,51.855848,87.855848,258.98
4426,534.248102,87.544662,51.544662,87.544662,246.94
4427,566.052761,85.840701,49.840701,85.840701,239.9
4428,691.656537,83.89528,47.89528,83.89528,239.51
4429,662.160971,82.624763,46.624763,82.624763,242.58
4430,559.163731,82.38078,46.38078,82.38078,243.148333
4431,558.87292,83.169728,47.169728,83.169728,251.906667
4432,544.786325,84.897595,48.897595,84.897595,247.433333
4433,545.687699,87.341824,51.341824,87.341824,240.826667
4434,564.888349,89.998701,53.998701,89.998701,239.013333
4435,630.763727,92.098373,56.098373,92.098373,247.4
4436,585.708515,92.901172,56.901172,92.901172,260.18
4437,543.936481,92.09826,56.09826,92.09826,260.713333
4438,543.25603,89.997742,53.997742,89.997742,258.206667
4439,531.510956,87.335431,51.335431,87.335431,241.923333
4440,553.791889,84.863658,48.863658,84.863658,234.636667
4441,602.510527,77.989965,41.989965,77.989965,233.29
4442,600.428668,76.97291,40.97291,76.97291,230.433333
4443,534.992017,76.281813,40.281813,76.281813,234.216667
4444,531.780667,76.329766,40.329766,76.329766,234.046667
4445,532.507012,77.487398,41.487398,77.487398,237.433333
4446,532.324453,79.881403,43.881403,79.881403,234.581667
4447,536.77929,83.112985,47.112985,83.112985,237.61
4448,543.275948,86.152235,50.152235,86.152235,232.62
4449,589.944983,87.787056,51.787056,87.787056,243.68
4450,558.29401,87.475871,51.475871,87.475871,232.58
4451,544.522179,85.771909,49.771909,85.771909,247.39
4452,553.518067,83.826489,47.826489,83.826489,280.5
4453,579.184695,82.555972,46.555972,82.555972,274.41
4454,580.063155,82.311989,46.311989,82.311989,244.65
4455,602.544881,83.100937,47.100937,83.100937,244.53
4456,632.063099,84.828804,48.828804,84.828804,238.2
4457,624.880323,87.273033,51.273033,87.273033,238.64
4458,655.294115,89.92991,53.92991,89.92991,246.94
4459,665.269935,92.029582,56.029582,92.029582,267.1
4460,579.20415,92.832381,56.832381,92.832381,254.33
4461,554.058953,92.029469,56.029469,92.029469,237.78
4462,559.27707,89.92895,53.92895,89.92895,237.44
4463,582.595477,87.26664,51.26664,87.26664,230.945
4464,563.330754,84.794867,48.794867,84.794867,242.37
4465,551.945768,77.921225,41.921225,77.921225,259.5
4466,552.304251,76.90417,40.90417,76.90417,258.89
4467,541.980296,76.213073,40.213073,76.213073,233.01
4468,551.886174,76.261026,40.261026,76.261026,231.11
4469,559.59352,77.418658,41.418658,77.418658,231.55
4470,566.226382,79.812663,43.812663,79.812663,231.44
4471,578.051834,83.044245,47.044245,83.044245,234.02
4472,581.471553,86.083495,50.083495,86.083495,237.45
4473,746.124649,87.718316,51.718316,87.718316,255.69
4474,629.605207,87.407131,51.407131,87.407131,244.29
4475,585.8927,85.703169,49.703169,85.703169,238.07
4476,601.346818,83.757748,47.757748,83.757748,242.25
4477,629.525549,82.487231,46.487231,82.487231,252.15
4478,559.28517,82.243249,46.243249,82.243249,252.45
4479,569.571146,83.032197,47.032197,83.032197,259.51
4480,550.038235,84.760064,48.760064,84.760064,267.423333
4481,537.35733,87.204293,51.204293,87.204293,265.61
4482,543.11677,89.86117,53.86117,89.86117,272.893333
4483,610.06498,91.960842,55.960842,91.960842,275.083333
4484,564.170418,92.763641,56.763641,92.763641,252.156667
4485,551.759675,91.960729,55.960729,91.960729,242.486667
4486,560.705383,89.86021,53.86021,89.86021,244.696667
4487,534.800751,87.1979,51.1979,87.1979,253.303333
4488,536.563991,84.726127,48.726127,84.726127,246.33
4489,550.894357,72.852556,36.852556,72.852556,241.553333
4490,536.492402,71.835501,35.835501,71.835501,241.713333
4491,531.486509,71.144404,35.144404,71.144404,236.793333
4492,560.705383,71.192358,35.192358,71.192358,241.526667
4493,599.920864,72.349989,36.349989,72.349989,244.826667
4494,559.674832,74.743994,38.743994,74.743994,247.456667
4495,564.708393,77.975576,41.975576,77.975576,251.76
4496,550.147482,81.014827,45.014827,81.014827,252.926667
4497,564.862622,82.649647,46.649647,82.649647,290.345
4498,558.800358,82.338462,46.338462,82.338462,266.81
4499,561.200045,80.6345,44.6345,80.6345,254.39
4500,562.422711,78.68908,42.68908,78.68908,259.16
4501,601.415039,77.418563,41.418563,77.418563,266.79
4502,576.044289,77.17458,41.17458,77.17458,244.7
4503,580.121937,77.963528,41.963528,77.963528,248.72
4504,577.015255,79.691395,43.691395,79.691395,240.69
4505,581.036546,82.135624,46.135624,82.135624,234.34
4506,561.249651,84.792501,48.792501,84.792501,237.37
4507,561.175252,86.892173,50.892173,86.892173,261.65
4508,554.626353,87.694972,51.694972,87.694972,246.66
4509,563.949223,86.89206,50.89206,86.89206,241.47
4510,566.548337,84.791542,48.791542,84.791542,245.28
4511,564.768343,82.129231,46.129231,82.129231,232.9
4512,569.984211,79.657458,43.657458,79.657458,233.9
4513,573.530089,72.783979,36.783979,72.783979,241.08
4514,568.990097,71.766924,35.766924,71.766924,233.86
4515,542.405046,71.075827,35.075827,71.075827,230.93
4516,542.503449,71.12378,35.12378,71.12378,245.28
4517,536.224733,72.281412,36.281412,72.281412,258.74
4518,539.726797,74.675417,38.675417,74.675417,244.86
4519,538.666454,77.906999,41.906999,77.906999,246.87
4520,530.898001,80.946249,44.946249,80.946249,240.74
4521,560.985379,82.58107,46.58107,82.58107,246.93
4522,578.505677,82.269885,46.269885,82.269885,244.5
4523,632.103416,80.565923,44.565923,80.565923,245.48
4524,657.604791,78.620503,42.620503,78.620503,245.97
4525,616.541018,77.349986,41.349986,77.349986,259.18
4526,551.359152,77.106003,41.106003,77.106003,251.06
4527,568.367793,77.894951,41.894951,77.894951,252.47
4528,570.110234,79.622818,43.622818,79.622818,251.4
4529,566.96748,82.067047,46.067047,82.067047,252.78
4530,630.323522,84.723924,48.723924,84.723924,245.5
4531,621.370894,86.823596,50.823596,86.823596,245.47
4532,566.182949,87.626395,51.626395,87.626395,242.733333
4533,551.625949,86.823483,50.823483,86.823483,246.573333
4534,557.099531,84.722964,48.722964,84.722964,247.58
4535,536.941288,82.060654,46.060654,82.060654,246.893333
4536,534.852849,79.588881,43.588881,79.588881,248.873333
4537,540.29551,77.715514,41.715514,77.715514,250.166667
4538,538.586114,76.698459,40.698459,76.698459,248.503333
4539,546.558715,76.007362,40.007362,76.007362,237.01
4540,540.428945,76.055315,40.055315,76.055315,237.06
4541,532.823873,77.212947,41.212947,77.212947,233.71
4542,535.131536,79.606952,43.606952,79.606952,235.62
4543,534.437445,82.838534,46.838534,82.838534,235.053333
4544,554.942339,85.877784,49.877784,85.877784,230.566667
4545,632.332023,87.512605,51.512605,87.512605,245.393333
4546,557.766514,87.20142,51.20142,87.20142,251.916667
4547,548.012312,85.497458,49.497458,85.497458,267.433333
4548,571.633698,83.552038,47.552038,83.552038,273.408333
4549,682.51469,82.28152,46.28152,82.28152,263.42
4550,647.97773,82.037538,46.037538,82.037538,241.29
4551,605.946945,82.826486,46.826486,82.826486,248.27
4552,621.141721,84.554353,48.554353,84.554353,248.92
4553,660.559634,86.998582,50.998582,86.998582,247.74
4554,678.780437,89.655459,53.655459,89.655459,266.99
4555,617.137985,91.755131,55.755131,91.755131,264.7
4556,571.853027,92.55793,56.55793,92.55793,247.44
4557,592.562017,91.755018,55.755018,91.755018,241.41
4558,579.097185,89.654499,53.654499,89.654499,243.79
4559,551.759675,86.992189,50.992189,86.992189,234.11
4560,558.615179,84.520416,48.520416,84.520416,232.93
4561,549.400351,77.647181,41.647181,77.647181,235.92
4562,538.173727,76.630126,40.630126,76.630126,235.01
4563,553.449749,75.939029,39.939029,75.939029,239.06
4564,561.971792,75.986983,39.986983,75.986983,235.99
4565,556.476709,77.144615,41.144615,77.144615,231.74
4566,570.579571,79.538619,43.538619,79.538619,233.09
4567,569.517382,82.770201,46.770201,82.770201,232.69
4568,620.633428,85.809452,49.809452,85.809452,242.87
4569,610.364642,87.444273,51.444273,87.444273,267.49
4570,600.304387,87.133087,51.133087,87.133087,244.07
4571,596.598991,85.429126,49.429126,85.429126,239.75
4572,608.610001,83.483705,47.483705,83.483705,249.48
4573,662.666323,82.213188,46.213188,82.213188,278.68
4574,619.886156,81.969205,45.969205,81.969205,271.23
4575,605.212021,82.758153,46.758153,82.758153,260.49
4576,607.073053,84.48602,48.48602,84.48602,264.64
4577,614.282726,86.930249,50.930249,86.930249,274.06
4578,640.645162,89.587126,53.587126,89.587126,277.92
4579,616.020252,91.686798,55.686798,91.686798,263.58
4580,630.243585,92.489597,56.489597,92.489597,249.56
4581,705.796402,91.686685,55.686685,91.686685,256.51
4582,645.778961,89.586167,53.586167,89.586167,252.12
4583,576.700267,86.923856,50.923856,86.923856,241.47
4584,579.535344,84.452083,48.452083,84.452083,244.423333
4585,558.318059,77.579001,41.579001,77.579001,240.396667
4586,552.296768,76.561946,40.561946,76.561946,234.786667
4587,581.749141,75.870849,39.870849,75.870849,242.22
4588,584.760866,75.918803,39.918803,75.918803,245.79
4589,567.361938,77.076434,41.076434,77.076434,243.526667
4590,557.43241,79.470439,43.470439,79.470439,249.093333
4591,541.119594,82.702021,46.702021,82.702021,248.7
4592,572.237872,85.741272,49.741272,85.741272,264.506667
4593,641.907172,87.376093,51.376093,87.376093,261.733333
4594,564.580047,87.064907,51.064907,87.064907,258.853333
4595,593.466523,85.360946,49.360946,85.360946,257.746667
4596,617.287528,83.415525,47.415525,83.415525,261.243333
4597,650.678816,82.145008,46.145008,82.145008,274.52
4598,609.813661,81.901025,45.901025,81.901025,264.31
4599,599.179024,82.689973,46.689973,82.689973,260.28
4600,560.952397,84.41784,48.41784,84.41784,260.81
4601,579.535344,86.862069,50.862069,86.862069,262.81
4602,571.578932,89.518946,53.518946,89.518946,269.51
4603,642.075979,91.618618,55.618618,91.618618,263.28
4604,591.471149,92.421417,56.421417,92.421417,266.97
4605,625.152901,91.618505,55.618505,91.618505,283.21
4606,556.343247,89.517987,53.517987,89.517987,270.72
4607,613.621673,86.855676,50.855676,86.855676,251.29
4608,585.473529,84.383903,48.383903,84.383903,252.27
4609,602.544881,77.510994,41.510994,77.510994,244.3
4610,549.805678,76.493939,40.493939,76.493939,241.71
4611,538.598468,75.802842,39.802842,75.802842,253.02
4612,544.79311,75.850795,39.850795,75.850795,254.02
4613,541.804655,77.008427,41.008427,77.008427,247.89
4614,553.860482,79.402432,43.402432,79.402432,243.93
4615,557.297525,82.634014,46.634014,82.634014,236.35
4616,550.096482,85.673264,49.673264,85.673264,249.7
4617,625.581997,87.308085,51.308085,87.308085,269.81
4618,568.465349,86.9969,50.9969,86.9969,246.82
4619,560.812344,85.292938,49.292938,85.292938,256.79
4620,597.816925,83.347518,47.347518,83.347518,263.62
4621,646.99793,82.077,46.077,82.077,271.85
4622,556.178658,81.833018,45.833018,81.833018,261.58
4623,553.906242,82.621966,46.621966,82.621966,258.52
4624,570.661004,84.349833,48.349833,84.349833,245.38
4625,570.638378,86.794062,50.794062,86.794062,252.27
4626,584.335075,89.450939,53.450939,89.450939,249.46
4627,601.756581,91.550611,55.550611,91.550611,269.85
4628,570.70627,92.35341,56.35341,92.35341,256.17
4629,554.181317,91.550498,55.550498,91.550498,265.68
4630,546.600452,89.449979,53.449979,89.449979,243.47
4631,593.985881,86.787669,50.787669,86.787669,262.63
4632,548.696052,84.315896,48.315896,84.315896,254.253333
4633,550.651957,77.443179,41.443179,77.443179,259.51
4634,610.821117,76.426125,40.426125,76.426125,240.583333
4635,559.992621,75.735027,39.735027,75.735027,235.016667
4636,541.467694,75.782981,39.782981,75.782981,238.203333
4637,549.97276,76.940613,40.940613,76.940613,236.703333
4638,599.616962,79.334618,43.334618,79.334618,242.4
4639,617.212741,82.5662,46.5662,82.5662,243.873333
4640,606.333196,85.60545,49.60545,85.60545,240.716667
4641,593.693519,87.240271,51.240271,87.240271,265.79
4642,607.002451,86.929085,50.929085,86.929085,248.306667
4643,642.879541,85.225124,49.225124,85.225124,245.323333
4644,607.426505,83.279703,47.279703,83.279703,258.113333
4645,566.7839,82.009186,46.009186,82.009186,271.003333
4646,581.86829,81.765204,45.765204,81.765204,243.4
4647,572.762242,82.554152,46.554152,82.554152,242.42
4648,567.678559,84.282019,48.282019,84.282019,249.123333
4649,570.137257,86.726247,50.726247,86.726247,249.115
4650,570.407854,89.383124,53.383124,89.383124,253.88
4651,658.199013,91.482797,55.482797,91.482797,259.28
4652,600.259219,92.285596,56.285596,92.285596,249.14
4653,571.853027,91.482684,55.482684,91.482684,242.54
4654,574.153636,89.382165,53.382165,89.382165,239.08
4655,566.209006,86.719855,50.719855,86.719855,256.95
4656,626.051159,84.248082,48.248082,84.248082,240.07
4657,623.639031,72.375578,36.375578,72.375578,240.97
4658,592.728503,71.358523,35.358523,71.358523,261.86
4659,573.855406,70.667426,34.667426,70.667426,244.99
4660,566.565769,70.71538,34.71538,70.71538,236.53
4661,550.038235,71.873012,35.873012,71.873012,240.66
4662,553.480105,74.267016,38.267016,74.267016,258.65
4663,562.707682,77.498599,41.498599,77.498599,263.6
4664,552.042705,80.537849,44.537849,80.537849,260.6
4665,617.749377,82.17267,46.17267,82.17267,256.86
4666,569.463644,81.861484,45.861484,81.861484,260.79
4667,576.072736,80.157523,44.157523,80.157523,270.04
4668,706.84738,78.212102,42.212102,78.212102,260.91
4669,797.178581,76.941585,40.941585,76.941585,247.67
4670,641.598024,76.697602,40.697602,76.697602,253.06
4671,639.515437,77.486551,41.486551,77.486551,249.89
4672,597.284276,79.214417,43.214417,79.214417,248.01
4673,681.116832,81.658646,45.658646,81.658646,248.93
4674,703.987431,84.315523,48.315523,84.315523,249.03
4675,688.594698,86.415195,50.415195,86.415195,273.54
4676,670.129689,87.217994,51.217994,87.217994,258.84
4677,663.218751,86.415083,50.415083,86.415083,249.56
4678,668.573035,84.314564,48.314564,84.314564,250.39
4679,641.991559,81.652254,45.652254,81.652254,247.45
4680,613.548372,79.180481,43.180481,79.180481,265.91
4681,629.008526,72.30821,36.30821,72.30821,265.29
4682,649.150215,71.291155,35.291155,71.291155,256.561667
4683,658.470265,70.600058,34.600058,70.600058,250.283333
4684,652.305489,70.648012,34.648012,70.648012,247.586667
4685,656.308457,71.805644,35.805644,71.805644,240.69
4686,684.898347,74.199648,38.199648,74.199648,242.233333
4687,663.680011,77.43123,41.43123,77.43123,246.083333
4688,629.964051,80.470481,44.470481,80.470481,241.596667
4689,667.399764,82.105302,46.105302,82.105302,263.743333
4690,581.362663,81.794116,45.794116,81.794116,248.68
4691,725.179059,80.090155,44.090155,80.090155,251.07
4692,754.761448,78.144734,42.144734,78.144734,283.406667
4693,811.477695,76.874217,40.874217,76.874217,298.386667
4694,653.543828,76.630234,40.630234,76.630234,269.736667
4695,663.680011,77.419183,41.419183,77.419183,269.24
4696,687.804723,79.147049,43.147049,79.147049,257.953333
4697,644.623315,81.591278,45.591278,81.591278,278.396667
4698,701.661368,84.248155,48.248155,84.248155,282.87
4699,710.092699,86.347827,50.347827,86.347827,279.896667
4700,661.61081,87.150626,51.150626,87.150626,276.12
4701,653.632524,86.347714,50.347714,86.347714,274.64
4702,669.043794,84.247196,48.247196,84.247196,275.79
4703,633.871486,81.584886,45.584886,81.584886,269.83
4704,626.403757,79.113112,43.113112,79.113112,262.61
4705,650.022496,77.241095,41.241095,77.241095,266.66
4706,617.924431,76.22404,40.22404,76.22404,271.5
4707,607.426505,75.532943,39.532943,75.532943,273.6
4708,585.995132,75.580897,39.580897,75.580897,272.22
4709,611.798104,76.738529,40.738529,76.738529,273.12
4710,605.561582,79.132533,43.132533,79.132533,279.16
4711,614.074354,82.364115,46.364115,82.364115,274.74
4712,628.902631,85.403366,49.403366,85.403366,266.9
4713,683.257484,87.038187,51.038187,87.038187,275.54
4714,640.938994,86.727001,50.727001,86.727001,252.89
4715,653.987629,85.02304,49.02304,85.02304,286.74
4716,649.135706,83.077619,47.077619,83.077619,291.775
4717,833.58416,81.807102,45.807102,81.807102,300.48
4718,680.756136,81.563119,45.563119,81.563119,272.5
4719,674.38914,82.352068,46.352068,82.352068,274.74
4720,656.982007,84.079934,48.079934,84.079934,279.74
4721,655.026312,86.524163,50.524163,86.524163,270.45
4722,738.660152,89.18104,53.18104,89.18104,282.43
4723,842.490188,91.280712,55.280712,91.280712,284.01
4724,648.194416,92.083511,56.083511,92.083511,274.29
4725,649.150215,91.280599,55.280599,91.280599,272.52
4726,683.158335,89.180081,53.180081,89.180081,275.89
4727,708.31368,86.51777,50.51777,86.51777,267.87
4728,656.084347,84.045997,48.045997,84.045997,266
4729,627.938881,77.174253,41.174253,77.174253,271.7
4730,599.078135,76.157198,40.157198,76.157198,263.79
4731,585.585863,75.466101,39.466101,75.466101,260.91
4732,633.465273,75.514055,39.514055,75.514055,254.423333
4733,628.810019,76.671687,40.671687,76.671687,262.13
4734,608.277797,79.065691,43.065691,79.065691,260.38
4735,613.585018,82.297273,46.297273,82.297273,262.753333
4736,627.662484,85.336524,49.336524,85.336524,266.633333
4737,581.125405,86.971345,50.971345,86.971345,278.83
4738,614.282726,86.660159,50.660159,86.660159,269.58
4739,606.544253,84.956198,48.956198,84.956198,272.6
4740,618.638845,83.010777,47.010777,83.010777,271.496667
4741,674.469242,81.74026,45.74026,81.74026,303.6
4742,590.801455,81.496277,45.496277,81.496277,278.323333
4743,556.886182,82.285225,46.285225,82.285225,277.013333
4744,566.156899,84.013092,48.013092,84.013092,273.27
4745,578.864125,86.457321,50.457321,86.457321,272.833333
4746,641.359427,89.114198,53.114198,89.114198,289.083333
4747,683.555136,91.21387,55.21387,91.21387,304.82
4748,646.294448,92.016669,56.016669,92.016669,271.28
4749,605.77167,91.213757,55.213757,91.213757,271.5
4750,595.423506,89.113239,53.113239,89.113239,278.81
4751,609.849542,86.450928,50.450928,86.450928,283.68
4752,642.498549,83.979155,47.979155,83.979155,273.07
4753,665.626296,77.107704,41.107704,77.107704,266.39
4754,563.864277,76.090649,40.090649,76.090649,258.49
4755,573.205677,75.399552,39.399552,75.399552,254.29
4756,553.769037,75.447505,39.447505,75.447505,267.77
4757,545.215111,76.605137,40.605137,76.605137,266.61
4758,565.559525,78.999142,42.999142,78.999142,261.15
4759,593.655661,82.230724,46.230724,82.230724,262.62
4760,578.902937,85.269974,49.269974,85.269974,266.32
4761,643.049078,86.904795,50.904795,86.904795,252.81
4762,627.123937,86.59361,50.59361,86.59361,262.81
4763,570.326606,84.889648,48.889648,84.889648,260.66
4764,629.32654,82.944228,46.944228,82.944228,263.98
4765,689.572448,81.673711,45.673711,81.673711,277.03
4766,586.848309,81.429728,45.429728,81.429728,255.96
4767,579.857633,82.218676,46.218676,82.218676,243.7
4768,592.165367,83.946543,47.946543,83.946543,247.43
4769,584.598501,86.390772,50.390772,86.390772,252.04
4770,676.011681,89.047649,53.047649,89.047649,269.68
4771,699.858028,91.147321,55.147321,91.147321,278.89
4772,594.202818,91.95012,55.95012,91.95012,270.84
4773,605.795031,91.147208,55.147208,91.147208,260.44
4774,627.688792,89.046689,53.046689,89.046689,257.39
4775,582.495623,86.384379,50.384379,86.384379,261.59
4776,549.061777,83.912606,47.912606,83.912606,269.95
4777,558.583013,77.041467,41.041467,77.041467,275.16
4778,550.454174,76.024412,40.024412,76.024412,246.54
4779,543.037319,75.333315,39.333315,75.333315,250.05
4780,551.403558,75.381269,39.381269,75.381269,242.36
4781,549.950946,76.538901,40.538901,76.538901,238.41
4782,547.376844,78.932905,42.932905,78.932905,247.2
4783,575.95899,82.164487,46.164487,82.164487,256.848333
4784,622.597777,85.203738,49.203738,85.203738,252.053333
4785,674.902186,86.838559,50.838559,86.838559,270.08
4786,583.880373,86.527373,50.527373,86.527373,266.183333
4787,549.929139,84.823412,48.823412,84.823412,249
4788,545.420203,82.877991,46.877991,82.877991,266.74
4789,621.676884,81.607474,45.607474,81.607474,280.09
4790,619.091459,81.363491,45.363491,81.363491,254.7
4791,593.855871,82.152439,46.152439,82.152439,252.38
4792,597.789139,83.880306,47.880306,83.880306,256.386667
4793,591.599063,86.324535,50.324535,86.324535,253.966667
4794,567.467374,88.981412,52.981412,88.981412,277.35
4795,692.218134,91.081084,55.081084,91.081084,282.086667
4796,634.156299,91.883883,55.883883,91.883883,257.016667
4797,597.472714,91.080971,55.080971,91.080971,260.446667
4798,609.598534,88.980453,52.980453,88.980453,266.326667
4799,554.965505,86.318142,50.318142,86.318142,253.27
4800,572.596393,83.846369,47.846369,83.846369,240.24
4801,585.585863,76.975563,40.975563,76.975563,244.41
4802,557.218276,75.958508,39.958508,75.958508,240.88
4803,576.929268,75.267411,39.267411,75.267411,237.33
4804,572.182815,75.315364,39.315364,75.315364,241.31
4805,564.323836,76.472996,40.472996,76.472996,240.65
4806,566.209006,78.867001,42.867001,78.867001,239.45
4807,575.788571,82.098583,46.098583,82.098583,251.03
4808,559.943661,85.137833,49.137833,85.137833,265.02
4809,637.238804,86.772654,50.772654,86.772654,277.12
4810,658.968324,86.461469,50.461469,86.461469,253.73
4811,673.781138,84.757507,48.757507,84.757507,240.64
4812,652.570314,82.812086,46.812086,82.812086,238.51
4813,671.47343,81.541569,45.541569,81.541569,264.78
4814,604.665846,81.297587,45.297587,81.297587,264.1
4815,612.62248,82.086535,46.086535,82.086535,256.91
4816,571.159939,83.814402,47.814402,83.814402,258.105
4817,594.877328,86.25863,50.25863,86.25863,256.21
4818,585.831277,88.915507,52.915507,88.915507,247.93
4819,599.774469,91.01518,55.01518,91.01518,280.61
4820,603.659579,91.817979,55.817979,91.817979,267.94
4821,541.525891,91.015067,55.015067,91.015067,258.01
4822,566.748969,88.914548,52.914548,88.914548,261.52
4823,574.106986,86.252238,50.252238,86.252238,242.88
4824,556.319715,83.780465,47.780465,83.780465,249.83
4825,559.074775,71.91001,35.91001,71.91001,254.29
4826,560.262353,70.892955,34.892955,70.892955,243.84
4827,570.002206,70.201858,34.201858,70.201858,251.37
4828,589.534435,70.249811,34.249811,70.249811,249.68
4829,560.385211,71.407443,35.407443,71.407443,246.72
4830,562.146904,73.801448,37.801448,73.801448,247.45
4831,572.375632,77.03303,41.03303,77.03303,250.97
4832,548.203997,80.07228,44.07228,80.07228,244.97
4833,575.987416,81.707101,45.707101,81.707101,268.691667
4834,597.772468,81.395916,45.395916,81.395916,273.71
4835,612.853503,79.691954,43.691954,79.691954,276.886667
4836,591.024341,77.746533,41.746533,77.746533,272.28
4837,629.804487,76.476016,40.476016,76.476016,276.403333
4838,576.585928,76.232034,40.232034,76.232034,260.123333
4839,632.655186,77.020982,41.020982,77.020982,262.356667
4840,635.053918,78.748849,42.748849,78.748849,249.306667
4841,599.111757,81.193078,45.193078,81.193078,257.223333
4842,582.151709,83.849955,47.849955,83.849955,254.37
4843,594.670301,85.949627,49.949627,85.949627,258.696667
4844,560.360627,86.752426,50.752426,86.752426,259.833333
4845,576.614503,85.949514,49.949514,85.949514,236.56
4846,558.414318,83.848995,47.848995,83.848995,247.656667
4847,550.125621,81.186685,45.186685,81.186685,250.373333
4848,546.18415,78.714912,42.714912,78.714912,243.46
4849,563.406798,71.844828,35.844828,71.844828,244.613333
4850,559.358109,70.827773,34.827773,70.827773,245.1
4851,557.14701,70.136676,34.136676,70.136676,248.88
4852,554.204279,70.18463,34.18463,70.18463,255.56
4853,551.336958,71.342261,35.342261,71.342261,245.15
4854,561.522937,73.736266,37.736266,73.736266,245.86
4855,566.156899,76.967848,40.967848,76.967848,249.75
4856,562.623782,80.007099,44.007099,80.007099,239.84
4857,622.32873,81.641919,45.641919,81.641919,251.04
4858,593.693519,81.330734,45.330734,81.330734,258.1
4859,563.027152,79.626772,43.626772,79.626772,262.42
4860,589.692197,77.681352,41.681352,77.681352,256.03
4861,660.270942,76.410835,40.410835,76.410835,266.86
4862,597.483804,76.166852,40.166852,76.166852,251.25
4863,584.95393,76.9558,40.9558,76.9558,267.57
4864,561.930144,78.683667,42.683667,78.683667,268.16
4865,580.396612,81.127896,45.127896,81.127896,258.5
4866,586.159188,83.784773,47.784773,83.784773,253.155
4867,695.919727,85.884445,49.884445,85.884445,257.16
4868,623.291328,86.687244,50.687244,86.687244,245.14
4869,606.462145,85.884332,49.884332,85.884332,251.26
4870,579.126348,83.783813,47.783813,83.783813,244.34
4871,622.995623,81.121503,45.121503,81.121503,240.73
4872,655.413235,78.64973,42.64973,78.64973,238.88
4873,652.482007,76.780037,40.780037,76.780037,246.36
4874,593.229093,75.762982,39.762982,75.762982,244.73
4875,596.455688,75.071885,39.071885,75.071885,243.81
4876,604.023208,75.119838,39.119838,75.119838,242.55
4877,599.819498,76.27747,40.27747,76.27747,241.28
4878,594.507059,78.671475,42.671475,78.671475,245.61
4879,590.420167,81.903057,45.903057,81.903057,247.43
4880,599.482082,84.942307,48.942307,84.942307,246.05
4881,658.334602,86.577128,50.577128,86.577128,264.95
4882,642.752473,86.265943,50.265943,86.265943,256.86
4883,618.714205,84.561981,48.561981,84.561981,246.21
4884,698.82965,82.61656,46.61656,82.61656,255.61
4885,720.132427,81.346043,45.346043,81.346043,273.996667
4886,616.578272,81.102061,45.102061,81.102061,258.013333
4887,610.496658,81.891009,45.891009,81.891009,254.083333
4888,628.373983,83.618876,47.618876,83.618876,245.773333
4889,733.115887,86.063104,50.063104,86.063104,252.563333
4890,781.325198,88.719981,52.719981,88.719981,254.476667
4891,847.048412,90.819654,54.819654,90.819654,281.33
4892,674.709683,91.622453,55.622453,91.622453,265.2
4893,682.333406,90.819541,54.819541,90.819541,260.636667
4894,578.627,88.719022,52.719022,88.719022,252.13
4895,654.892519,86.056712,50.056712,86.056712,265.123333
4896,650.109901,83.584939,47.584939,83.584939,272.92
4897,658.214073,76.715655,40.715655,76.715655,272.26
4898,606.649881,75.6986,39.6986,75.6986,256.716667
4899,622.636243,75.007503,39.007503,75.007503,257.703333
4900,676.060021,75.055457,39.055457,75.055457,259.938333
4901,656.368252,76.213088,40.213088,76.213088,258.71
4902,607.615313,78.607093,42.607093,78.607093,257.11
4903,763.826511,81.838675,45.838675,81.838675,255.84
4904,743.020654,84.877926,48.877926,84.877926,258.61
4905,733.289103,86.512746,50.512746,86.512746,273.57
4906,733.289103,86.201561,50.201561,86.201561,270.01
4907,733.289103,84.497599,48.497599,84.497599,264
4908,708.044965,82.552179,46.552179,82.552179,281.89
4909,707.400943,81.281662,45.281662,81.281662,285.84
4910,657.206931,81.037679,45.037679,81.037679,263.43
4911,695.093293,81.826627,45.826627,81.826627,261.77
4912,629.24699,83.554494,47.554494,83.554494,266.5
4913,681.231692,85.998723,49.998723,85.998723,288.13
4914,716.257108,88.6556,52.6556,88.6556,295.99
4915,725.687701,90.755272,54.755272,90.755272,305.436667
4916,685.897311,91.558071,55.558071,91.558071,277.08
4917,657.16193,90.755159,54.755159,90.755159,278.643333
4918,681.806691,88.65464,52.65464,88.65464,270.85
4919,663.741573,85.99233,49.99233,85.99233,272.803333
4920,671.346678,83.520557,47.520557,83.520557,271.72
4921,666.963071,76.651702,40.651702,76.651702,273.543333
4922,654.313596,75.634647,39.634647,75.634647,260.69
4923,647.948852,74.94355,38.94355,74.94355,265.03
4924,689.150613,74.991504,38.991504,74.991504,277.36
4925,683.786855,76.149135,40.149135,76.149135,273.133333
4926,685.197679,78.54314,42.54314,78.54314,260.963333
4927,670.019327,81.774722,45.774722,81.774722,293.243333
4928,661.855178,84.813973,48.813973,84.813973,289.823333
4929,774.530558,86.448793,50.448793,86.448793,288.16
4930,717.470381,86.137608,50.137608,86.137608,288.16
4931,837.775367,84.433647,48.433647,84.433647,288.16
4932,796.79739,82.488226,46.488226,82.488226,283.63
4933,947.675616,81.217709,45.217709,81.217709,283.51
4934,721.312825,80.973726,44.973726,80.973726,273.32
4935,744.069062,81.762674,45.762674,81.762674,281.17
4936,715.59713,83.490541,47.490541,83.490541,266.72
4937,677.028573,85.93477,49.93477,85.93477,278.42
4938,783.99838,88.591647,52.591647,88.591647,285.14
4939,868.869441,90.691319,54.691319,90.691319,286.83
4940,730.2409,91.494118,55.494118,91.494118,279.36
4941,717.083874,90.691206,54.691206,90.691206,273.31
4942,702.452451,88.590688,52.590688,88.590688,278.536667
4943,684.002185,85.928377,49.928377,85.928377,274.753333
4944,688.561038,83.456604,47.456604,83.456604,276.376667
4945,668.384964,76.588197,40.588197,76.588197,275.446667
4946,678.341449,75.571142,39.571142,75.571142,272.673333
4947,665.579787,74.880045,38.880045,74.880045,271.223333
4948,651.380888,74.927998,38.927998,74.927998,280.006667
4949,628.651353,76.08563,40.08563,76.08563,278.936667
4950,681.034815,78.479635,42.479635,78.479635,279.22
4951,654.187603,81.711217,45.711217,81.711217,276.096667
4952,659.785461,84.750467,48.750467,84.750467,274.343333
4953,834.163625,86.385288,50.385288,86.385288,294.936667
4954,685.547287,86.074103,50.074103,86.074103,285.36
4955,805.277944,84.370141,48.370141,84.370141,304.176667
4956,891.671386,82.42472,46.42472,82.42472,298.33
4957,1000,81.154203,45.154203,81.154203,317.916667
4958,662.34462,80.910221,44.910221,80.910221,286.051667
4959,667.962288,81.699169,45.699169,81.699169,290
4960,686.548463,83.427036,47.427036,83.427036,285.02
4961,644.836885,85.871265,49.871265,85.871265,277.56
4962,706.597688,88.528142,52.528142,88.528142,296.4
4963,799.765335,90.627814,54.627814,90.627814,308.32
4964,696.385565,91.430613,55.430613,91.430613,287.63
4965,633.790181,90.627701,54.627701,90.627701,285.29
4966,637.686719,88.527182,52.527182,88.527182,282.58
4967,586.015629,85.864872,49.864872,85.864872,278.98
4968,599.134178,83.393099,47.393099,83.393099,279.89
4969,611.339089,76.525158,40.525158,76.525158,275.75
4970,605.689939,75.508103,39.508103,75.508103,277.83
4971,569.732596,74.817006,38.817006,74.817006,275.15
4972,577.149133,74.86496,38.86496,74.86496,272.01
4973,566.714048,76.022591,40.022591,76.022591,266.57
4974,586.621648,78.416596,42.416596,78.416596,278.38
4975,600.259219,81.648178,45.648178,81.648178,272.645
4976,676.156725,84.687429,48.687429,84.687429,273.89
4977,730.126369,86.32225,50.32225,86.32225,303.68
4978,590.082095,86.011064,50.011064,86.011064,279.29
4979,614.086607,84.307103,48.307103,84.307103,299.58
4980,602.110268,82.361682,46.361682,82.361682,311.22
4981,733.577978,81.091165,45.091165,81.091165,323.71
4982,653.425617,80.847182,44.847182,80.847182,274.45
4983,715.176142,81.63613,45.63613,81.63613,275.66
4984,683.985617,83.363997,47.363997,83.363997,279.49
4985,610.604744,85.808226,49.808226,85.808226,270.5
4986,668.855391,88.465103,52.465103,88.465103,283.36
4987,738.230746,90.564775,54.564775,90.564775,298.77
4988,635.217527,91.367574,55.367574,91.367574,281.42
4989,579.945673,90.564662,54.564662,90.564662,267.85
4990,575.222255,88.464144,52.464144,88.464144,268.8
4991,565.145977,85.801833,49.801833,85.801833,254.43
4992,557.647051,83.33006,47.33006,83.33006,258.506667
4993,561.846903,71.462604,35.462604,71.462604,262.003333
4994,571.087228,70.44555,34.44555,70.44555,260.416667
4995,543.775771,69.754452,33.754452,69.754452,248.78
4996,550.103765,69.802406,33.802406,69.802406,251.446667
4997,568.26147,70.960038,34.960038,70.960038,247.643333
4998,568.687391,73.354043,37.354043,73.354043,254.626667
4999,547.376844,76.585625,40.585625,76.585625,258.84
5000,559.650431,79.624875,43.624875,79.624875,277.38
5001,597.822484,81.259696,45.259696,81.259696,287.61
5002,590.706038,80.94851,44.94851,80.94851,255.733333
5003,581.630101,79.244549,43.244549,79.244549,262.756667
5004,600.157637,77.299128,41.299128,77.299128,259.383333
5005,639.891373,76.028611,40.028611,76.028611,288.21
5006,586.323438,75.784629,39.784629,75.784629,272.473333
5007,601.142328,76.573577,40.573577,76.573577,284.943333
5008,597.17354,78.301444,42.301444,78.301444,278.976667
5009,616.280451,80.745672,44.745672,80.745672,261.8
5010,615.315853,83.402549,47.402549,83.402549,275.85
5011,655.279231,85.502222,49.502222,85.502222,289.01
5012,583.156078,86.305021,50.305021,86.305021,268.2
5013,565.533629,85.502109,49.502109,85.502109,252.41
5014,555.174277,83.40159,47.40159,83.40159,250.77
5015,632.332023,80.73928,44.73928,80.73928,247.04
5016,654.254298,78.267507,42.267507,78.267507,244.02
5017,591.311416,71.400555,35.400555,71.400555,245.74
5018,558.989942,70.3835,34.3835,70.3835,249.28
5019,551.322165,69.692403,33.692403,69.692403,237.7
5020,546.204909,69.740356,33.740356,69.740356,240.72
5021,555.967491,70.897988,34.897988,70.897988,248.23
5022,547.278473,73.291993,37.291993,73.291993,248.39
5023,564.802617,76.523575,40.523575,76.523575,239.45
5024,580.908304,79.562825,43.562825,79.562825,244.85
5025,631.28518,81.197646,45.197646,81.197646,258.115
5026,649.150215,80.886461,44.886461,80.886461,255.93
5027,601.301354,79.182499,43.182499,79.182499,252.98
5028,617.262595,77.237078,41.237078,77.237078,258.81
5029,696.264727,75.966561,39.966561,75.966561,269.33
5030,645.107692,75.722579,39.722579,75.722579,254.53
5031,620.887404,76.511527,40.511527,76.511527,259.1
5032,622.597777,78.239394,42.239394,78.239394,257.92
5033,685.680582,80.683623,44.683623,80.683623,263.35
5034,804.54837,83.3405,47.3405,83.3405,263.09
5035,878.774956,85.440172,49.440172,85.440172,272.89
5036,662.712314,86.242971,50.242971,86.242971,253.49
5037,664.929525,85.440059,49.440059,85.440059,247.19
5038,626.051159,83.33954,47.33954,83.33954,242.97
5039,625.113938,80.67723,44.67723,80.67723,267.49
5040,624.763619,78.205457,42.205457,78.205457,272.66
5041,620.455843,76.339027,40.339027,76.339027,256.12
5042,623.40716,75.321972,39.321972,75.321972,244.578333
5043,624.181132,74.630875,38.630875,74.630875,241.273333
5044,604.202433,74.678829,38.678829,74.678829,238.89
5045,618.563515,75.83646,39.83646,75.83646,243.31
5046,650.897992,78.230465,42.230465,78.230465,239.403333
5047,673.174474,81.462047,45.462047,81.462047,246.906667
5048,707.347331,84.501298,48.501298,84.501298,252.736667
5049,815.025911,86.136119,50.136119,86.136119,267.23
5050,629.924148,85.824933,49.824933,85.824933,271.5
5051,575.391868,84.120972,48.120972,84.120972,259.146667
5052,622.079235,82.175551,46.175551,82.175551,263.613333
5053,714.828765,80.905034,44.905034,80.905034,281.396667
5054,603.890362,80.661051,44.661051,80.661051,270.563333
5055,581.630101,81.449999,45.449999,81.449999,264.573333
5056,594.050929,83.177866,47.177866,83.177866,265.02
5057,614.540457,85.622095,49.622095,85.622095,279.316667
5058,692.83197,88.278972,52.278972,88.278972,299.473333
5059,691.55454,90.378644,54.378644,90.378644,309.593333
5060,638.432988,91.181443,55.181443,91.181443,274.53
5061,630.803793,90.378531,54.378531,90.378531,275.01
5062,616.839261,88.278013,52.278013,88.278013,265.91
5063,612.306825,85.615702,49.615702,85.615702,265.67
5064,633.587055,83.143929,47.143929,83.143929,265.58
5065,633.993502,76.27804,40.27804,76.27804,264.46
5066,592.015562,75.260985,39.260985,75.260985,265.23
5067,604.341321,74.569888,38.569888,74.569888,265.43
5068,609.097605,74.617841,38.617841,74.617841,259.99
5069,569.916758,75.775473,39.775473,75.775473,263.96
5070,605.246944,78.169478,42.169478,78.169478,271.9
5071,580.859013,81.40106,45.40106,81.40106,276.76
5072,532.765358,84.44031,48.44031,84.44031,283.5
5073,614.331788,86.075131,50.075131,86.075131,300.99
5074,620.658809,85.763946,49.763946,85.763946,266.89
5075,664.960455,84.059984,48.059984,84.059984,250.83
5076,809.448384,82.114564,46.114564,82.114564,264.885
5077,865.970999,80.844046,44.844046,80.844046,284.88
5078,619.179593,80.600064,44.600064,80.600064,259.9
5079,629.087983,81.389012,45.389012,81.389012,252.98
5080,608.230393,83.116879,47.116879,83.116879,256.97
5081,612.975214,85.561108,49.561108,85.561108,262.88
5082,614.000869,88.217985,52.217985,88.217985,280.73
5083,617.586976,90.317657,54.317657,90.317657,280.48
5084,589.324356,91.120456,55.120456,91.120456,268.98
5085,580.455549,90.317544,54.317544,90.317544,267.11
5086,568.660722,88.217025,52.217025,88.217025,263.5
5087,555.616662,85.554715,49.554715,85.554715,262.27
5088,572.07278,83.082942,47.082942,83.082942,267.8
5089,598.273353,76.217611,40.217611,76.217611,267.9
5090,555.803597,75.200556,39.200556,75.200556,256.34
5091,574.742994,74.509459,38.509459,74.509459,260.03
5092,580.445725,74.557413,38.557413,74.557413,261.38
5093,581.927905,75.715044,39.715044,75.715044,248.848333
5094,539.726797,78.109049,42.109049,78.109049,260.29
5095,549.342617,81.340631,45.340631,81.340631,252.72
5096,541.681335,84.379882,48.379882,84.379882,231.705
5097,564.349428,86.014703,50.014703,86.014703,262.823333
5098,572.21034,85.703517,49.703517,85.703517,264.513333
5099,600.632245,83.999556,47.999556,83.999556,275.016667
5100,744.425773,82.054135,46.054135,82.054135,300.186667
5101,711.284027,80.783618,44.783618,80.783618,307.943333
5102,764.993314,80.539635,44.539635,80.539635,264.123333
5103,644.452602,81.328583,45.328583,81.328583,266.68
5104,617.399764,83.05645,47.05645,83.05645,261.136667
5105,640.981002,85.500679,49.500679,85.500679,262.453333
5106,682.86109,88.157556,52.157556,88.157556,262.733333
5107,635.914266,90.257228,54.257228,90.257228,263.7
5108,651.117369,91.060027,55.060027,91.060027,255.493333
5109,646.897303,90.257115,54.257115,90.257115,252.583333
5110,628.453193,88.156597,52.156597,88.156597,248.38
5111,597.339676,85.494286,49.494286,85.494286,243.16
5112,598.91013,83.022513,47.022513,83.022513,249.64
5113,615.575053,76.157759,40.157759,76.157759,258.25
5114,590.198218,75.140704,39.140704,75.140704,243.24
5115,634.767901,74.449607,38.449607,74.449607,250.6
5116,622.905717,74.49756,38.49756,74.49756,252.58
5117,636.530916,75.655192,39.655192,75.655192,253.08
5118,606.157518,78.049197,42.049197,78.049197,235.62
5119,597.195682,81.280779,45.280779,81.280779,240.37
5120,590.261597,84.320029,48.320029,84.320029,236.64
5121,630.057186,85.95485,49.95485,85.95485,246.73
5122,621.600341,85.643665,49.643665,85.643665,249.69
5123,550.373735,83.939703,47.939703,83.939703,258.95
5124,558.430372,81.994282,45.994282,81.994282,290.06
5125,609.407534,80.723765,44.723765,80.723765,284.23
5126,561.78036,80.479783,44.479783,80.479783,293.43
5127,560.697161,81.268731,45.268731,81.268731,270.41
5128,563.847295,82.996598,46.996598,82.996598,263.65
5129,563.18727,85.440826,49.440826,85.440826,269.59
5130,580.524345,88.097703,52.097703,88.097703,278.75
5131,628.307997,90.197376,54.197376,90.197376,268.37
5132,596.125505,91.000175,55.000175,91.000175,271.95
5133,584.598501,90.197263,54.197263,90.197263,270.98
5134,590.610684,88.096744,52.096744,88.096744,266.52
5135,601.899105,85.434434,49.434434,85.434434,257.97
5136,564.657035,82.962661,46.962661,82.962661,258.44
5137,550.585975,76.0985,40.0985,76.0985,263.16
5138,557.790425,75.081445,39.081445,75.081445,255.77
5139,569.517382,74.390348,38.390348,74.390348,268.09
5140,561.448328,74.438302,38.438302,74.438302,265.1
5141,563.762435,75.595934,39.595934,75.595934,268.52
5142,588.435004,77.989938,41.989938,77.989938,260.55
5143,589.534435,81.221521,45.221521,81.221521,257.926667
5144,576.929268,84.260771,48.260771,84.260771,255.79
5145,647.415284,85.895592,49.895592,85.895592,266.923333
5146,570.056207,85.584406,49.584406,85.584406,264.76
5147,581.659851,83.880445,47.880445,83.880445,240.843333
5148,586.323438,81.935024,45.935024,81.935024,244.346667
5149,615.130935,80.664507,44.664507,80.664507,261.466667
5150,586.077135,80.420524,44.420524,80.420524,245.713333
5151,570.137257,81.209473,45.209473,81.209473,245.276667
5152,573.525448,82.937339,46.937339,82.937339,246.533333
5153,557.766514,85.381568,49.381568,85.381568,246.273333
5154,592.433256,88.038445,52.038445,88.038445,252.606667
5155,685.647251,90.138117,54.138117,90.138117,266.483333
5156,628.889399,90.940916,54.940916,90.940916,257.603333
5157,612.234061,90.138005,54.138005,90.138005,253.966667
5158,562.699289,88.037486,52.037486,88.037486,255.9
5159,557.265818,85.375176,49.375176,85.375176,259.321667
5160,555.803597,82.903403,46.903403,82.903403,246.85
5161,539.519547,71.039854,35.039854,71.039854,240.94
5162,545.811494,70.022799,34.022799,70.022799,244.08
5163,547.609228,69.331702,33.331702,69.331702,248.7
5164,554.849736,69.379655,33.379655,69.379655,245.58
5165,553.313279,70.537287,34.537287,70.537287,246.5
5166,550.476126,72.931292,36.931292,72.931292,255.21
5167,547.927274,76.162874,40.162874,76.162874,255.56
5168,559.943661,79.202124,43.202124,79.202124,251.37
5169,594.866425,80.836945,44.836945,80.836945,271.1
5170,556.689087,80.52576,44.52576,80.52576,248.9
5171,556.335403,78.821798,42.821798,78.821798,252.99
5172,557.408593,76.876377,40.876377,76.876377,254.53
5173,610.905333,75.60586,39.60586,75.60586,263.04
5174,583.8602,75.361878,39.361878,75.361878,254.45
5175,574.079006,76.150826,40.150826,76.150826,248.93
5176,555.640007,77.878693,41.878693,77.878693,250.165
5177,563.575993,80.322922,44.322922,80.322922,244.07
5178,573.725172,82.979799,46.979799,82.979799,256.47
5179,646.165468,85.079471,49.079471,85.079471,279.31
5180,585.71874,85.88227,49.88227,85.88227,266.63
5181,581.471553,85.079358,49.079358,85.079358,262.25
5182,601.824976,82.978839,46.978839,82.978839,246.08
5183,605.351757,80.316529,44.316529,80.316529,243.86
5184,574.433915,77.844756,41.844756,77.844756,243.24
5185,598.017142,70.981836,34.981836,70.981836,235.51
5186,592.320682,69.964781,33.964781,69.964781,238.7
5187,624.608121,69.273684,33.273684,69.273684,239.56
5188,652.349606,69.321638,33.321638,69.321638,242.83
5189,603.198988,70.47927,34.47927,70.47927,242.16
5190,575.222255,72.873274,36.873274,72.873274,240.89
5191,572.182815,76.104856,40.104856,76.104856,239.71
5192,568.660722,79.144107,43.144107,79.144107,244.97
5193,619.545163,80.778928,44.778928,80.778928,257.22
5194,566.052761,80.467742,44.467742,80.467742,243.616667
5195,561.772046,78.763781,42.763781,78.763781,243.466667
5196,615.500958,76.81836,40.81836,76.81836,243.92
5197,655.145301,75.547843,39.547843,75.547843,261.883333
5198,596.676208,75.30386,39.30386,75.30386,253.723333
5199,564.734082,76.092808,40.092808,76.092808,250.363333
5200,563.889754,77.820675,41.820675,77.820675,243.17
5201,577.907341,80.264904,44.264904,80.264904,246.426667
5202,616.988563,82.921781,46.921781,82.921781,250.236667
5203,639.7451,85.021453,49.021453,85.021453,270.81
5204,610.244716,85.824252,49.824252,85.824252,254.333333
5205,594.637638,85.02134,49.02134,85.02134,252.926667
5206,562.422711,82.920822,46.920822,82.920822,259.3
5207,564.272671,80.258511,44.258511,80.258511,260.32
5208,583.910639,77.786738,41.786738,77.786738,250.49
5209,589.565973,75.924465,39.924465,75.924465,258.173333
5210,559.139462,74.90741,38.90741,74.90741,256.435
5211,584.821804,74.216313,38.216313,74.216313,265.54
5212,562.976641,74.264266,38.264266,74.264266,272.23
5213,580.829448,75.421898,39.421898,75.421898,259.7
5214,566.67914,77.815903,41.815903,77.815903,250.77
5215,555.850393,81.047485,45.047485,81.047485,249.68
5216,549.320978,84.086735,48.086735,84.086735,248.38
5217,680.838073,85.721556,49.721556,85.721556,264.22
5218,683.704076,85.410371,49.410371,85.410371,247.39
5219,651.65203,83.706409,47.706409,83.706409,245.71
5220,600.101229,81.760989,45.760989,81.760989,263.14
5221,661.702421,80.490471,44.490471,80.490471,272.86
5222,607.568093,80.246489,44.246489,80.246489,257.77
5223,563.398347,81.035437,45.035437,81.035437,246.88
5224,572.008642,82.763304,46.763304,82.763304,246.55
5225,570.462052,85.207533,49.207533,85.207533,251.71
5226,603.417606,87.86441,51.86441,87.86441,263.54
5227,664.003383,89.964082,53.964082,89.964082,269.295
5228,595.45634,90.766881,54.766881,90.766881,261.7
5229,577.609258,89.963969,53.963969,89.963969,257.15
5230,569.607003,87.86345,51.86345,87.86345,245.97
5231,576.1771,85.20114,49.20114,85.20114,246.7
5232,582.136776,82.729367,46.729367,82.729367,253.74
5233,567.934298,75.867757,39.867757,75.867757,255.57
5234,569.948231,74.850702,38.850702,74.850702,244.64
5235,587.997633,74.159605,38.159605,74.159605,254.04
5236,590.150702,74.207558,38.207558,74.207558,246.19
5237,559.358109,75.36519,39.36519,75.36519,252.71
5238,606.298046,77.759195,41.759195,77.759195,247.63
5239,611.363219,80.990777,44.990777,80.990777,243.26
5240,615.983111,84.030027,48.030027,84.030027,240.36
5241,745.318991,85.664848,49.664848,85.664848,278.34
5242,612.015949,85.353663,49.353663,85.353663,278.92
5243,641.949362,83.649701,47.649701,83.649701,272.071667
5244,626.090306,81.704281,45.704281,81.704281,258.793333
5245,668.902479,80.433763,44.433763,80.433763,274.31
5246,559.4798,80.189781,44.189781,80.189781,260.95
5247,571.19631,80.978729,44.978729,80.978729,246.356667
5248,541.235421,82.706596,46.706596,82.706596,249.616667
5249,545.997584,85.150825,49.150825,85.150825,249.05
5250,560.606754,87.807702,51.807702,87.807702,259.763333
5251,607.285036,89.907374,53.907374,89.907374,274.81
5252,590.166539,90.710173,54.710173,90.710173,257.4
5253,566.039752,89.907261,53.907261,89.907261,251.606667
5254,563.178837,87.806742,51.806742,87.806742,248.733333
5255,580.445725,85.144432,49.144432,85.144432,251.106667
5256,560.656056,82.672659,46.672659,82.672659,253.15
5257,562.573476,75.811729,39.811729,75.811729,248.106667
5258,580.563671,74.794674,38.794674,74.794674,248.86
5259,575.448459,74.103577,38.103577,74.103577,255.07
5260,573.483688,74.15153,38.15153,74.15153,255.755
5261,562.850476,75.309162,39.309162,75.309162,244.73
5262,557.14701,77.703167,41.703167,77.703167,260.59
5263,590.610684,80.934749,44.934749,80.934749,262.01
5264,645.221813,83.973999,47.973999,83.973999,263.27
5265,648.454704,85.60882,49.60882,85.60882,290.21
5266,588.247391,85.297635,49.297635,85.297635,262.19
5267,554.388203,83.593673,47.593673,83.593673,269.82
5268,589.629071,81.648253,45.648253,81.648253,265.92
5269,608.313359,80.377736,44.377736,80.377736,275.86
5270,601.204782,80.133753,44.133753,80.133753,244.78
5271,608.610001,80.922701,44.922701,80.922701,249.32
5272,599.594473,82.650568,46.650568,82.650568,236.41
5273,653.041834,85.094797,49.094797,85.094797,238.79
5274,636.160715,87.751674,51.751674,87.751674,245.24
5275,654.417407,89.851346,53.851346,89.851346,260.87
5276,602.476181,90.654145,54.654145,90.654145,255.76
5277,601.8934,89.851233,53.851233,89.851233,247.385
5278,622.918557,87.750714,51.750714,87.750714,246.27
5279,573.002226,85.088404,49.088404,85.088404,252.58
5280,580.180747,82.616631,46.616631,82.616631,245.26
5281,551.13011,75.756398,39.756398,75.756398,246.03
5282,569.329414,74.739343,38.739343,74.739343,252.62
5283,585.780112,74.048246,38.048246,74.048246,250.85
5284,583.276518,74.096199,38.096199,74.096199,250.15
5285,580.967477,75.253831,39.253831,75.253831,246.14
5286,569.021307,77.647836,41.647836,77.647836,243.81
5287,573.790271,80.879418,44.879418,80.879418,255.9
5288,564.862622,83.918668,47.918668,83.918668,270.59
5289,625.621051,85.553489,49.553489,85.553489,271.34
5290,600.632245,85.242304,49.242304,85.242304,255.15
5291,591.727089,83.538342,47.538342,83.538342,242.63
5292,716.257108,81.592921,45.592921,81.592921,255.59
5293,779.444046,80.322404,44.322404,80.322404,261.16
5294,636.695654,80.078422,44.078422,80.078422,259.118333
5295,588.842362,80.86737,44.86737,80.86737,261.243333
5296,607.497284,82.595237,46.595237,82.595237,258.643333
5297,564.11933,85.039465,49.039465,85.039465,272.386667
5298,595.653492,87.696342,51.696342,87.696342,268.43
5299,642.456257,89.796015,53.796015,89.796015,272.696667
5300,553.700517,90.598814,54.598814,90.598814,259.49
5301,558.993981,89.795902,53.795902,89.795902,259.32
5302,624.41392,87.695383,51.695383,87.695383,265.103333
5303,605.281874,85.033073,49.033073,85.033073,249.976667
5304,603.267994,82.5613,46.5613,82.5613,252.49
5305,606.227767,75.701779,39.701779,75.701779,241.186667
5306,592.208195,74.684725,38.684725,74.684725,248.63
5307,600.428668,73.993627,37.993627,73.993627,254.353333
5308,581.422045,74.041581,38.041581,74.041581,253.53
5309,588.967941,75.199213,39.199213,75.199213,252.756667
5310,600.97212,77.593218,41.593218,77.593218,248.515
5311,578.77684,80.8248,44.8248,80.8248,250.26
5312,573.205677,83.86405,47.86405,83.86405,246.93
5313,606.438692,85.498871,49.498871,85.498871,265.8
5314,624.91924,85.187685,49.187685,85.187685,258.95
5315,645.521648,83.483724,47.483724,83.483724,256.25
5316,693.601004,81.538303,45.538303,81.538303,285.14
5317,672.792008,80.267786,44.267786,80.267786,295.7
5318,634.97216,80.023804,44.023804,80.023804,268.56
5319,721.41525,80.812752,44.812752,80.812752,255.34
5320,678.829255,82.540619,46.540619,82.540619,260.93
5321,619.519927,84.984847,48.984847,84.984847,246.64
5322,676.221211,87.641724,51.641724,87.641724,257.46
5323,665.812415,89.741397,53.741397,89.741397,269.94
5324,681.691596,90.544196,54.544196,90.544196,242.33
5325,599.235103,89.741284,53.741284,89.741284,244.58
5326,623.819566,87.640765,51.640765,87.640765,265.49
5327,596.874947,84.978455,48.978455,84.978455,260.3
5328,671.806443,82.506682,46.506682,82.506682,259.72
5329,631.660364,70.647891,34.647891,70.647891,260.57
5330,582.905515,69.630836,33.630836,69.630836,256.4
5331,589.565973,68.939739,32.939739,68.939739,258.89
5332,580.928023,68.987692,32.987692,68.987692,252.91
5333,577.994017,70.145324,34.145324,70.145324,255.38
5334,578.254409,72.539329,36.539329,72.539329,259.05
5335,650.095332,75.770911,39.770911,75.770911,252.01
5336,598.764672,78.810161,42.810161,78.810161,250.05
5337,652.401088,80.444982,44.444982,80.444982,260.63
5338,602.785562,80.133797,44.133797,80.133797,265.62
5339,601.415039,78.429835,42.429835,78.429835,270.66
5340,617.849388,76.484414,40.484414,76.484414,280.88
5341,671.647816,75.213897,39.213897,75.213897,276.68
5342,628.096992,74.969915,38.969915,74.969915,268.14
5343,585.340893,75.758863,39.758863,75.758863,286.07
5344,633.91215,77.48673,41.48673,77.48673,277.93
5345,607.709798,79.930958,43.930958,79.930958,264.213333
5346,601.927623,82.587835,46.587835,82.587835,277.393333
5347,626.01202,84.687508,48.687508,84.687508,275.2
5348,627.347063,85.490307,49.490307,85.490307,278.513333
5349,705.583058,84.687395,48.687395,84.687395,258.536667
5350,682.316933,82.586876,46.586876,82.586876,265.336667
5351,583.306646,79.924566,43.924566,79.924566,257.83
5352,565.637249,77.452793,41.452793,77.452793,276.473333
5353,575.505077,70.594747,34.594747,70.594747,267.323333
5354,546.746715,69.577692,33.577692,69.577692,253.406667
5355,552.476578,68.886595,32.886595,68.886595,255.57
5356,563.889754,68.934549,32.934549,68.934549,252.743333
5357,564.144871,70.09218,34.09218,70.09218,251.74
5358,575.590055,72.486185,36.486185,72.486185,251.83
5359,592.948982,75.717767,39.717767,75.717767,271.716667
5360,598.97731,78.757018,42.757018,78.757018,258.396667
5361,662.390553,80.391839,44.391839,80.391839,272.241667
5362,571.633698,80.080653,44.080653,80.080653,259.58
5363,580.180747,78.376692,42.376692,78.376692,259.18
5364,584.882769,76.431271,40.431271,76.431271,263.77
5365,666.185049,75.160754,39.160754,75.160754,276.44
5366,578.486329,74.916771,38.916771,74.916771,266.43
5367,569.840361,75.705719,39.705719,75.705719,254.21
5368,555.73345,77.433586,41.433586,77.433586,267.88
5369,556.202152,79.877815,43.877815,79.877815,260.99
5370,614.184638,82.534692,46.534692,82.534692,259.33
5371,625.946804,84.634364,48.634364,84.634364,265.9
5372,567.361938,85.437163,49.437163,85.437163,266.24
5373,567.01999,84.634251,48.634251,84.634251,283.17
5374,569.409932,82.533733,46.533733,82.533733,278.64
5375,587.872921,79.871422,43.871422,79.871422,253.54
5376,616.255653,77.399649,41.399649,77.399649,247.23
5377,620.798475,75.542364,39.542364,75.542364,250.87
5378,569.750551,74.52531,38.52531,74.52531,239.15
5379,577.753402,73.834212,37.834212,73.834212,241.79
5380,553.852859,73.882166,37.882166,73.882166,246.55
5381,541.074606,75.039798,39.039798,75.039798,246.65
5382,532.573558,77.433802,41.433802,77.433802,250.9
5383,567.16891,80.665385,44.665385,80.665385,256.63
5384,552.147223,83.704635,47.704635,83.704635,258.46
5385,566.827582,85.339456,49.339456,85.339456,274.46
5386,560.960641,85.02827,49.02827,85.02827,249.48
5387,560.013028,83.324309,47.324309,83.324309,252.49
5388,572.485959,81.378888,45.378888,81.378888,254.06
5389,551.048992,80.108371,44.108371,80.108371,275.28
5390,541.003972,79.864389,43.864389,79.864389,251.91
5391,556.909862,80.653337,44.653337,80.653337,248.82
5392,555.313736,82.381204,46.381204,82.381204,243.21
5393,575.533397,84.825432,48.825432,84.825432,243.41
5394,592.787623,87.482309,51.482309,87.482309,262.783333
5395,593.466523,89.581981,53.581981,89.581981,265.883333
5396,579.097185,90.384781,54.384781,90.384781,247.89
5397,557.814343,89.581869,53.581869,89.581869,247.76
5398,568.900979,87.48135,51.48135,87.48135,248.66
5399,547.334669,84.81904,48.81904,84.81904,255.03
5400,547.103133,82.347267,46.347267,82.347267,263.343333
5401,585.004783,75.490758,39.490758,75.490758,264.55
5402,612.015949,74.473704,38.473704,74.473704,248.786667
5403,570.597663,73.782606,37.782606,73.782606,251.656667
5404,567.467374,73.83056,37.83056,73.83056,242.396667
5405,546.163397,74.988192,38.988192,74.988192,236.326667
5406,549.494258,77.382196,41.382196,77.382196,231.59
5407,551.425769,80.613779,44.613779,80.613779,247.816667
5408,545.894142,83.653029,47.653029,83.653029,241.643333
5409,564.400631,85.28785,49.28785,85.28785,247.686667
5410,571.825588,84.976664,48.976664,84.976664,245.383333
5411,545.05146,83.272703,47.272703,83.272703,244.998333
5412,540.907778,81.327282,45.327282,81.327282,249.79
5413,572.872941,80.056765,44.056765,80.056765,241.15
5414,553.086319,79.812783,43.812783,79.812783,236.29
5415,526.746453,80.601731,44.601731,80.601731,243.71
5416,530.025713,82.329598,46.329598,82.329598,243.03
5417,551.804299,84.773826,48.773826,84.773826,250.88
5418,592.981276,87.430703,51.430703,87.430703,256.58
5419,555.546663,89.530375,53.530375,89.530375,256.79
5420,563.427931,90.333175,54.333175,90.333175,252.12
5421,580.406435,89.530263,53.530263,89.530263,244.09
5422,563.035572,87.429744,51.429744,87.429744,248.47
5423,551.52209,84.767434,48.767434,84.767434,239.43
5424,585.565431,82.295661,46.295661,82.295661,239.32
5425,548.30358,75.439944,39.439944,75.439944,254.1
5426,548.360541,74.422889,38.422889,74.422889,262.19
5427,548.567386,73.731792,37.731792,73.731792,249.1
5428,541.590614,73.779746,37.779746,73.779746,247.93
5429,554.426571,74.937378,38.937378,74.937378,238.87
5430,556.712715,77.331382,41.331382,77.331382,240.44
5431,556.815177,80.562965,44.562965,80.562965,241.32
5432,577.063052,83.602215,47.602215,83.602215,238.74
5433,614.405408,85.237036,49.237036,85.237036,246.75
5434,673.637334,84.92585,48.92585,84.92585,249.55
5435,621.243543,83.221889,47.221889,83.221889,238.33
5436,589.250904,81.276468,45.276468,81.276468,236.24
5437,617.661913,80.005951,44.005951,80.005951,249.93
5438,594.083463,79.761968,43.761968,79.761968,242.06
5439,561.398621,80.550917,44.550917,80.550917,227.87
5440,592.368917,82.278783,46.278783,82.278783,230.02
5441,586.817378,84.723012,48.723012,84.723012,241.49
5442,613.841755,87.379889,51.379889,87.379889,256.64
5443,664.466042,89.479561,53.479561,89.479561,243.13
5444,558.631268,90.28236,54.28236,90.28236,246.368333
5445,546.914228,89.479448,53.479448,89.479448,252.566667
5446,556.366784,87.37893,51.37893,87.37893,246.213333
5447,590.865101,84.71662,48.71662,84.71662,241.363333
5448,580.977341,82.244847,46.244847,82.244847,254.283333
5449,600.700162,75.389937,39.389937,75.389937,239.886667
5450,603.509745,74.372882,38.372882,74.372882,239.913333
5451,568.049137,73.681785,37.681785,73.681785,240.01
5452,601.380925,73.729739,37.729739,73.729739,236.593333
5453,607.497284,74.88737,38.88737,74.88737,242.646667
5454,554.97709,77.281375,41.281375,77.281375,243.626667
5455,569.732596,80.512957,44.512957,80.512957,243.67
5456,560.066109,83.552208,47.552208,83.552208,251.416667
5457,611.037757,85.187028,49.187028,85.187028,262.843333
5458,533.446503,84.875843,48.875843,84.875843,276.856667
5459,560.508227,83.171881,47.171881,83.171881,264.666667
5460,720.076759,81.226461,45.226461,81.226461,255.47
5461,681.872476,79.955944,43.955944,79.955944,263.72
5462,697.839316,79.711961,43.711961,79.711961,256.98
5463,560.188714,80.500909,44.500909,80.500909,245.56
5464,553.336009,82.228776,46.228776,82.228776,256.45
5465,545.894142,84.673005,48.673005,84.673005,254.69
5466,576.700267,87.329882,51.329882,87.329882,262.69
5467,624.802513,89.429554,53.429554,89.429554,274.91
5468,540.238409,90.232353,54.232353,90.232353,244.43
5469,539.519547,89.429441,53.429441,89.429441,239.23
5470,538.143064,87.328923,51.328923,87.328923,243.48
5471,547.906029,84.666612,48.666612,84.666612,255.98
5472,547.863557,82.194839,46.194839,82.194839,252.76
5473,555.445653,75.340751,39.340751,75.340751,258.97
5474,546.865332,74.323697,38.323697,74.323697,259.79
5475,545.365454,73.632599,37.632599,73.632599,248.15
5476,557.242044,73.680553,37.680553,73.680553,259.17
5477,567.96962,74.838185,38.838185,74.838185,260.93
5478,554.013111,77.232189,41.232189,77.232189,242.885
5479,557.647051,80.463772,44.463772,80.463772,248.78
5480,584.527526,83.503022,47.503022,83.503022,245.02
5481,574.742994,85.137843,49.137843,85.137843,261.92
5482,538.051168,84.826657,48.826657,84.826657,232.11
5483,566.591921,83.122696,47.122696,83.122696,245.2
5484,560.705383,81.177275,45.177275,81.177275,285.83
5485,669.483916,79.906758,43.906758,79.906758,278.55
5486,546.914228,79.662776,43.662776,79.662776,281.7
5487,572.481359,80.451724,44.451724,80.451724,245.07
5488,563.052417,82.179591,46.179591,82.179591,242.17
5489,561.125684,84.623819,48.623819,84.623819,238.74
5490,617.212741,87.280696,51.280696,87.280696,251.29
5491,597.605866,89.380368,53.380368,89.380368,265.59
5492,553.723351,90.183168,54.183168,90.183168,235.89
5493,569.948231,89.380256,53.380256,89.380256,235.51
5494,548.545962,87.279737,51.279737,87.279737,234.77
5495,534.870226,84.617427,48.617427,84.617427,239.7
5496,558.607137,82.145654,46.145654,82.145654,239.68
5497,537.922749,70.292402,34.292402,70.292402,243.086667
5498,531.551728,69.275347,33.275347,69.275347,239.206667
5499,542.130284,68.58425,32.58425,68.58425,238.483333
5500,535.922878,68.632204,32.632204,68.632204,243.85
5501,540.44803,69.789836,33.789836,69.789836,248.12
5502,536.635669,72.18384,36.18384,72.18384,242.466667
5503,526.570444,75.415422,39.415422,75.415422,244.02
5504,536.968332,78.454673,42.454673,78.454673,253.943333
5505,549.84197,80.089494,44.089494,80.089494,250.6
5506,575.052883,79.778308,43.778308,79.778308,234.72
5507,561.224845,78.074347,42.074347,78.074347,247.596667
5508,564.144871,76.128926,40.128926,76.128926,245.28
5509,617.961964,74.858409,38.858409,74.858409,275.983333
5510,570.056207,74.614426,38.614426,74.614426,239.23
5511,545.276577,75.403375,39.403375,75.403375,249.788333
5512,561.821945,77.131241,41.131241,77.131241,246.22
5513,550.147482,79.57547,43.57547,79.57547,245.45
5514,577.072613,82.232347,46.232347,82.232347,263.6
5515,595.817981,84.332019,48.332019,84.332019,258.05
5516,535.922878,85.134818,49.134818,85.134818,242.34
5517,525.515476,84.331906,48.331906,84.331906,248.86
5518,531.194077,82.231388,46.231388,82.231388,240
5519,524.086331,79.569078,43.569078,79.569078,232.94
5520,535.183946,77.097304,41.097304,77.097304,244.42
5521,526.010691,70.244904,34.244904,70.244904,234.65
5522,528.54718,69.227849,33.227849,69.227849,230.97
5523,533.125851,68.536752,32.536752,68.536752,236.87
5524,530.242306,68.584705,32.584705,68.584705,233.54
5525,533.18758,69.742337,33.742337,69.742337,236
5526,545.249253,72.136342,36.136342,72.136342,233.94
5527,549.958216,75.367924,39.367924,75.367924,227.75
5528,535.751946,78.407174,42.407174,78.407174,234.125
5529,529.857347,80.041995,44.041995,80.041995,240.6
5530,552.777127,79.73081,43.73081,79.73081,250.71
5531,557.878155,78.026848,42.026848,78.026848,245.49
5532,543.050555,76.081427,40.081427,76.081427,246.65
5533,603.463671,74.81091,38.81091,74.81091,263.8
5534,550.227693,74.566928,38.566928,74.566928,248.9
5535,609.921325,75.355876,39.355876,75.355876,238.44
5536,599.673197,77.083743,41.083743,77.083743,245.73
5537,616.206071,79.527972,43.527972,79.527972,240.74
5538,560.086531,82.184849,46.184849,82.184849,251.42
5539,601.756581,84.284521,48.284521,84.284521,257.51
5540,556.484565,85.08732,49.08732,85.08732,233.54
5541,544.400598,84.284408,48.284408,84.284408,227.02
5542,549.950946,82.183889,46.183889,82.183889,230.75
5543,565.89675,79.521579,43.521579,79.521579,226
5544,554.273205,77.049806,41.049806,77.049806,233.12
5545,528.669873,75.19827,39.19827,75.19827,227.365
5546,522.735353,74.181215,38.181215,74.181215,229.07
5547,544.057258,73.490118,37.490118,73.490118,231.92
5548,528.211488,73.538071,37.538071,73.538071,230.156667
5549,538.9019,74.695703,38.695703,74.695703,231.956667
5550,537.996098,77.089708,41.089708,77.089708,238.426667
5551,539.294237,80.32129,44.32129,80.32129,240.653333
5552,543.096898,83.36054,47.36054,83.36054,233.443333
5553,581.243979,84.995361,48.995361,84.995361,229.913333
5554,555.581655,84.684176,48.684176,84.684176,241.923333
5555,545.667088,82.980214,46.980214,82.980214,244.116667
5556,559.33379,81.034794,45.034794,81.034794,237.336667
5557,598.507653,79.764276,43.764276,79.764276,259.776667
5558,553.336009,79.520294,43.520294,79.520294,240.776667
5559,552.701889,80.309242,44.309242,80.309242,261.61
5560,535.131536,82.037109,46.037109,82.037109,258.666667
5561,549.776657,84.481338,48.481338,84.481338,263.33
5562,590.642462,87.138215,51.138215,87.138215,245.028333
5563,583.608298,89.237887,53.237887,89.237887,259.28
5564,556.178658,90.040686,54.040686,90.040686,243.53
5565,572.100278,89.237774,53.237774,89.237774,238.01
5566,591.471149,87.137255,51.137255,87.137255,240.65
5567,586.786455,84.474945,48.474945,84.474945,247.33
5568,546.704896,82.003172,46.003172,82.003172,242.58
5569,543.79584,75.152514,39.152514,75.152514,229.15
5570,538.179861,74.13546,38.13546,74.13546,225
5571,541.332101,73.444363,37.444363,73.444363,237.84
5572,580.347522,73.492316,37.492316,73.492316,228.85
5573,598.273353,74.649948,38.649948,74.649948,235.18
5574,594.463559,77.043953,41.043953,77.043953,234.69
5575,530.390789,80.275535,44.275535,80.275535,235.39
5576,538.100162,83.314785,47.314785,83.314785,237.36
5577,580.534174,84.949606,48.949606,84.949606,252.85
5578,569.795446,84.63842,48.63842,84.63842,243.145
5579,550.278777,82.934459,46.934459,82.934459,238.63
5580,574.50877,80.989038,44.989038,80.989038,244.72
5581,546.433648,79.718521,43.718521,79.718521,258.32
5582,539.381761,79.474539,43.474539,79.474539,242.17
5583,539.997877,80.263487,44.263487,80.263487,241.89
5584,523.481317,81.991354,45.991354,81.991354,233.09
5585,568.350064,84.435582,48.435582,84.435582,240.57
5586,585.157457,87.092459,51.092459,87.092459,255.91
5587,597.861398,89.192132,53.192132,89.192132,253.64
5588,581.061222,89.994931,53.994931,89.994931,243.4
5589,558.269967,89.192019,53.192019,89.192019,249.65
5590,562.598626,87.0915,51.0915,87.0915,256.17
5591,575.731819,84.42919,48.42919,84.42919,254.68
5592,556.933549,81.957417,45.957417,81.957417,239.13
5593,537.648489,75.107651,39.107651,75.107651,237.71
5594,537.703241,74.090597,38.090597,74.090597,234.79
5595,531.064661,73.399499,37.399499,73.399499,236.46
5596,522.576536,73.447453,37.447453,73.447453,252.546667
5597,525.302038,74.605085,38.605085,74.605085,258.25
5598,523.337198,76.999089,40.999089,76.999089,257.096667
5599,529.49113,80.230672,44.230672,80.230672,230.25
5600,570.056207,83.269922,47.269922,83.269922,234.746667
5601,551.048992,84.904743,48.904743,84.904743,252.61
5602,557.862197,84.593557,48.593557,84.593557,248.803333
5603,571.469479,82.889596,46.889596,82.889596,240.8
5604,556.649719,80.944175,44.944175,80.944175,250.516667
5605,640.855003,79.673658,43.673658,79.673658,239
5606,564.400631,79.429676,43.429676,79.429676,235.436667
5607,548.225325,80.218624,44.218624,80.218624,235.763333
5608,555.523343,81.946491,45.946491,81.946491,225.556667
5609,545.481845,84.390719,48.390719,84.390719,248.263333
5610,587.966444,87.047596,51.047596,87.047596,254.15
5611,647.328874,89.147268,53.147268,89.147268,258.126667
5612,650.722635,89.950068,53.950068,89.950068,252.788333
5613,614.282726,89.147156,53.147156,89.147156,244.28
5614,575.109313,87.046637,51.046637,87.046637,246.04
5615,533.092212,84.384327,48.384327,84.384327,250.95
5616,568.447604,81.912554,45.912554,81.912554,243.72
5617,541.428924,75.063694,39.063694,75.063694,234.5
5618,550.410288,74.046639,38.046639,74.046639,234.53
5619,539.934732,73.355542,37.355542,73.355542,230.67
5620,531.372581,73.403495,37.403495,73.403495,224.88
5621,529.726227,74.561127,38.561127,74.561127,226.87
5622,544.8678,76.955132,40.955132,76.955132,225.45
5623,522.230483,80.186714,44.186714,80.186714,229.68
5624,544.21862,83.225964,47.225964,83.225964,248.9
5625,571.734172,84.860785,48.860785,84.860785,241.15
5626,556.563171,84.5496,48.5496,84.5496,244.11
5627,551.611103,82.845638,46.845638,82.845638,249.42
5628,549.660679,80.900217,44.900217,80.900217,243.6
5629,604.689052,79.6297,43.6297,79.6297,269.56
5630,542.839099,79.385718,43.385718,79.385718,246.75
5631,555.788003,80.174666,44.174666,80.174666,239.85
5632,560.082448,81.902533,45.902533,81.902533,243.12
5633,540.086389,84.346762,48.346762,84.346762,238.54
5634,609.038067,87.003639,51.003639,87.003639,255.06
5635,669.169471,89.103311,53.103311,89.103311,271.08
5636,593.185962,89.90611,53.90611,89.90611,271.86
5637,592.970511,89.103198,53.103198,89.103198,262.81
5638,573.446583,87.002679,51.002679,87.002679,250.73
5639,563.894001,84.340369,48.340369,84.340369,231.9
5640,561.324107,81.868596,45.868596,81.868596,248.3
5641,542.189067,75.020654,39.020654,75.020654,236.51
5642,559.236576,74.0036,38.0036,74.0036,240.86
5643,560.139653,73.312502,37.312502,73.312502,235.73
5644,574.153636,73.360456,37.360456,73.360456,230.86
5645,579.535344,74.518088,38.518088,74.518088,229.83
5646,594.441812,76.912092,40.912092,76.912092,238.24
5647,627.780893,80.143675,44.143675,80.143675,224.616667
5648,630.68362,83.182925,47.182925,83.182925,237.92
5649,654.120927,84.817746,48.817746,84.817746,249.516667
5650,614.466782,84.50656,48.50656,84.50656,243.563333
5651,556.649719,82.802599,46.802599,82.802599,241.403333
5652,574.041711,80.857178,44.857178,80.857178,240.516667
5653,615.760421,79.586661,43.586661,79.586661,260.13
5654,555.944059,79.342679,43.342679,79.342679,237.23
5655,538.216681,80.131627,44.131627,80.131627,243.233333
5656,539.982086,81.859494,45.859494,81.859494,245.026667
5657,547.778686,84.303722,48.303722,84.303722,235.81
5658,566.026743,86.960599,50.960599,86.960599,261.363333
5659,589.219436,89.060272,53.060272,89.060272,275.916667
5660,596.312522,89.863071,53.863071,89.863071,256.703333
5661,543.375622,89.060159,53.060159,89.060159,256.636667
5662,537.648489,86.95964,50.95964,86.95964,250.136667
5663,532.840604,84.29733,48.29733,84.29733,246.551667
5664,535.429179,81.825557,45.825557,81.825557,245.53
5665,536.153565,69.978546,33.978546,69.978546,236.9
5666,536.510291,68.961492,32.961492,68.961492,244.68
5667,546.039002,68.270394,32.270394,68.270394,245.05
5668,535.323947,68.318348,32.318348,68.318348,250.39
5669,532.573558,69.47598,33.47598,69.47598,252.27
5670,529.930933,71.869984,35.869984,71.869984,257.09
5671,526.570444,75.101567,39.101567,75.101567,266.35
5672,535.131536,78.140817,42.140817,78.140817,267.08
5673,545.440744,79.775638,43.775638,79.775638,272.63
5674,539.9158,79.464452,43.464452,79.464452,262.86
5675,540.530797,77.760491,41.760491,77.760491,243.6
5676,563.010311,75.81507,39.81507,75.81507,250.35
5677,605.293518,74.544553,38.544553,74.544553,263.21
5678,591.983481,74.300571,38.300571,74.300571,243.3
5679,578.437976,75.089519,39.089519,75.089519,234.81
5680,542.713859,76.817386,40.817386,76.817386,235.755
5681,528.100148,79.261614,43.261614,79.261614,239.64
5682,553.57884,81.918491,45.918491,81.918491,247.38
5683,615.192555,84.018163,48.018163,84.018163,255.46
5684,623.755069,84.820963,48.820963,84.820963,257.66
5685,566.191633,84.018051,48.018051,84.018051,237.5
5686,548.339175,81.917532,45.917532,81.917532,234.5
5687,535.56393,79.255222,43.255222,79.255222,231.75
5688,549.284925,76.783449,40.783449,76.783449,233.26
5689,532.15355,69.937382,33.937382,69.937382,233.67
5690,545.228766,68.920327,32.920327,68.920327,233.87
5691,532.757004,68.22923,32.22923,68.22923,238.81
5692,546.893269,68.277184,32.277184,68.277184,233.2
5693,527.026639,69.434815,33.434815,69.434815,231.59
5694,533.361932,71.82882,35.82882,71.82882,229.96
5695,546.267222,75.060402,39.060402,75.060402,227.75
5696,551.00478,78.099653,42.099653,78.099653,233.09
5697,575.675093,79.734474,43.734474,79.734474,238.52
5698,548.674593,79.423288,43.423288,79.423288,235.72
5699,527.697615,77.719327,41.719327,77.719327,236.043333
5700,547.019116,75.773906,39.773906,75.773906,246.203333
5701,576.843342,74.503389,38.503389,74.503389,260.303333
5702,541.04249,74.259406,38.259406,74.259406,256.33
5703,529.148451,75.048354,39.048354,75.048354,251.893333
5704,549.950946,76.776221,40.776221,76.776221,237.166667
5705,551.447987,79.22045,43.22045,79.22045,228.776667
5706,569.141767,81.877327,45.877327,81.877327,242.276667
5707,615.871732,83.976999,47.976999,83.976999,263.056667
5708,555.47672,84.779798,48.779798,84.779798,265.32
5709,554.780349,83.976886,47.976886,83.976886,247.443333
5710,558.848726,81.876368,45.876368,81.876368,239.903333
5711,576.843342,79.214057,43.214057,79.214057,233.336667
5712,574.686738,76.742284,40.742284,76.742284,240.343333
5713,577.18741,74.897174,38.897174,74.897174,231.336667
5714,534.008073,73.880119,37.880119,73.880119,238.416667
5715,525.075617,73.189022,37.189022,73.189022,231.7
5716,527.757761,73.236975,37.236975,73.236975,239.22
5717,528.394282,74.394607,38.394607,74.394607,228.06
5718,522.418422,76.788612,40.788612,76.788612,232.06
5719,538.179861,80.020194,44.020194,80.020194,238.92
5720,535.026864,83.059444,47.059444,83.059444,241.13
5721,584.943762,84.694265,48.694265,84.694265,250.93
5722,566.836319,84.38308,48.38308,84.38308,240.06
5723,560.606754,82.679118,46.679118,82.679118,228.51
5724,551.159627,80.733697,44.733697,80.733697,239.28
5725,575.736548,79.46318,43.46318,79.46318,251.34
5726,546.114996,79.219198,43.219198,79.219198,236.31
5727,540.581784,80.008146,44.008146,80.008146,229.46
5728,534.110812,81.736013,45.736013,81.736013,240.65
5729,534.45469,84.180242,48.180242,84.180242,241.33
5730,543.722283,86.837119,50.837119,86.837119,248.56
5731,596.941251,88.936791,52.936791,88.936791,263.24
5732,556.696961,89.73959,53.73959,89.73959,243.1
5733,543.242754,88.936678,52.936678,88.936678,242.8
5734,538.069536,86.836159,50.836159,86.836159,244.52
5735,547.068114,84.173849,48.173849,84.173849,251.34
5736,529.621594,81.702076,45.702076,81.702076,250.58
5737,537.904426,74.857933,38.857933,74.857933,251.46
5738,547.173219,73.840878,37.840878,73.840878,232.44
5739,535.067546,73.149781,37.149781,73.149781,226.71
5740,551.514678,73.197735,37.197735,73.197735,228.55
5741,522.344001,74.355366,38.355366,74.355366,228.97
5742,533.536861,76.749371,40.749371,76.749371,224.76
5743,533.871392,79.980953,43.980953,79.980953,234.79
5744,549.733145,83.020204,47.020204,83.020204,233.03
5745,609.49107,84.655025,48.655025,84.655025,254.08
5746,597.539276,84.343839,48.343839,84.343839,247.69
5747,557.004646,82.639878,46.639878,82.639878,245.24
5748,584.913262,80.694457,44.694457,80.694457,241.2
5749,547.419042,79.42394,43.42394,79.42394,250.951667
5750,572.348067,79.179957,43.179957,79.179957,238.846667
5751,659.512788,79.968905,43.968905,79.968905,236.07
5752,627.859872,81.696772,45.696772,81.696772,232.5
5753,603.682644,84.141001,48.141001,84.141001,232.7
5754,621.906696,86.797878,50.797878,86.797878,237.673333
5755,566.365484,88.89755,52.89755,88.89755,257.85
5756,622.751686,89.700349,53.700349,89.700349,243.62
5757,546.683995,88.897437,52.897437,88.897437,237.433333
5758,547.050612,86.796919,50.796919,86.796919,234.73
5759,566.078786,84.134608,48.134608,84.134608,239.303333
5760,546.329587,81.662835,45.662835,81.662835,229.763333
5761,561.772046,74.819672,38.819672,74.819672,234.64
5762,543.735652,73.802617,37.802617,73.802617,239.353333
5763,554.342185,73.11152,37.11152,73.11152,233.053333
5764,574.602403,73.159474,37.159474,73.159474,241.36
5765,539.444353,74.317105,38.317105,74.317105,224.703333
5766,544.077408,76.71111,40.71111,76.71111,232.163333
5767,555.967491,79.942692,43.942692,79.942692,232.36
5768,538.9019,82.981943,46.981943,82.981943,240.55
5769,592.562017,84.616763,48.616763,84.616763,261.49
5770,544.623657,84.305578,48.305578,84.305578,258.03
5771,541.003972,82.601616,46.601616,82.601616,243.75
5772,552.92781,80.656196,44.656196,80.656196,254.07
5773,603.925008,79.385679,43.385679,79.385679,239.47
5774,552.476578,79.141696,43.141696,79.141696,249.74
5775,527.167424,79.930644,43.930644,79.930644,273.83
5776,537.327083,81.658511,45.658511,81.658511,266.37
5777,543.050555,84.10274,48.10274,84.10274,259.84
5778,557.575448,86.759617,50.759617,86.759617,264.84
5779,588.894674,88.859289,52.859289,88.859289,247.51
5780,586.025877,89.662088,53.662088,89.662088,265.06
5781,552.424094,88.859176,52.859176,88.859176,239.12
5782,535.440884,86.758658,50.758658,86.758658,239.295
5783,547.201274,84.096347,48.096347,84.096347,247.4
5784,527.244186,81.624574,45.624574,81.624574,238.95
5785,520.754379,74.782402,38.782402,74.782402,245.71
5786,538.493546,73.765347,37.765347,73.765347,237.68
5787,535.999669,73.07425,37.07425,73.07425,242.61
5788,524.785058,73.122203,37.122203,73.122203,250.55
5789,552.266838,74.279835,38.279835,74.279835,235.47
5790,551.071107,76.67384,40.67384,76.67384,237.85
5791,584.21367,79.905422,43.905422,79.905422,243.31
5792,595.133787,82.944672,46.944672,82.944672,235.18
5793,576.272052,84.579493,48.579493,84.579493,256.51
5794,549.083344,84.268308,48.268308,84.268308,238.12
5795,554.687919,82.564346,46.564346,82.564346,236.29
5796,586.415916,80.618925,44.618925,80.618925,241.99
5797,652.702836,79.348408,43.348408,79.348408,259.91
5798,546.496155,79.104426,43.104426,79.104426,241.79
5799,547.503509,79.893374,43.893374,79.893374,228.155
5800,552.072554,81.621241,45.621241,81.621241,234.323333
5801,549.602753,84.065469,48.065469,84.065469,237.336667
5802,617.250131,86.722346,50.722346,86.722346,243.99
5803,637.935192,88.822019,52.822019,88.822019,255.356667
5804,549.537638,89.624818,53.624818,89.624818,254.433333
5805,544.684613,88.821906,52.821906,88.821906,241.766667
5806,541.332101,86.721387,50.721387,86.721387,233.266667
5807,537.139898,84.059077,48.059077,84.059077,239.366667
5808,531.291363,81.587304,45.587304,81.587304,228.206667
5809,527.863215,74.746133,38.746133,74.746133,223.463333
5810,551.203924,73.729078,37.729078,73.729078,234.96
5811,527.100679,73.037981,37.037981,73.037981,233.583333
5812,545.215111,73.085935,37.085935,73.085935,226.503333
5813,527.712643,74.243567,38.243567,74.243567,241.696667
5814,554.227248,76.637571,40.637571,76.637571,241.16
5815,537.230397,79.869153,43.869153,79.869153,253.84
5816,537.721503,82.908404,46.908404,82.908404,257.301667
5817,562.09684,84.543225,48.543225,84.543225,251.14
5818,512.763296,84.232039,48.232039,84.232039,240.25
5819,525.787459,82.528078,46.528078,82.528078,242.76
5820,554.15836,80.582657,44.582657,80.582657,254.56
5821,561.125684,79.31214,43.31214,79.31214,272.31
5822,533.226899,79.068157,43.068157,79.068157,239.03
5823,528.562498,79.857106,43.857106,79.857106,239.51
5824,590.420167,81.584972,45.584972,81.584972,241.61
5825,584.517391,84.029201,48.029201,84.029201,240.49
5826,621.370894,86.686078,50.686078,86.686078,263.61
5827,623.703489,88.78575,52.78575,88.78575,268.86
5828,590.642462,89.588549,53.588549,89.588549,240.46
5829,590.822668,88.785637,52.785637,88.785637,238.15
5830,603.694176,86.685119,50.685119,86.685119,236.46
5831,607.237907,84.022808,48.022808,84.022808,234.22
5832,575.071691,81.551035,45.551035,81.551035,230.81
5833,561.863547,33.710877,33.710877,69.710877,228.62
5834,548.510269,32.693822,32.693822,68.693822,241.22
5835,547.033113,32.002725,32.002725,68.002725,228.11
5836,549.929139,32.050679,32.050679,68.050679,238.41
5837,561.946802,33.208311,33.208311,69.208311,228.52
5838,544.43435,35.602315,35.602315,71.602315,242.56
5839,554.718718,38.833898,38.833898,74.833898,234.27
5840,583.376968,41.873148,41.873148,77.873148,234.54
5841,563.136679,43.507969,43.507969,79.507969,245.84
5842,549.725896,43.196783,43.196783,79.196783,216.085
5843,555.197505,41.492822,41.492822,77.492822,227.21
5844,597.073945,39.547401,39.547401,75.547401,242.53
5845,567.361938,38.276884,38.276884,74.276884,245.45
5846,561.871868,38.032902,38.032902,74.032902,231.98
5847,539.144482,38.82185,38.82185,74.82185,229.08
5848,552.296768,40.549716,40.549716,76.549716,255.84
5849,570.896587,42.993945,42.993945,78.993945,253.94
5850,648.932647,45.650822,45.650822,81.650822,264.7
5851,612.416026,47.750494,47.750494,83.750494,265.306667
5852,611.218495,48.553294,48.553294,84.553294,255.91
5853,540.505319,47.750382,47.750382,83.750382,255.966667
5854,529.915155,45.649863,45.649863,81.649863,259.843333
5855,531.666067,42.987553,42.987553,78.987553,260.856667
5856,518.121436,40.51578,40.51578,76.51578,250.716667
5857,523.990156,33.676645,33.676645,69.676645,245.746667
5858,521.026803,32.65959,32.65959,68.65959,239.983333
5859,527.585063,31.968493,31.968493,67.968493,239.286667
5860,519.800252,32.016446,32.016446,68.016446,240.64
5861,529.117424,33.174078,33.174078,69.174078,245.78
5862,521.089989,35.568083,35.568083,71.568083,238.026667
5863,519.606378,38.799665,38.799665,74.799665,242.773333
5864,533.990969,41.838915,41.838915,77.838915,253.563333
5865,524.127624,43.473736,43.473736,79.473736,246.253333
5866,534.38574,43.162551,43.162551,79.162551,240.546667
5867,588.153679,41.458589,41.458589,77.458589,242.98
5868,568.168523,39.513168,39.513168,75.513168,257.89
5869,525.687043,38.242651,38.242651,74.242651,247.89
5870,533.117439,37.998669,37.998669,73.998669,245.75
5871,531.797059,38.787617,38.787617,74.787617,235.31
5872,521.318452,40.515484,40.515484,76.515484,241.71
5873,531.625201,42.959712,42.959712,78.959712,249.21
5874,598.775856,45.616589,45.616589,81.616589,271.45
5875,571.880473,47.716262,47.716262,83.716262,262.3
5876,574.785204,48.519061,48.519061,84.519061,261.97
5877,532.86571,47.716149,47.716149,83.716149,236.03
5878,531.110456,45.61563,45.61563,81.61563,229.95
5879,549.620849,42.95332,42.95332,78.95332,231.04
5880,576.058512,40.481547,40.481547,76.481547,221.27
5881,541.222541,38.643445,38.643445,74.643445,225.93
5882,539.758259,37.62639,37.62639,73.62639,223.68
5883,527.373254,36.935293,36.935293,72.935293,228.435
5884,541.261188,36.983247,36.983247,72.983247,222.69
5885,518.612112,38.140878,38.140878,74.140878,229.44
5886,536.029233,40.534883,40.534883,76.534883,223.73
5887,522.558934,43.766465,43.766465,79.766465,222.53
5888,622.296727,46.805716,46.805716,82.805716,232.43
5889,567.974037,48.440537,48.440537,84.440537,226.03
5890,539.569727,48.129351,48.129351,84.129351,232.66
5891,560.504124,46.42539,46.42539,82.42539,255.12
5892,559.128138,44.479969,44.479969,80.479969,248.195
5893,551.721764,43.209452,43.209452,79.209452,227.14
5894,534.205161,42.965469,42.965469,78.965469,231.915
5895,519.995333,43.754417,43.754417,79.754417,231.12
5896,539.906337,45.482284,45.482284,81.482284,223.91
5897,601.483289,47.926513,47.926513,83.926513,231.015
5898,647.696338,50.58339,50.58339,86.58339,258.4
5899,609.151207,52.683062,52.683062,88.683062,249.57
5900,586.277222,53.485861,53.485861,89.485861,250.615
5901,558.619202,52.682949,52.682949,88.682949,231.765
5902,526.169853,50.582431,50.582431,86.582431,230.698333
5903,536.171348,47.92012,47.92012,83.92012,240.498333
5904,528.333267,45.448347,45.448347,81.448347,251.065
5905,530.838999,38.611288,38.611288,74.611288,236.403333
5906,530.766685,37.594234,37.594234,73.594234,235.636667
5907,536.269258,36.903137,36.903137,72.903137,228.293333
5908,541.798159,36.95109,36.95109,72.95109,236.423333
5909,533.871392,38.108722,38.108722,74.108722,221.693333
5910,536.046978,40.502727,40.502727,76.502727,233.6
5911,522.994933,43.734309,43.734309,79.734309,224.866667
5912,532.832238,46.773559,46.773559,82.773559,264.941667
5913,535.29767,48.40838,48.40838,84.40838,248.121667
5914,542.868795,48.097195,48.097195,84.097195,235.536667
5915,526.409746,46.393233,46.393233,82.393233,245.198333
5916,596.908096,44.447812,44.447812,80.447812,244.635333
5917,569.061445,43.177295,43.177295,79.177295,241.453
5918,532.216882,42.933313,42.933313,78.933313,232.555
5919,537.239455,43.722261,43.722261,79.722261,222.85
5920,531.056583,45.450128,45.450128,81.450128,235.715
5921,556.803349,47.894356,47.894356,83.894356,259.2
5922,561.398621,50.551233,50.551233,86.551233,271.165
5923,548.481727,52.650906,52.650906,88.650906,261.395
5924,529.28055,53.453705,53.453705,89.453705,254.515
5925,575.010578,52.650793,52.650793,88.650793,244.425
5926,619.905118,50.550274,50.550274,86.550274,227.475
5927,580.298447,47.887964,47.887964,83.887964,233.68
5928,528.034485,45.416191,45.416191,81.416191,228.93
5929,552.973068,38.580185,38.580185,74.580185,230.53
5930,528.241901,37.56313,37.56313,73.56313,230.485
5931,538.948477,36.872033,36.872033,72.872033,233.735
5932,543.017471,36.919986,36.919986,72.919986,236.7
5933,544.030401,38.077618,38.077618,74.077618,232.36
5934,525.472698,40.471623,40.471623,76.471623,233.61
5935,530.769362,43.703205,43.703205,79.703205,225.195
5936,597.267661,46.742455,46.742455,82.742455,231.745
5937,545.728941,48.377276,48.377276,84.377276,233.185
5938,534.948489,48.066091,48.066091,84.066091,237.245
5939,580.765413,46.362129,46.362129,82.362129,227.64
5940,633.120605,44.416708,44.416708,80.416708,257.84
5941,555.932345,43.146191,43.146191,79.146191,248.53
5942,543.732309,42.902209,42.902209,78.902209,231.375
5943,526.436485,43.691157,43.691157,79.691157,234.275
5944,535.087898,45.419024,45.419024,81.419024,230.665
5945,544.481628,47.863253,47.863253,83.863253,243.665
5946,658.470265,50.52013,50.52013,86.52013,245.56
5947,586.925665,52.619802,52.619802,88.619802,239.97
5948,563.762435,53.422601,53.422601,89.422601,229.545
5949,585.969518,52.619689,52.619689,88.619689,250.695
5950,592.562017,50.51917,50.51917,86.51917,264.315
5951,545.05146,47.85686,47.85686,83.85686,252.53
5952,532.95787,45.385087,45.385087,81.385087,228.733333
5953,543.665499,38.550143,38.550143,74.550143,242.01
5954,557.158884,37.533088,37.533088,73.533088,228.87
5955,526.871572,36.841991,36.841991,72.841991,235.205
5956,534.377128,36.889944,36.889944,72.889944,237.32
5957,528.631495,38.047576,38.047576,74.047576,237.826667
5958,537.302897,40.441581,40.441581,76.441581,226.99
5959,538.632452,43.673163,43.673163,79.673163,230.486667
5960,602.407509,46.712413,46.712413,82.712413,257.948333
5961,568.754092,48.347234,48.347234,84.347234,238.66
5962,563.090326,48.036049,48.036049,84.036049,232.985
5963,547.757483,46.332087,46.332087,82.332087,252.688333
5964,565.715031,44.386666,44.386666,80.386666,267.685
5965,576.428888,43.116149,43.116149,79.116149,243.295
5966,579.886973,42.872167,42.872167,78.872167,237.678333
5967,573.28901,43.661115,43.661115,79.661115,227.658333
5968,540.620051,45.388982,45.388982,81.388982,233.065
5969,573.706577,47.833211,47.833211,83.833211,238.05
5970,629.207227,50.490088,50.490088,86.490088,273.6
5971,552.207009,52.58976,52.58976,88.58976,254.725
5972,610.154825,53.392559,53.392559,89.392559,246.5
5973,583.457385,52.589647,52.589647,88.589647,254.415
5974,598.122918,50.489128,50.489128,86.489128,256.51
5975,613.988625,47.826818,47.826818,83.826818,238.33
5976,593.63944,45.355045,45.355045,81.355045,231.82
5977,642.230831,38.521171,38.521171,74.521171,237.645
5978,671.338756,37.504116,37.504116,73.504116,243.815
5979,589.902822,36.813019,36.813019,72.813019,227.955
5980,575.992155,36.860973,36.860973,72.860973,232.655
5981,566.775167,38.018605,38.018605,74.018605,229.125
5982,623.426472,40.412609,40.412609,76.412609,234.31
5983,580.883655,43.644192,43.644192,79.644192,235.035
5984,626.135989,46.683442,46.683442,82.683442,259.47
5985,596.466708,48.318263,48.318263,84.318263,248.415
5986,584.492055,48.007077,48.007077,84.007077,246.235
5987,586.405639,46.303116,46.303116,82.303116,239.63
5988,564.738365,44.357695,44.357695,80.357695,247.26
5989,590.504811,43.087178,43.087178,79.087178,251.195
5990,572.136953,42.843196,42.843196,78.843196,252.39
5991,590.668947,43.632144,43.632144,79.632144,250.08
5992,606.151664,45.36001,45.36001,81.36001,236.09
5993,624.110059,47.804239,47.804239,83.804239,250.23
5994,625.328328,50.461116,50.461116,86.461116,266.71
5995,607.267361,52.560788,52.560788,88.560788,241.67
5996,587.406247,53.363588,53.363588,89.363588,261.675
5997,614.651026,52.560676,52.560676,88.560676,253.59
5998,584.183335,50.460157,50.460157,86.460157,258.205
5999,568.514158,47.797847,47.797847,83.797847,262.73
6000,577.965118,45.326074,45.326074,81.326074,256.843333
6001,545.522969,33.493279,33.493279,69.493279,269.886667
6002,545.092337,32.476224,32.476224,68.476224,276.375
6003,557.910076,31.785127,31.785127,67.785127,255.676667
6004,628.373983,31.833081,31.833081,67.833081,251.041667
6005,650.65691,32.990713,32.990713,68.990713,247.666667
6006,577.690918,35.384717,35.384717,71.384717,265.235
6007,558.546838,38.6163,38.6163,74.6163,252.728333
6008,605.719123,41.65555,41.65555,77.65555,265.931667
6009,583.51773,43.290371,43.290371,79.290371,257.706667
6010,575.87375,42.979185,42.979185,78.979185,253.931667
6011,590.912855,41.275224,41.275224,77.275224,254.556667
6012,628.829861,39.329803,39.329803,75.329803,246.881667
6013,539.181887,38.059286,38.059286,74.059286,255.866667
6014,519.509893,37.815304,37.815304,73.815304,249.663333
6015,528.181094,38.604252,38.604252,74.604252,255.918333
6016,532.515326,40.332119,40.332119,76.332119,260.548333
6017,632.756276,42.776347,42.776347,78.776347,265.411667
6018,706.945523,45.433224,45.433224,81.433224,265.725
6019,587.748321,47.532896,47.532896,83.532896,260.865
6020,578.704149,48.335696,48.335696,84.335696,254.88
6021,579.184695,47.532784,47.532784,83.532784,262.91
6022,555.023447,45.432265,45.432265,81.432265,253.83
6023,560.434399,42.769955,42.769955,78.769955,248.325
6024,572.637833,40.298182,40.298182,76.298182,251.73
6025,556.213901,33.466475,33.466475,69.466475,238.56
6026,560.759671,32.44942,32.44942,68.44942,238.35
6027,556.142647,31.758323,31.758323,67.758323,244.13
6028,550.37739,31.806277,31.806277,67.806277,266.5
6029,561.917653,32.963908,32.963908,68.963908,271.845
6030,557.838267,35.357913,35.357913,71.357913,251.635
6031,571.41935,38.589495,38.589495,74.589495,244.395
6032,628.473,41.628746,41.628746,77.628746,260.425
6033,604.567263,43.263566,43.263566,79.263566,253.61
6034,576.234063,42.952381,42.952381,78.952381,251
6035,652.334901,41.24842,41.24842,77.24842,255.995
6036,628.882782,39.302999,39.302999,75.302999,266.615
6037,565.589745,38.032482,38.032482,74.032482,235.33
6038,592.685519,37.788499,37.788499,73.788499,222.45
6039,562.33487,38.577447,38.577447,74.577447,228.83
6040,581.18962,40.305314,40.305314,76.305314,231.555
6041,613.35305,42.749543,42.749543,78.749543,267.595
6042,652.268732,45.40642,45.40642,81.40642,283.425
6043,627.45215,47.506092,47.506092,83.506092,254.99
6044,633.973161,48.308891,48.308891,84.308891,251.985
6045,602.630798,47.505979,47.505979,83.505979,252.15
6046,616.206071,45.405461,45.405461,81.405461,242.905
6047,586.015629,42.74315,42.74315,78.74315,245.17
6048,585.90806,40.271377,40.271377,76.271377,249.845
6049,601.756581,38.440766,38.440766,74.440766,243.415
6050,570.556962,37.423711,37.423711,73.423711,245.302
6051,552.094948,36.732614,36.732614,72.732614,243.384667
6052,539.209955,36.780568,36.780568,72.780568,240.845
6053,569.208747,37.9382,37.9382,73.9382,245.768333
6054,558.24593,40.332204,40.332204,76.332204,244.1
6055,547.450706,43.563786,43.563786,79.563786,249.401667
6056,576.714567,46.603037,46.603037,82.603037,266.525
6057,539.40679,48.237858,48.237858,84.237858,260.095
6058,570.245417,47.926672,47.926672,83.926672,251.126667
6059,597.339676,46.222711,46.222711,82.222711,272.226667
6060,631.747559,44.27729,44.27729,80.27729,266.628333
6061,555.069828,43.006773,43.006773,79.006773,247.211667
6062,560.066109,42.76279,42.76279,78.76279,256.548333
6063,558.752015,43.551738,43.551738,79.551738,245.935
6064,566.130855,45.279605,45.279605,81.279605,252.831667
6065,648.584956,47.723834,47.723834,83.723834,262.556667
6066,623.871177,50.380711,50.380711,86.380711,272.211667
6067,550.999255,52.480383,52.480383,88.480383,266.266667
6068,546.741487,53.283182,53.283182,89.283182,267.895
6069,540.393972,52.48027,52.48027,88.48027,259.535
6070,542.058508,50.379752,50.379752,86.379752,263.33
6071,529.200209,47.717441,47.717441,83.717441,254.43
6072,560.262353,45.245668,45.245668,81.245668,254.395
6073,539.626227,38.41616,38.41616,74.41616,259.28
6074,542.411601,37.399106,37.399106,73.399106,249.085
6075,538.852257,36.708008,36.708008,72.708008,241.62
6076,531.497373,36.755962,36.755962,72.755962,235.345
6077,543.822606,37.913594,37.913594,73.913594,248.585
6078,542.510014,40.307599,40.307599,76.307599,244.27
6079,537.959412,43.539181,43.539181,79.539181,239.485
6080,548.817769,46.578431,46.578431,82.578431,251.295
6081,539.777143,48.213252,48.213252,84.213252,235.45
6082,548.324935,47.902066,47.902066,83.902066,248.97
6083,596.40061,46.198105,46.198105,82.198105,257.97
6084,669.893251,44.252684,44.252684,80.252684,267.345
6085,615.439234,42.982167,42.982167,78.982167,242.925
6086,602.373184,42.738185,42.738185,78.738185,245.02
6087,591.279491,43.527133,43.527133,79.527133,244.48
6088,565.145977,45.255,45.255,81.255,247.42
6089,571.16903,47.699228,47.699228,83.699228,271.37
6090,617.399764,50.356105,50.356105,86.356105,265.35
6091,553.814747,52.455778,52.455778,88.455778,241.1275
6092,563.432159,53.258577,53.258577,89.258577,239.1475
6093,568.874258,52.455665,52.455665,88.455665,235.971667
6094,534.541001,50.355146,50.355146,86.355146,236.833333
6095,548.460327,47.692836,47.692836,83.692836,229.493333
6096,539.689064,45.221063,45.221063,81.221063,245.1
6097,555.593323,38.392665,38.392665,74.392665,235.566667
6098,564.888349,37.37561,37.37561,73.37561,237.013333
6099,578.312348,36.684513,36.684513,72.684513,235.153333
6100,558.824539,36.732467,36.732467,72.732467,230.936667
6101,535.114077,37.890099,37.890099,73.890099,237.723333
6102,530.11276,40.284103,40.284103,76.284103,237.063333
6103,539.088417,43.515686,43.515686,79.515686,234.67
6104,548.225325,46.554936,46.554936,82.554936,240.126667
6105,535.183946,48.189757,48.189757,84.189757,235.646667
6106,538.419592,47.878571,47.878571,83.878571,239.896667
6107,600.293095,46.17461,46.17461,82.17461,257.686667
6108,693.960549,44.229189,44.229189,80.229189,276.07
6109,586.169447,42.958672,42.958672,78.958672,263.123333
6110,552.882577,42.714689,42.714689,78.714689,259.46
6111,555.104631,43.503638,43.503638,79.503638,256.11
6112,569.275768,45.231504,45.231504,81.231504,247.04
6113,674.613481,47.675733,47.675733,83.675733,249.31
6114,707.991248,50.33261,50.33261,86.33261,263.65
6115,604.098344,52.432282,52.432282,88.432282,242.38
6116,586.724629,53.235081,53.235081,89.235081,246.37
6117,552.431589,52.43217,52.43217,88.43217,248.46
6118,580.504684,50.331651,50.331651,86.331651,232.75
6119,598.407195,47.669341,47.669341,83.669341,239.96
6120,590.960624,45.197568,45.197568,81.197568,235.6
6121,589.955524,38.370287,38.370287,74.370287,243.15
6122,578.341328,37.353233,37.353233,73.353233,246.94
6123,581.461648,36.662136,36.662136,72.662136,251.85
6124,565.784221,36.710089,36.710089,72.710089,244.51
6125,570.606709,37.867721,37.867721,73.867721,233.08
6126,545.901033,40.261726,40.261726,76.261726,230.075
6127,531.372581,43.493308,43.493308,79.493308,235.28
6128,569.114987,46.532558,46.532558,82.532558,239.85
6129,559.609776,48.167379,48.167379,84.167379,233.12
6130,545.372296,47.856193,47.856193,83.856193,234.92
6131,565.974727,46.152232,46.152232,82.152232,258.85
6132,564.96557,44.206811,44.206811,80.206811,280.95
6133,534.587089,42.936294,42.936294,78.936294,254.48
6134,532.269261,42.692312,42.692312,78.692312,241.97
6135,521.333314,43.48126,43.48126,79.48126,242.94
6136,538.179861,45.209127,45.209127,81.209127,248.61
6137,586.046379,47.653355,47.653355,83.653355,277.06
6138,626.599914,50.310232,50.310232,86.310232,283.62
6139,572.568774,52.409905,52.409905,88.409905,259.96
6140,549.84197,53.212704,53.212704,89.212704,254.66
6141,577.331059,52.409792,52.409792,88.409792,241.77
6142,568.155251,50.309273,50.309273,86.309273,252.6
6143,541.778674,47.646963,47.646963,83.646963,258.29
6144,529.915155,45.17519,45.17519,81.17519,256.01
6145,533.294372,38.349034,38.349034,74.349034,255.693333
6146,583.427224,37.331979,37.331979,73.331979,251.86
6147,582.196516,36.640882,36.640882,72.640882,252.923333
6148,531.879104,36.688835,36.688835,72.688835,247.286667
6149,537.157986,37.846467,37.846467,73.846467,249.103333
6150,550.717994,40.240472,40.240472,76.240472,238.743333
6151,578.080753,43.472054,43.472054,79.472054,230.86
6152,589.203704,46.511304,46.511304,82.511304,248.55
6153,548.674593,48.146125,48.146125,84.146125,244.833333
6154,545.440744,47.83494,47.83494,83.83494,238.486667
6155,545.256082,46.130978,46.130978,82.130978,247.36
6156,559.163731,44.185558,44.185558,80.185558,246.97
6157,544.198429,42.915041,42.915041,78.915041,232.776667
6158,531.080819,42.671058,42.671058,78.671058,231.406667
6159,529.257211,43.460006,43.460006,79.460006,223.921667
6160,530.311187,45.187873,45.187873,81.187873,234.79
6161,524.738395,47.632102,47.632102,83.632102,254.44
6162,587.623833,50.288979,50.288979,86.288979,266.05
6163,542.228284,52.388651,52.388651,88.388651,249.82
6164,559.163731,53.19145,53.19145,89.19145,240.6
6165,564.451861,52.388538,52.388538,88.388538,251.51
6166,538.16146,50.288019,50.288019,86.288019,248.19
6167,543.896269,47.625709,47.625709,83.625709,236.69
6168,538.734517,45.153936,45.153936,81.153936,229.95
6169,529.327263,33.328911,33.328911,69.328911,232.02
6170,523.935307,32.311856,32.311856,68.311856,253.58
6171,533.142679,31.620759,31.620759,67.620759,253.17
6172,533.013803,31.668712,31.668712,67.668712,231.17
6173,559.666699,32.826344,32.826344,68.826344,234.23
6174,556.988841,35.220349,35.220349,71.220349,241
6175,561.988457,38.451931,38.451931,74.451931,251.77
6176,600.19149,41.491181,41.491181,77.491181,255.455
6177,551.886174,43.126002,43.126002,79.126002,240.06
6178,575.93057,42.814817,42.814817,78.814817,238.52
6179,614.000869,41.110855,41.110855,77.110855,238.43
6180,580.131736,39.165434,39.165434,75.165434,244.65
6181,518.029638,37.894917,37.894917,73.894917,237.91
6182,522.243563,37.650935,37.650935,73.650935,230.68
6183,537.715415,38.439883,38.439883,74.439883,229.53
6184,526.663246,40.16775,40.16775,76.16775,230.2
6185,595.00823,42.611978,42.611978,78.611978,226.47
6186,642.061908,45.268855,45.268855,81.268855,254.95
6187,564.042747,47.368528,47.368528,83.368528,236.92
6188,581.332981,48.171327,48.171327,84.171327,244.65
6189,538.678824,47.368415,47.368415,83.368415,246.77
6190,557.194514,45.267896,45.267896,81.267896,234.78
6191,557.004646,42.605586,42.605586,78.605586,237.76
6192,535.657859,40.133813,40.133813,76.133813,235.09
6193,518.248138,33.309924,33.309924,69.309924,229.575
6194,525.945757,32.292869,32.292869,68.292869,225.89
6195,522.143409,31.601772,31.601772,67.601772,231.93
6196,522.169509,31.649725,31.649725,67.649725,231.853333
6197,521.625493,32.807357,32.807357,68.807357,244.856667
6198,526.790571,35.201362,35.201362,71.201362,243.743333
6199,523.635057,38.432944,38.432944,74.432944,245.796667
6200,548.653139,41.472194,41.472194,77.472194,258.82
6201,554.780349,43.107015,43.107015,79.107015,241.526667
6202,552.22944,42.79583,42.79583,78.79583,251.02
6203,580.534174,41.091868,41.091868,77.091868,262.733333
6204,600.700162,39.146447,39.146447,75.146447,252.473333
6205,530.758657,37.87593,37.87593,73.87593,221.19
6206,529.506767,37.631948,37.631948,73.631948,224.626667
6207,512.841732,38.420896,38.420896,74.420896,234.536667
6208,523.526469,40.148763,40.148763,76.148763,227.813333
6209,559.943661,42.592992,42.592992,78.592992,257.263333
6210,576.671672,45.249869,45.249869,81.249869,269.846667
6211,536.546085,47.349541,47.349541,83.349541,246.61
6212,533.90553,48.15234,48.15234,84.15234,252.88
6213,534.852849,47.349428,47.349428,83.349428,235.06
6214,531.03236,45.248909,45.248909,81.248909,243.83
6215,525.730048,42.586599,42.586599,78.586599,243.75
6216,521.741349,40.114826,40.114826,76.114826,233.39
6217,519.81241,38.292079,38.292079,74.292079,221.38
6218,524.752388,37.275024,37.275024,73.275024,227.32
6219,533.376017,36.583927,36.583927,72.583927,224.55
6220,532.96346,36.63188,36.63188,72.63188,224.57
6221,568.456475,37.789512,37.789512,73.789512,224.15
6222,572.05445,40.183517,40.183517,76.183517,227.9
6223,549.068965,43.415099,43.415099,79.415099,225.67
6224,558.647359,46.454349,46.454349,82.454349,240.05
6225,543.916372,48.08917,48.08917,84.08917,242.8
6226,549.025845,47.777985,47.777985,83.777985,241.68
6227,555.990929,46.074023,46.074023,82.074023,252.61
6228,606.017107,44.128602,44.128602,80.128602,258.97
6229,531.199477,42.858085,42.858085,78.858085,230.48
6230,529.402622,42.614103,42.614103,78.614103,229.69
6231,523.445234,43.403051,43.403051,79.403051,216.17
6232,524.081747,45.130918,45.130918,81.130918,225.59
6233,542.806118,47.575147,47.575147,83.575147,244.97
6234,589.19846,50.232024,50.232024,86.232024,251.28
6235,544.996992,52.331696,52.331696,88.331696,233.89
6236,538.539812,53.134495,53.134495,89.134495,232.38
6237,523.229477,52.331583,52.331583,88.331583,232.93
6238,523.323716,50.231064,50.231064,86.231064,230.65
6239,529.569365,47.568754,47.568754,83.568754,227.17
6240,546.288004,45.096981,45.096981,81.096981,224.24
6241,547.842331,38.275381,38.275381,74.275381,222.7
6242,547.376844,37.258326,37.258326,73.258326,226.48
6243,528.608485,36.567229,36.567229,72.567229,232.068333
6244,545.956189,36.615183,36.615183,72.615183,231.823333
6245,528.869958,37.772814,37.772814,73.772814,248.303333
6246,532.773713,40.166819,40.166819,76.166819,249.633333
6247,535.746061,43.398401,43.398401,79.398401,240.243333
6248,534.662065,46.437652,46.437652,82.437652,244.436667
6249,562.021792,48.072473,48.072473,84.072473,237.77
6250,540.677494,47.761287,47.761287,83.761287,240.223333
6251,536.653602,46.057326,46.057326,82.057326,243.32
6252,544.279227,44.111905,44.111905,80.111905,260.51
6253,538.88328,42.841388,42.841388,78.841388,230.753333
6254,551.960674,42.597405,42.597405,78.597405,229.623333
6255,534.644753,43.386353,43.386353,79.386353,225.53
6256,528.135544,45.11422,45.11422,81.11422,225.996667
6257,531.747897,47.558449,47.558449,83.558449,237.213333
6258,587.344142,50.215326,50.215326,86.215326,255.453333
6259,556.578901,52.314998,52.314998,88.314998,238.303333
6260,566.993732,53.117797,53.117797,89.117797,234.985
6261,541.525891,52.314885,52.314885,88.314885,225.37
6262,530.598371,50.214367,50.214367,86.214367,225.44
6263,546.537856,47.552056,47.552056,83.552056,229.73
6264,536.671541,45.080283,45.080283,81.080283,238.93
6265,532.374177,38.259836,38.259836,74.259836,239.67
6266,590.134867,37.242781,37.242781,73.242781,239.45
6267,583.125985,36.551684,36.551684,72.551684,229.11
6268,563.55906,36.599637,36.599637,72.599637,238.77
6269,529.726227,37.757269,37.757269,73.757269,229.28
6270,532.205862,40.151274,40.151274,76.151274,231.71
6271,563.389894,43.382856,43.382856,79.382856,233.44
6272,587.644574,46.422106,46.422106,82.422106,232.82
6273,550.666628,48.056927,48.056927,84.056927,245.81
6274,542.306787,47.745742,47.745742,83.745742,236.12
6275,551.373952,46.04178,46.04178,82.04178,233.95
6276,570.733439,44.096359,44.096359,80.096359,237.95
6277,543.262668,42.825842,42.825842,78.825842,235.17
6278,539.966298,42.58186,42.58186,78.58186,241.56
6279,543.262668,43.370808,43.370808,79.370808,232.81
6280,533.90553,45.098675,45.098675,81.098675,228.8
6281,584.882769,47.542904,47.542904,83.542904,231.09
6282,646.782352,50.199781,50.199781,86.199781,254.86
6283,580.859013,52.299453,52.299453,88.299453,243.57
6284,578.873826,53.102252,53.102252,89.102252,247.75
6285,581.669768,52.29934,52.29934,88.29934,236.56
6286,562.535763,50.198821,50.198821,86.198821,230.38
6287,587.872921,47.536511,47.536511,83.536511,239.05
6288,591.088086,45.064738,45.064738,81.064738,233.96
6289,590.578914,38.245447,38.245447,74.245447,231.47
6290,587.997633,37.228392,37.228392,73.228392,255.75
6291,595.686375,36.537295,36.537295,72.537295,253.48
6292,566.888764,36.585249,36.585249,72.585249,246.42
6293,584.153008,37.74288,37.74288,73.74288,229.83
6294,567.837222,40.136885,40.136885,76.136885,231.368333
6295,569.061445,43.368467,43.368467,79.368467,246.353333
6296,567.282929,46.407718,46.407718,82.407718,254.956667
6297,541.487087,48.042539,48.042539,84.042539,240.976667
6298,537.484537,47.731353,47.731353,83.731353,236.96
6299,619.431635,46.027392,46.027392,82.027392,241.296667
6300,686.097512,44.081971,44.081971,80.081971,249.15
6301,573.205677,42.811454,42.811454,78.811454,237.443333
6302,524.36246,42.567471,42.567471,78.567471,235.746667
6303,526.039584,43.356419,43.356419,79.356419,237.443333
6304,530.168237,45.084286,45.084286,81.084286,232.38
6305,542.346074,47.528515,47.528515,83.528515,254.06
6306,578.660554,50.185392,50.185392,86.185392,270.953333
6307,583.156078,52.285064,52.285064,88.285064,252.72
6308,578.196497,53.087863,53.087863,89.087863,252.043333
6309,608.277797,52.284951,52.284951,88.284951,252.993333
6310,627.938881,50.184433,50.184433,86.184433,246.015
6311,586.415916,47.522122,47.522122,83.522122,255.03
6312,627.268285,45.050349,45.050349,81.050349,256.05
6313,577.994017,38.23222,38.23222,74.23222,255.89
6314,615.908851,37.215165,37.215165,73.215165,255.07
6315,604.445564,36.524068,36.524068,72.524068,257.47
6316,588.341166,36.572021,36.572021,72.572021,247.71
6317,589.062199,37.729653,37.729653,73.729653,253.82
6318,589.944983,40.123658,40.123658,76.123658,248.07
6319,577.015255,43.35524,43.35524,79.35524,248.53
6320,651.857419,46.39449,46.39449,82.39449,247.86
6321,590.93939,48.029311,48.029311,84.029311,236.54
6322,555.523343,47.718126,47.718126,83.718126,234.41
6323,552.012865,46.014164,46.014164,82.014164,264.19
6324,559.147551,44.068743,44.068743,80.068743,279.4
6325,520.884025,42.798226,42.798226,78.798226,250.05
6326,525.940951,42.554244,42.554244,78.554244,226.2
6327,547.390908,43.343192,43.343192,79.343192,227.385
6328,565.706387,45.071059,45.071059,81.071059,230.11
6329,561.249651,47.515288,47.515288,83.515288,236.98
6330,547.976867,50.172165,50.172165,86.172165,251.97
6331,587.43731,52.271837,52.271837,88.271837,253.49
6332,580.435902,53.074636,53.074636,89.074636,251.81
6333,583.497611,52.271724,52.271724,88.271724,261.15
6334,551.211308,50.171205,50.171205,86.171205,266.39
6335,569.034685,47.508895,47.508895,83.508895,254.56
6336,571.898775,45.037122,45.037122,81.037122,266.22
6337,560.684828,33.220157,33.220157,69.220157,251.74
6338,588.779615,32.203102,32.203102,68.203102,263.25
6339,588.905138,31.512005,31.512005,67.512005,260.06
6340,610.821117,31.559959,31.559959,67.559959,255.18
6341,583.668711,32.717591,32.717591,68.717591,255.41
6342,569.329414,35.111595,35.111595,71.111595,255.69
6343,569.598038,38.343178,38.343178,74.343178,251.4
6344,678.146562,41.382428,41.382428,77.382428,272.118333
6345,672.839787,43.017249,43.017249,79.017249,256.003333
6346,600.19149,42.706063,42.706063,78.706063,243.12
6347,608.990452,41.002102,41.002102,77.002102,241.583333
6348,619.015948,39.056681,39.056681,75.056681,244.643333
6349,558.800358,37.786164,37.786164,73.786164,223.566667
6350,571.414793,37.542181,37.542181,73.542181,227.316667
6351,560.77942,38.33113,38.33113,74.33113,239.456667
6352,555.220739,40.058996,40.058996,76.058996,247.256667
6353,605.77167,42.503225,42.503225,78.503225,245.5
6354,689.623108,45.160102,45.160102,81.160102,239.733333
6355,634.523049,47.259774,47.259774,83.259774,254.89
6356,604.480326,48.062573,48.062573,84.062573,252.576667
6357,633.871486,47.259661,47.259661,83.259661,253.603333
6358,605.841758,45.159143,45.159143,81.159143,241.223333
6359,607.568093,42.496833,42.496833,78.496833,248.52
6360,616.466533,40.02506,40.02506,76.02506,249.576667
6361,581.927905,33.209263,33.209263,69.209263,245.271667
6362,574.940102,32.192209,32.192209,68.192209,255.32
6363,573.400215,31.501111,31.501111,67.501111,255.36
6364,567.599316,31.549065,31.549065,67.549065,261.86
6365,569.678753,32.706697,32.706697,68.706697,253.66
6366,563.229451,35.100702,35.100702,71.100702,248.63
6367,563.813343,38.332284,38.332284,74.332284,248.73
6368,592.401083,41.371534,41.371534,77.371534,277.79
6369,554.411221,43.006355,43.006355,79.006355,276.69
6370,542.081338,42.695169,42.695169,78.695169,258.82
6371,569.088213,40.991208,40.991208,76.991208,261.35
6372,599.055723,39.045787,39.045787,75.045787,264.08
6373,563.703076,37.77527,37.77527,73.77527,244.5
6374,552.266838,37.531288,37.531288,73.531288,249.4
6375,537.514865,38.320236,38.320236,74.320236,245.31
6376,575.505077,40.048103,40.048103,76.048103,242.99
6377,568.731855,42.492331,42.492331,78.492331,260.44
6378,606.380074,45.149208,45.149208,81.149208,280.1
6379,584.102477,47.248881,47.248881,83.248881,268.03
6380,592.647923,48.05168,48.05168,84.05168,260.07
6381,557.973954,47.248768,47.248768,83.248768,267.87
6382,556.38248,45.148249,45.148249,81.148249,260.46
6383,542.470632,42.485939,42.485939,78.485939,260.95
6384,572.734584,40.014166,40.014166,76.014166,263.4
6385,598.317953,38.199542,38.199542,74.199542,253.08
6386,574.855587,37.182487,37.182487,73.182487,250.67
6387,540.413046,36.49139,36.49139,72.49139,250.12
6388,546.080443,36.539343,36.539343,72.539343,247.98
6389,528.211488,37.696975,37.696975,73.696975,248.76
6390,525.061509,40.09098,40.09098,76.09098,246.29
6391,542.208672,43.322562,43.322562,79.322562,246.52
6392,560.041606,46.361812,46.361812,82.361812,256.46
6393,548.545962,47.996633,47.996633,83.996633,242.64
6394,544.441101,47.685448,47.685448,83.685448,236.845
6395,545.708317,45.981486,45.981486,81.981486,248.54
6396,568.634059,44.036065,44.036065,80.036065,258.483333
6397,533.092212,42.765548,42.765548,78.765548,246.476667
6398,541.700791,42.521566,42.521566,78.521566,241.696667
6399,536.082485,43.310514,43.310514,79.310514,234.426667
6400,529.789119,45.038381,45.038381,81.038381,250.87
6401,553.769037,47.482609,47.482609,83.482609,248.406667
6402,600.326977,50.139486,50.139486,86.139486,260.613333
6403,564.195972,52.239159,52.239159,88.239159,253.803333
6404,556.061281,53.041958,53.041958,89.041958,256.536667
6405,546.101173,52.239046,52.239046,88.239046,244.156667
6406,565.481858,50.138527,50.138527,86.138527,243.486667
6407,558.558895,47.476217,47.476217,83.476217,237.043333
6408,573.874024,45.004444,45.004444,81.004444,249.88
6409,557.337177,38.190994,38.190994,74.190994,258.263333
6410,564.017232,37.17394,37.17394,73.17394,250.64
6411,620.874698,36.482842,36.482842,72.482842,235.981667
6412,630.28355,36.530796,36.530796,72.530796,238.83
6413,545.976884,37.688428,37.688428,73.688428,228.85
6414,551.336958,40.082433,40.082433,76.082433,226.7
6415,548.481727,43.314015,43.314015,79.314015,236.91
6416,533.395744,46.353265,46.353265,82.353265,245.01
6417,563.406798,47.988086,47.988086,83.988086,240
6418,610.244716,47.6769,47.6769,83.6769,238.03
6419,586.354257,45.972939,45.972939,81.972939,238.65
6420,578.341328,44.027518,44.027518,80.027518,248.37
6421,548.28223,42.757001,42.757001,78.757001,231.9
6422,530.025713,42.513019,42.513019,78.513019,236.65
6423,541.023228,43.301967,43.301967,79.301967,233.63
6424,560.664274,45.029834,45.029834,81.029834,229.87
6425,606.274615,47.474062,47.474062,83.474062,242.36
6426,610.088936,50.130939,50.130939,86.130939,258.86
6427,567.960789,52.230612,52.230612,88.230612,246.67
6428,557.028358,53.033411,53.033411,89.033411,243.35
6429,556.594634,52.230499,52.230499,88.230499,238.84
6430,528.70572,50.12998,50.12998,86.12998,247.17
6431,545.358614,47.46767,47.46767,83.46767,244.4
6432,542.44439,44.995897,44.995897,80.995897,250.29
6433,554.549459,38.183625,38.183625,74.183625,243.89
6434,539.764552,37.16657,37.16657,73.16657,246.6
6435,558.510678,36.475473,36.475473,72.475473,264.57
6436,589.219436,36.523426,36.523426,72.523426,266.98
6437,554.591742,37.681058,37.681058,73.681058,238.78
6438,535.799048,40.075063,40.075063,76.075063,241.28
6439,566.469932,43.306645,43.306645,79.306645,239.97
6440,644.708719,46.345895,46.345895,82.345895,232.08
6441,571.68849,47.980716,47.980716,83.980716,246.36
6442,547.609228,47.669531,47.669531,83.669531,261.7
6443,552.117348,45.965569,45.965569,81.965569,254.54
6444,571.278192,44.020148,44.020148,80.020148,251.86
6445,537.904426,42.749631,42.749631,78.749631,239.876667
6446,521.001562,42.505649,42.505649,78.505649,230.02
6447,519.995333,43.294597,43.294597,79.294597,236.3
6448,537.703241,45.022464,45.022464,81.022464,245.263333
6449,590.992479,47.466692,47.466692,83.466692,260.583333
6450,570.326606,50.123569,50.123569,86.123569,261.656667
6451,547.334669,52.223242,52.223242,88.223242,248.116667
6452,533.412658,53.026041,53.026041,89.026041,243.76
6453,530.215839,52.223129,52.223129,88.223129,243.576667
6454,547.461264,50.12261,50.12261,86.12261,229.173333
6455,549.256097,47.4603,47.4603,83.4603,238.48
6456,531.99419,44.988527,44.988527,80.988527,237.03
6457,548.140048,38.177434,38.177434,74.177434,242.7
6458,530.295283,37.160379,37.160379,73.160379,235.64
6459,530.343012,36.469282,36.469282,72.469282,244.38
6460,550.916429,36.517236,36.517236,72.517236,255.46
6461,553.207287,37.674868,37.674868,73.674868,242.718333
6462,538.964009,40.068872,40.068872,76.068872,233.47
6463,559.951819,43.300455,43.300455,79.300455,247.55
6464,582.835441,46.339705,46.339705,82.339705,270.47
6465,540.359015,47.974526,47.974526,83.974526,249.5
6466,547.096129,47.66334,47.66334,83.66334,239.56
6467,625.699184,45.959379,45.959379,81.959379,241.63
6468,636.476033,44.013958,44.013958,80.013958,249.35
6469,549.378696,42.743441,42.743441,78.743441,234.64
6470,523.341693,42.499458,42.499458,78.499458,223.66
6471,518.819338,43.288407,43.288407,79.288407,222.85
6472,532.706909,45.016273,45.016273,81.016273,234.53
6473,538.815051,47.460502,47.460502,83.460502,256.02
6474,592.99204,50.117379,50.117379,86.117379,249
6475,532.935514,52.217051,52.217051,88.217051,239.43
6476,557.99792,53.01985,53.01985,89.01985,232.09
6477,552.566629,52.216938,52.216938,88.216938,230.14
6478,534.145101,50.11642,50.11642,86.11642,239.49
6479,530.089004,47.45411,47.45411,83.45411,240.33
6480,541.04249,44.982337,44.982337,80.982337,231.24
6481,543.916372,38.172425,38.172425,74.172425,239.81
6482,529.024468,37.15537,37.15537,73.15537,230.19
6483,529.257211,36.464273,36.464273,72.464273,230.22
6484,529.381822,36.512227,36.512227,72.512227,241.09
6485,530.358932,37.669859,37.669859,73.669859,242.113333
6486,534.766047,40.063863,40.063863,76.063863,235.213333
6487,546.204909,43.295446,43.295446,79.295446,244.973333
6488,571.825588,46.334696,46.334696,82.334696,253.383333
6489,554.250223,47.969517,47.969517,83.969517,235.953333
6490,543.695556,47.658331,47.658331,83.658331,239.316667
6491,551.89362,45.95437,45.95437,81.95437,265.82
6492,591.919341,44.008949,44.008949,80.008949,268.506667
6493,527.130331,42.738432,42.738432,78.738432,240.386667
6494,534.766047,42.494449,42.494449,78.494449,225.453333
6495,521.625493,43.283398,43.283398,79.283398,221.87
6496,517.778712,45.011264,45.011264,81.011264,231.67
6497,549.515945,47.455493,47.455493,83.455493,235.133333
6498,563.508281,50.11237,50.11237,86.11237,256.643333
6499,527.071048,52.212042,52.212042,88.212042,231.806667
6500,562.900923,53.014841,53.014841,89.014841,244.166667
6501,604.758686,52.211929,52.211929,88.211929,241.83
6502,573.400215,50.111411,50.111411,86.111411,232.52
6503,533.956777,47.449101,47.449101,83.449101,230.06
6504,539.181887,44.977327,44.977327,80.977327,236.31
6505,548.417546,33.168599,33.168599,69.168599,237.77
6506,547.969781,32.151544,32.151544,68.151544,229.38
6507,537.666734,31.460447,31.460447,67.460447,229.53
6508,530.343012,31.508401,31.508401,67.508401,229.61
6509,535.517023,32.666032,32.666032,68.666032,230.23
6510,522.680128,35.060037,35.060037,71.060037,232.88
6511,526.697489,38.291619,38.291619,74.291619,238.89
6512,550.191223,41.33087,41.33087,77.33087,249.55
6513,532.907581,42.96569,42.96569,78.96569,242.57
6514,554.434246,42.654505,42.654505,78.654505,237.66
6515,584.618784,40.950544,40.950544,76.950544,241.53
6516,629.260245,39.005123,39.005123,75.005123,256.31
6517,527.984043,37.734606,37.734606,73.734606,228.13
6518,529.930933,37.490623,37.490623,73.490623,232.88
6519,532.181075,38.279571,38.279571,74.279571,224.15
6520,540.378079,40.007438,40.007438,76.007438,220.97
6521,556.578901,42.451667,42.451667,78.451667,240.45
6522,641.373453,45.108544,45.108544,81.108544,246.4
6523,559.626036,47.208216,47.208216,83.208216,228.09
6524,558.800358,48.011015,48.011015,84.011015,246.16
6525,556.830952,47.208103,47.208103,83.208103,260.15
6526,546.510053,45.107585,45.107585,81.107585,250.12
6527,552.173375,42.445274,42.445274,78.445274,232.41
6528,552.341684,39.973501,39.973501,75.973501,235.33
6529,584.335075,33.165957,33.165957,69.165957,239.94
6530,613.658334,32.148902,32.148902,68.148902,239.73
6531,566.731507,31.457805,31.457805,67.457805,234.51
6532,537.758043,31.505758,31.505758,67.505758,230.22
6533,544.21862,32.66339,32.66339,68.66339,233.31
6534,533.837276,35.057395,35.057395,71.057395,224.958333
6535,544.097564,38.288977,38.288977,74.288977,227.836667
6536,579.126348,41.328227,41.328227,77.328227,240.76
6537,519.81849,42.963048,42.963048,78.963048,231.79
6538,549.342617,42.651863,42.651863,78.651863,242.65
6539,554.043669,40.947901,40.947901,76.947901,253.973333
6540,580.859013,39.00248,39.00248,75.00248,266.723333
6541,528.348513,37.731963,37.731963,73.731963,228.7
6542,522.130367,37.487981,37.487981,73.487981,229.96
6543,519.897642,38.276929,38.276929,74.276929,231.353333
6544,517.864006,40.004796,40.004796,76.004796,235.963333
6545,560.606754,42.449025,42.449025,78.449025,243.57
6546,592.626441,45.105902,45.105902,81.105902,269.683333
6547,559.455449,47.205574,47.205574,83.205574,244.84
6548,527.893391,48.008373,48.008373,84.008373,244.5
6549,541.04249,47.205461,47.205461,83.205461,243.676667
6550,528.808299,45.104942,45.104942,81.104942,239.036667
6551,524.976963,42.442632,42.442632,78.442632,241.655
6552,524.682471,39.970859,39.970859,75.970859,241.73
6553,528.257116,38.164499,38.164499,74.164499,253.88
6554,534.334085,37.147444,37.147444,73.147444,262.64
6555,530.967821,36.456347,36.456347,72.456347,247.65
6556,519.897642,36.504301,36.504301,72.504301,234.56
6557,575.194009,37.661933,37.661933,73.661933,237.92
6558,655.323891,40.055937,40.055937,76.055937,232.34
6559,586.107899,43.28752,43.28752,79.28752,237.86
6560,539.80233,46.32677,46.32677,82.32677,252.13
6561,528.062254,47.961591,47.961591,83.961591,222.705
6562,539.544631,47.650405,47.650405,83.650405,240.37
6563,596.665176,45.946444,45.946444,81.946444,242.48
6564,627.491571,44.001023,44.001023,80.001023,252.72
6565,521.608363,42.730506,42.730506,78.730506,228.94
6566,533.56513,42.486523,42.486523,78.486523,224.54
6567,528.246972,43.275472,43.275472,79.275472,222.77
6568,516.502962,45.003338,45.003338,81.003338,221.045
6569,525.127392,47.447567,47.447567,83.447567,245.24
6570,558.037875,50.104444,50.104444,86.104444,256.53
6571,553.161903,52.204116,52.204116,88.204116,244.77
6572,576.025328,53.006915,53.006915,89.006915,228.64
6573,540.111699,52.204003,52.204003,88.204003,236.31
6574,529.024468,50.103485,50.103485,86.103485,229.24
6575,532.868501,47.441175,47.441175,83.441175,226.64
6576,524.701103,44.969402,44.969402,80.969402,226.43
6577,526.455945,38.164227,38.164227,74.164227,228.88
6578,540.067412,37.147172,37.147172,73.147172,232.63
6579,540.600915,36.456075,36.456075,72.456075,230.61
6580,548.353419,36.504028,36.504028,72.504028,222.77
6581,524.668503,37.66166,37.66166,73.66166,250.76
6582,531.405105,40.055665,40.055665,76.055665,272.9
6583,543.037319,43.287247,43.287247,79.287247,254.46
6584,551.983038,46.326497,46.326497,82.326497,235.66
6585,572.403204,47.961318,47.961318,83.961318,228.751667
6586,553.336009,47.650133,47.650133,83.650133,235.523333
6587,563.635278,45.946171,45.946171,81.946171,257.766667
6588,535.834401,44.000751,44.000751,80.000751,266.276667
6589,525.960178,42.730234,42.730234,78.730234,224.136667
6590,511.893973,42.486251,42.486251,78.486251,232.18
6591,515.101553,43.275199,43.275199,79.275199,228.873333
6592,516.094529,45.003066,45.003066,81.003066,219.82
6593,526.061267,47.447295,47.447295,83.447295,226.746667
6594,564.081032,50.104172,50.104172,86.104172,244.183333
6595,519.16265,52.203844,52.203844,88.203844,242.093333
6596,516.073211,53.006643,53.006643,89.006643,251.053333
6597,528.287561,52.203731,52.203731,88.203731,235.823333
6598,530.025713,50.103212,50.103212,86.103212,229.38
6599,536.869233,47.440902,47.440902,83.440902,231.766667
6600,520.352003,44.969129,44.969129,80.969129,226.443333
6601,526.511937,38.16514,38.16514,74.16514,227.671667
6602,525.472698,37.148085,37.148085,73.148085,235.8
6603,526.220623,36.456988,36.456988,72.456988,236.08
6604,527.308672,36.504941,36.504941,72.504941,239.91
6605,527.249143,37.662573,37.662573,73.662573,226.42
6606,531.551728,40.056578,40.056578,76.056578,230.88
6607,533.548167,43.28816,43.28816,79.28816,237.33
6608,536.869233,46.32741,46.32741,82.32741,241.57
6609,528.196288,47.962231,47.962231,83.962231,249.76
6610,537.429986,47.651046,47.651046,83.651046,242.17
6611,535.432105,45.947084,45.947084,81.947084,246.45
6612,564.682711,44.001664,44.001664,80.001664,233.49
6613,540.907778,42.731147,42.731147,78.731147,227.33
6614,547.124152,42.487164,42.487164,78.487164,215.12
6615,541.889166,43.276112,43.276112,79.276112,218.49
6616,597.361842,45.003979,45.003979,81.003979,219.44
6617,542.569131,47.448208,47.448208,83.448208,227.4
6618,528.211488,50.105085,50.105085,86.105085,246.625
6619,534.638985,52.204757,52.204757,88.204757,222.16
6620,548.63884,53.007556,53.007556,89.007556,219.42
6621,555.795801,52.204644,52.204644,88.204644,228.9
6622,561.963462,50.104125,50.104125,86.104125,230.02
6623,539.525817,47.441815,47.441815,83.441815,234.07
6624,566.400288,44.970042,44.970042,80.970042,223.14
6625,554.265544,38.167238,38.167238,74.167238,227.71
6626,546.683995,37.150183,37.150183,73.150183,226.99
6627,548.385476,36.459086,36.459086,72.459086,227.51
6628,538.790261,36.507039,36.507039,72.507039,228.25
6629,544.259019,37.664671,37.664671,73.664671,228.21
6630,530.438613,40.058676,40.058676,76.058676,230.97
6631,545.564116,43.290258,43.290258,79.290258,232.17
6632,564.991323,46.329508,46.329508,82.329508,234.07
6633,542.405046,47.964329,47.964329,83.964329,228.84
6634,533.548167,47.653144,47.653144,83.653144,234.38
6635,541.274076,45.949182,45.949182,81.949182,233.261667
6636,578.457316,44.003762,44.003762,80.003762,246.86
6637,523.337198,42.733244,42.733244,78.733244,236.24
6638,555.267225,42.489262,42.489262,78.489262,239.33
6639,533.820226,43.27821,43.27821,79.27821,236.746667
6640,536.528186,45.006077,45.006077,81.006077,257.976667
6641,559.821371,47.450306,47.450306,83.450306,237.093333
6642,652.791224,50.107183,50.107183,86.107183,228.85
6643,547.651556,52.206855,52.206855,88.206855,232.806667
6644,539.228675,53.009654,53.009654,89.009654,240.043333
6645,551.960674,52.206742,52.206742,88.206742,243.236667
6646,545.584699,50.106223,50.106223,86.106223,245.786667
6647,526.409746,47.443913,47.443913,83.443913,235.513333
6648,523.148892,44.97214,44.97214,80.97214,247.523333
6649,549.126496,38.17052,38.17052,74.17052,242.576667
6650,539.36925,37.153465,37.153465,73.153465,239.12
6651,530.678448,36.462368,36.462368,72.462368,239.925
6652,546.246445,36.510322,36.510322,72.510322,235.12
6653,525.387277,37.667954,37.667954,73.667954,237.94
6654,530.406725,40.061958,40.061958,76.061958,230.28
6655,555.803597,43.29354,43.29354,79.29354,238.58
6656,566.000732,46.332791,46.332791,82.332791,246.98
6657,522.013204,47.967612,47.967612,83.967612,237.01
6658,522.405278,47.656426,47.656426,83.656426,232.17
6659,520.625243,45.952465,45.952465,81.952465,236.43
6660,659.558213,44.007044,44.007044,80.007044,251.9
6661,592.836012,42.736527,42.736527,78.736527,225.45
6662,545.502404,42.492544,42.492544,78.492544,243.01
6663,536.041063,43.281493,43.281493,79.281493,232.33
6664,535.323947,45.009359,45.009359,81.009359,233.88
6665,577.024812,47.453588,47.453588,83.453588,244.92
6666,580.053362,50.110465,50.110465,86.110465,272.33
6667,536.809256,52.210137,52.210137,88.210137,239.58
6668,528.613597,53.012936,53.012936,89.012936,235.355
6669,536.041063,52.210024,52.210024,88.210024,241.56
6670,521.694101,50.109506,50.109506,86.109506,238.59
6671,519.719325,47.447195,47.447195,83.447195,227.64
6672,525.316232,44.975422,44.975422,80.975422,225.31
6673,530.555717,33.174986,33.174986,69.174986,240.27
6674,537.996098,32.157931,32.157931,68.157931,235.43
6675,516.673237,31.466834,31.466834,67.466834,230.43
6676,523.535506,31.514788,31.514788,67.514788,238.91
6677,514.921283,32.672419,32.672419,68.672419,226.93
6678,521.033116,35.066424,35.066424,71.066424,230.26
6679,512.169018,38.298006,38.298006,74.298006,243.24
6680,565.171775,41.337257,41.337257,77.337257,247.37
6681,527.60755,42.972077,42.972077,78.972077,224.45
6682,518.984585,42.660892,42.660892,78.660892,224.75
6683,527.637551,40.95693,40.95693,76.95693,223.36
6684,621.409116,39.01151,39.01151,75.01151,273.84
6685,540.086389,37.740993,37.740993,73.740993,256.595
6686,536.492402,37.49701,37.49701,73.49701,238.55
6687,522.868239,38.285958,38.285958,74.285958,233.606667
6688,540.734988,40.013825,40.013825,76.013825,233.2
6689,545.297077,42.458054,42.458054,78.458054,251.403333
6690,526.952727,45.114931,45.114931,81.114931,252.446667
6691,549.62447,47.214603,47.214603,83.214603,234.036667
6692,530.582371,48.017402,48.017402,84.017402,229.113333
6693,523.337198,47.21449,47.21449,83.21449,233.606667
6694,522.326513,45.113972,45.113972,81.113972,224.203333
6695,522.874896,42.451661,42.451661,78.451661,222.623333
6696,532.324453,39.979888,39.979888,75.979888,226.88
6697,573.428033,33.180634,33.180634,69.180634,230.353333
6698,578.051834,32.163579,32.163579,68.163579,234.69
6699,553.108987,31.472482,31.472482,67.472482,219.976667
6700,542.464071,31.520435,31.520435,67.520435,225.596667
6701,532.95787,32.678067,32.678067,68.678067,218.313333
6702,534.213746,35.072072,35.072072,71.072072,223.685
6703,523.377675,38.303654,38.303654,74.303654,215.43
6704,546.57958,41.342904,41.342904,77.342904,247.05
6705,519.81241,42.977725,42.977725,78.977725,228.45
6706,519.281944,42.66654,42.66654,78.66654,222.01
6707,537.212286,40.962578,40.962578,76.962578,228.47
6708,572.182815,39.017158,39.017158,75.017158,264.71
6709,524.307075,37.746641,37.746641,73.746641,235.81
6710,518.28279,37.502658,37.502658,73.502658,233.86
6711,514.418472,38.291606,38.291606,74.291606,225.1
6712,529.060595,40.019473,40.019473,76.019473,236.15
6713,575.099907,42.463702,42.463702,78.463702,238.45
6714,597.650275,45.120579,45.120579,81.120579,228.01
6715,547.426076,47.220251,47.220251,83.220251,240.5
6716,559.374326,48.02305,48.02305,84.02305,230.37
6717,537.636329,47.220138,47.220138,83.220138,225.45
6718,528.983214,45.119619,45.119619,81.119619,224.69
6719,514.190825,42.457309,42.457309,78.457309,225.105
6720,525.787459,39.985536,39.985536,75.985536,231.44
6721,520.82123,38.187462,38.187462,74.187462,250.13
6722,518.573176,37.170407,37.170407,73.170407,251.76
6723,524.090917,36.47931,36.47931,72.47931,242.07
6724,515.654093,36.527264,36.527264,72.527264,237.04
6725,526.95765,37.684896,37.684896,73.684896,231.82
6726,583.487554,40.0789,40.0789,76.0789,232.56
6727,563.381444,43.310483,43.310483,79.310483,225.48
6728,591.700409,46.349733,46.349733,82.349733,239.07
6729,516.676872,47.984554,47.984554,83.984554,222.7
6730,520.825412,47.673368,47.673368,83.673368,222.26
6731,533.582099,45.969407,45.969407,81.969407,234.26
6732,568.660722,44.023986,44.023986,80.023986,249.68
6733,522.523754,42.753469,42.753469,78.753469,226.16
6734,514.494864,42.509486,42.509486,78.509486,221.41
6735,524.196544,43.298435,43.298435,79.298435,217.813333
6736,520.093327,45.026301,45.026301,81.026301,229.403333
6737,539.557178,47.47053,47.47053,83.47053,250.726667
6738,568.794132,50.127407,50.127407,86.127407,258.063333
6739,539.764552,52.227079,52.227079,88.227079,239.473333
6740,522.868239,53.029878,53.029878,89.029878,244.736667
6741,528.455379,52.226966,52.226966,88.226966,234.493333
6742,515.070845,50.126448,50.126448,86.126448,229.353333
6743,524.100091,47.464138,47.464138,83.464138,217.583333
6744,523.216034,44.992365,44.992365,80.992365,227.21
6745,520.203932,38.195469,38.195469,74.195469,223.516667
6746,522.234842,37.178414,37.178414,73.178414,221.66
6747,514.816475,36.487317,36.487317,72.487317,226.003333
6748,548.289345,36.535271,36.535271,72.535271,219.023333
6749,522.868239,37.692902,37.692902,73.692902,228.013333
6750,525.033307,40.086907,40.086907,76.086907,253.6
6751,550.213102,43.318489,43.318489,79.318489,246.35
6752,545.687699,46.35774,46.35774,82.35774,256.241667
6753,527.026639,47.992561,47.992561,83.992561,219.98
6754,518.248138,47.681375,47.681375,83.681375,223.52
6755,513.233767,45.977414,45.977414,81.977414,232.19
6756,513.480199,44.031993,44.031993,80.031993,248.38
6757,510.594043,42.761476,42.761476,78.761476,224.84
6758,511.736088,42.517493,42.517493,78.517493,217.89
6759,507.636845,43.306441,43.306441,79.306441,226.08
6760,513.271493,45.034308,45.034308,81.034308,222.93
6761,526.790571,47.478537,47.478537,83.478537,235.53
6762,516.844618,50.135414,50.135414,86.135414,248.43
6763,534.679381,52.235086,52.235086,88.235086,235.64
6764,526.472977,53.037885,53.037885,89.037885,225.1
6765,532.868501,52.234973,52.234973,88.234973,229.01
6766,534.002371,50.134455,50.134455,86.134455,218.46
6767,532.010652,47.472144,47.472144,83.472144,226.01
6768,570.074214,45.000371,45.000371,81.000371,225.36
6769,586.858619,38.204652,38.204652,74.204652,223.02
6770,537.812895,37.187597,37.187597,73.187597,224.62
6771,530.903368,36.4965,36.4965,72.4965,218.21
6772,526.717067,36.544453,36.544453,72.544453,239.88
6773,520.817047,37.702085,37.702085,73.702085,225.1
6774,521.574127,40.09609,40.09609,76.09609,226.68
6775,516.826334,43.327672,43.327672,79.327672,240.77
6776,525.113265,46.366922,46.366922,82.366922,238.64
6777,525.141524,48.001743,48.001743,84.001743,228.06
6778,532.868501,47.690558,47.690558,83.690558,221.38
6779,540.010515,45.986596,45.986596,81.986596,216.59
6780,531.535415,44.041176,44.041176,80.041176,216.85
6781,519.186472,42.770659,42.770659,78.770659,213.59
6782,512.044312,42.526676,42.526676,78.526676,214.94
6783,513.196109,43.315624,43.315624,79.315624,209.6
6784,519.94645,45.043491,45.043491,81.043491,216.63
6785,521.870538,47.48772,47.48772,83.48772,227.9
6786,561.796992,50.144597,50.144597,86.144597,220.133333
6787,527.353373,52.244269,52.244269,88.244269,232.83
6788,534.025182,53.047068,53.047068,89.047068,227.683333
6789,531.58437,52.244156,52.244156,88.244156,231.766667
6790,540.333606,50.143637,50.143637,86.143637,232.436667
6791,538.604645,47.481327,47.481327,83.481327,231.25
6792,535.481869,45.009554,45.009554,81.009554,248.906667
6793,530.919473,38.215008,38.215008,74.215008,254.703333
6794,532.307889,37.197953,37.197953,73.197953,234.59
6795,544.664289,36.506856,36.506856,72.506856,230.57
6796,538.604645,36.55481,36.55481,72.55481,227.85
6797,547.906029,37.712441,37.712441,73.712441,223.513333
6798,525.730048,40.106446,40.106446,76.106446,224.11
6799,525.231143,43.338028,43.338028,79.338028,220.116667
6800,549.385913,46.377279,46.377279,82.377279,226.736667
6801,521.792967,48.0121,48.0121,84.0121,226.756667
6802,522.563333,47.700914,47.700914,83.700914,231.766667
6803,554.942339,45.996953,45.996953,81.996953,235.77
6804,556.815177,44.051532,44.051532,80.051532,230.96
6805,515.327956,42.781015,42.781015,78.781015,222.18
6806,516.405643,42.537032,42.537032,78.537032,215.29
6807,514.806357,43.32598,43.32598,79.32598,216.55
6808,519.654734,45.053847,45.053847,81.053847,222.81
6809,526.805287,47.498076,47.498076,83.498076,224.34
6810,594.246243,50.154953,50.154953,86.154953,245.72
6811,538.382648,52.254625,52.254625,88.254625,228.28
6812,543.722283,53.057424,53.057424,89.057424,232.45
6813,548.595959,52.254512,52.254512,88.254512,230.99
6814,544.83384,50.153994,50.153994,86.153994,235.94
6815,570.092221,47.491683,47.491683,83.491683,235.02
6816,557.543643,45.01991,45.01991,81.01991,233.29
6817,547.524641,38.226535,38.226535,74.226535,230.58
6818,517.98385,37.20948,37.20948,73.20948,231.43
6819,531.432225,36.518383,36.518383,72.518383,238.14
6820,524.077161,36.566336,36.566336,72.566336,235.02
6821,529.53284,37.723968,37.723968,73.723968,239.7
6822,519.913902,40.117973,40.117973,76.117973,227.17
6823,512.672936,43.349555,43.349555,79.349555,226.82
6824,554.204279,46.388805,46.388805,82.388805,240.39
6825,517.417686,48.023626,48.023626,84.023626,224.28
6826,525.58211,47.712441,47.712441,83.712441,224.87
6827,556.108213,46.008479,46.008479,82.008479,242.87
6828,535.722528,44.063058,44.063058,80.063058,243.67
6829,526.380594,42.792541,42.792541,78.792541,218.71
6830,515.882156,42.548559,42.548559,78.548559,219.73
6831,523.256378,43.337507,43.337507,79.337507,218.2
6832,539.088417,45.065374,45.065374,81.065374,222.57
6833,545.194634,47.509602,47.509602,83.509602,227.91
6834,555.990929,50.166479,50.166479,86.166479,257.03
6835,528.257116,52.266152,52.266152,88.266152,234.9
6836,520.888215,53.068951,53.068951,89.068951,237.673333
6837,513.196109,52.266039,52.266039,88.266039,240.023333
6838,511.042006,50.16552,50.16552,86.16552,238.223333
6839,524.487368,47.50321,47.50321,83.50321,248.913333
6840,544.400598,45.031437,45.031437,81.031437,243.976667
6841,541.487087,33.239228,33.239228,69.239228,239.52
6842,512.312535,32.222173,32.222173,68.222173,221.15
6843,516.676872,31.531076,31.531076,67.531076,230.896667
6844,512.34858,31.57903,31.57903,67.57903,225.993333
6845,515.882156,32.736661,32.736661,68.736661,229.706667
6846,519.909837,35.130666,35.130666,71.130666,222.783333
6847,528.501256,38.362248,38.362248,74.362248,215.986667
6848,542.740205,41.401499,41.401499,77.401499,242.55
6849,532.208617,43.036319,43.036319,79.036319,220.65
6850,521.922349,42.725134,42.725134,78.725134,227.066667
6851,552.45408,41.021173,41.021173,77.021173,243.37
6852,585.188012,39.075752,39.075752,75.075752,233.426667
6853,535.799048,37.805235,37.805235,73.805235,227.62
6854,520.700163,37.561252,37.561252,73.561252,219.24
6855,529.055432,38.3502,38.3502,74.3502,225.39
6856,521.948283,40.078067,40.078067,76.078067,235.28
6857,527.368283,42.522296,42.522296,78.522296,238.4
6858,545.894142,45.179173,45.179173,81.179173,243.32
6859,507.438759,47.278845,47.278845,83.278845,228.88
6860,511.450086,48.081644,48.081644,84.081644,223.57
6861,508.807762,47.278732,47.278732,83.278732,216.55
6862,512.516157,45.178214,45.178214,81.178214,214.13
6863,510.285806,42.515903,42.515903,78.515903,226.29
6864,510.51237,40.04413,40.04413,76.04413,238.01
6865,514.086026,33.253084,33.253084,69.253084,236.54
6866,509.05521,32.23603,32.23603,68.23603,215.59
6867,520.858892,31.544932,31.544932,67.544932,219.98
6868,517.85072,31.592886,31.592886,67.592886,215.63
6869,533.752081,32.750518,32.750518,68.750518,219.24
6870,516.423638,35.144523,35.144523,71.144523,222.78
6871,522.370249,38.376105,38.376105,74.376105,229.04
6872,518.479938,41.415355,41.415355,77.415355,237.18
6873,507.278344,43.050176,43.050176,79.050176,231.37
6874,509.402872,42.73899,42.73899,78.73899,224.38
6875,515.104967,41.035029,41.035029,77.035029,241.78
6876,575.099907,39.089608,39.089608,75.089608,254.16
6877,543.355676,37.819091,37.819091,73.819091,233.47
6878,519.337775,37.575109,37.575109,73.575109,223.42
6879,530.769362,38.364057,38.364057,74.364057,229.4
6880,542.938137,40.091924,40.091924,76.091924,224.4
6881,643.091481,42.536152,42.536152,78.536152,228.29
6882,548.054867,45.193029,45.193029,81.193029,238.74
6883,536.456641,47.292702,47.292702,83.292702,209.3
6884,513.623681,48.095501,48.095501,84.095501,214.61
6885,518.167445,47.292589,47.292589,83.292589,211.28
6886,516.502962,45.19207,45.19207,81.19207,215.815
6887,518.479938,42.52976,42.52976,78.52976,213.21
6888,518.996424,40.057987,40.057987,76.057987,213.49
6889,523.458761,38.2681,38.2681,74.2681,217.476667
6890,533.008207,37.251045,37.251045,73.251045,211.616667
6891,521.280267,36.559948,36.559948,72.559948,223.546667
6892,529.428637,36.607902,36.607902,72.607902,221.033333
6893,525.047405,37.765533,37.765533,73.765533,232.29
6894,530.327097,40.159538,40.159538,76.159538,219.746667
6895,535.131536,43.39112,43.39112,79.39112,224.723333
6896,528.150722,46.430371,46.430371,82.430371,221.58
6897,503.432868,48.065192,48.065192,84.065192,209.053333
6898,510.109973,47.754006,47.754006,83.754006,212.08
6899,509.764033,46.050045,46.050045,82.050045,218.493333
6900,507.250391,44.104624,44.104624,80.104624,250.726667
6901,505.93601,42.834107,42.834107,78.834107,237.49
6902,507.24395,42.590124,42.590124,78.590124,222.306667
6903,508.540791,43.379072,43.379072,79.379072,230.486667
6904,510.479813,45.106939,45.106939,81.106939,237.28
6905,517.283505,47.551168,47.551168,83.551168,270.09
6906,518.784047,50.208045,50.208045,86.208045,239.77
6907,526.322352,52.307717,52.307717,88.307717,233.84
6908,520.426295,53.110516,53.110516,89.110516,217
6909,513.252622,52.307604,52.307604,88.307604,221.31
6910,515.286634,50.207086,50.207086,86.207086,219.82
6911,546.683995,47.544775,47.544775,83.544775,221.58
6912,558.631268,45.073002,45.073002,81.073002,222.02
6913,552.980612,38.28427,38.28427,74.28427,225.54
6914,531.323834,37.267215,37.267215,73.267215,231.85
6915,519.52997,36.576118,36.576118,72.576118,223.88
6916,527.74773,36.624072,36.624072,72.624072,229.64
6917,521.853285,37.781704,37.781704,73.781704,226.69
6918,524.981655,40.175708,40.175708,76.175708,230.21
6919,515.68205,43.40729,43.40729,79.40729,233.09
6920,524.311687,46.446541,46.446541,82.446541,228.81
6921,512.949884,48.081362,48.081362,84.081362,201.655
6922,511.902783,47.770176,47.770176,83.770176,212.99
6923,512.01474,46.066215,46.066215,82.066215,212.55
6924,532.751436,44.120794,44.120794,80.120794,209.01
6925,511.794409,42.850277,42.850277,78.850277,206.84
6926,508.481378,42.606294,42.606294,78.606294,209
6927,509.701951,43.395243,43.395243,79.395243,210.91
6928,530.737256,45.123109,45.123109,81.123109,213.45
6929,549.751271,47.567338,47.567338,83.567338,220.53
6930,521.987221,50.224215,50.224215,86.224215,221.84
6931,511.21939,52.323887,52.323887,88.323887,227.58
6932,511.058823,53.126686,53.126686,89.126686,223.2
6933,528.593151,52.323774,52.323774,88.323774,216.61
6934,523.798533,50.223256,50.223256,86.223256,218.67
6935,524.210343,47.560945,47.560945,83.560945,239.12
6936,523.880538,45.089172,45.089172,81.089172,244.43
6937,511.991115,38.30159,38.30159,74.30159,242.013333
6938,505.902004,37.284535,37.284535,73.284535,230.83
6939,512.133305,36.593438,36.593438,72.593438,222.466667
6940,513.262055,36.641392,36.641392,72.641392,228.543333
6941,520.800324,37.799024,37.799024,73.799024,224.326667
6942,551.6705,40.193028,40.193028,76.193028,226.643333
6943,537.230397,43.42461,43.42461,79.42461,219.05
6944,519.485819,46.463861,46.463861,82.463861,226.163333
6945,508.490866,48.098682,48.098682,84.098682,216.286667
6946,509.509553,47.787496,47.787496,83.787496,215.13
6947,515.671563,46.083535,46.083535,82.083535,215.256667
6948,516.384066,44.138114,44.138114,80.138114,231.696667
6949,508.02919,42.867597,42.867597,78.867597,215.006667
6950,507.885699,42.623614,42.623614,78.623614,210.826667
6951,504.709256,43.412562,43.412562,79.412562,212.47
6952,505.428045,45.140429,45.140429,81.140429,230.466667
6953,521.102641,47.584658,47.584658,83.584658,240.558333
6954,526.438918,50.241535,50.241535,86.241535,224.43
6955,518.50322,52.341207,52.341207,88.341207,214.34
6956,511.450086,53.144006,53.144006,89.144006,214.15
6957,512.420871,52.341094,52.341094,88.341094,229.1
6958,508.049822,50.240576,50.240576,86.240576,225.79
6959,512.823249,47.578265,47.578265,83.578265,226.09
6960,511.999971,45.106492,45.106492,81.106492,225.85
6961,509.810759,38.320055,38.320055,74.320055,215.23
6962,517.586334,37.303,37.303,73.303,206.78
6963,508.024609,36.611903,36.611903,72.611903,215.39
6964,508.875927,36.659856,36.659856,72.659856,216.62
6965,508.23935,37.817488,37.817488,73.817488,223.5
6966,513.829399,40.211493,40.211493,76.211493,241.43
6967,506.683042,43.443075,43.443075,79.443075,234.27
6968,521.288749,46.482325,46.482325,82.482325,222.43
6969,509.291924,48.117146,48.117146,84.117146,210.84
6970,514.601572,47.805961,47.805961,83.805961,212.22
6971,521.01418,46.101999,46.101999,82.101999,219.04
6972,531.983217,44.156578,44.156578,80.156578,219.71
6973,511.140333,42.886061,42.886061,78.886061,210.18
6974,509.588782,42.642079,42.642079,78.642079,209.97
6975,505.645374,43.431027,43.431027,79.431027,204.52
6976,503.994519,45.158894,45.158894,81.158894,205.92
6977,508.197507,47.603123,47.603123,83.603123,223.74
6978,530.120681,50.26,50.26,86.26,227.66
6979,509.005866,52.359672,52.359672,88.359672,221.6
6980,525.047405,53.162471,53.162471,89.162471,214.61
6981,531.210278,52.359559,52.359559,88.359559,215.71
6982,565.40425,50.25904,50.25904,86.25904,210.21
6983,534.852849,47.59673,47.59673,83.59673,216.15
6984,518.713589,45.124957,45.124957,81.124957,215.24
6985,517.485022,38.339658,38.339658,74.339658,212.61
6986,518.329058,37.322604,37.322604,73.322604,220.8
6987,512.169018,36.631507,36.631507,72.631507,210.173333
6988,512.429926,36.67946,36.67946,72.67946,211.373333
6989,506.300569,37.837092,37.837092,73.837092,210.483333
6990,517.926718,40.231097,40.231097,76.231097,217.213333
6991,514.504846,43.462679,43.462679,79.462679,208.106667
6992,543.096898,46.501929,46.501929,82.501929,223.886667
6993,514.315913,48.13675,48.13675,84.13675,211.933333
6994,511.973416,47.825564,47.825564,83.825564,217.996667
6995,537.867797,46.121603,46.121603,82.121603,223.67
6996,547.588072,44.176182,44.176182,80.176182,231.233333
6997,509.28188,42.905665,42.905665,78.905665,214.246667
6998,513.271493,42.661683,42.661683,78.661683,212.323333
6999,512.502517,43.450631,43.450631,79.450631,206.32
7000,516.808061,45.178498,45.178498,81.178498,202.986667
7001,528.993524,47.622726,47.622726,83.622726,210.423333
7002,526.526556,50.279603,50.279603,86.279603,230.08
7003,513.394571,52.379276,52.379276,88.379276,211.55
7004,528.455379,53.182075,53.182075,89.182075,226.69
7005,517.428897,52.379163,52.379163,88.379163,230.76
7006,513.835859,50.278644,50.278644,86.278644,247.14
7007,514.296116,47.616334,47.616334,83.616334,232.93
7008,515.514781,45.144561,45.144561,81.144561,221.78
7009,511.016812,33.360396,33.360396,69.360396,220.71
7010,528.731343,32.343341,32.343341,68.343341,221.45
7011,534.610147,31.652244,31.652244,67.652244,215.43
7012,516.972962,31.700197,31.700197,67.700197,215.72
7013,513.208654,32.857829,32.857829,68.857829,207.47
7014,514.286224,35.251834,35.251834,71.251834,221.1
7015,508.51224,38.483416,38.483416,74.483416,217.9
7016,517.960983,41.522666,41.522666,77.522666,237.36
7017,514.1613,43.157487,43.157487,79.157487,217.71
7018,522.528149,42.846302,42.846302,78.846302,215.21
7019,526.829825,41.14234,41.14234,77.14234,234.62
7020,598.195332,39.19692,39.19692,75.19692,239.55
7021,503.925639,37.926402,37.926402,73.926402,211.92
7022,505.79886,37.68242,37.68242,73.68242,216.63
7023,511.225051,38.471368,38.471368,74.471368,215.8
7024,521.204026,40.199235,40.199235,76.199235,220.1
7025,504.211819,42.643464,42.643464,78.643464,229.36
7026,525.658398,45.300341,45.300341,81.300341,227.72
7027,512.390718,47.400013,47.400013,83.400013,216.76
7028,512.460139,48.202812,48.202812,84.202812,229.01
7029,508.497987,47.3999,47.3999,83.3999,220.66
7030,520.17727,45.299381,45.299381,81.299381,217.22
7031,513.518367,42.637071,42.637071,78.637071,217.69
7032,518.259684,40.165298,40.165298,76.165298,218.89
7033,510.824857,33.38226,33.38226,69.38226,214.1
7034,509.07252,32.365205,32.365205,68.365205,229.19
7035,512.124387,31.674108,31.674108,67.674108,232.79
7036,517.406479,31.722062,31.722062,67.722062,220.25
7037,518.87825,32.879694,32.879694,68.879694,216.563333
7038,509.920336,35.273698,35.273698,71.273698,217.68
7039,520.562941,38.505281,38.505281,74.505281,210.87
7040,539.36925,41.544531,41.544531,77.544531,221.13
7041,511.596863,43.179352,43.179352,79.179352,217.553333
7042,525.231143,42.868166,42.868166,78.868166,224.843333
7043,529.946717,41.164205,41.164205,77.164205,227.926667
7044,509.176823,39.218784,39.218784,75.218784,258.226667
7045,506.11368,37.948267,37.948267,73.948267,202.83
7046,504.897997,37.704284,37.704284,73.704284,206.596667
7047,512.897282,38.493233,38.493233,74.493233,214.346667
7048,512.493428,40.221099,40.221099,76.221099,223.82
7049,518.018184,42.665328,42.665328,78.665328,203.47
7050,528.196288,45.322205,45.322205,81.322205,227.12
7051,518.87825,47.421877,47.421877,83.421877,215.676667
7052,530.136528,48.224676,48.224676,84.224676,215.753333
7053,531.747897,47.421765,47.421765,83.421765,210.85
7054,571.606312,45.321246,45.321246,81.321246,222.998333
7055,572.265411,42.658936,42.658936,78.658936,216.89
7056,560.606754,40.187163,40.187163,76.187163,221.39
7057,524.808411,38.405246,38.405246,74.405246,213.87
7058,520.575392,37.388191,37.388191,73.388191,211.64
7059,526.061267,36.697094,36.697094,72.697094,215.38
7060,531.421375,36.745047,36.745047,72.745047,220.64
7061,531.600698,37.902679,37.902679,73.902679,221.92
7062,532.142543,40.296684,40.296684,76.296684,212.75
7063,534.471942,43.528266,43.528266,79.528266,223.31
7064,557.464176,46.567516,46.567516,82.567516,235.43
7065,517.6767,48.202337,48.202337,84.202337,214.78
7066,511.030805,47.891152,47.891152,83.891152,226.82
7067,536.201001,46.18719,46.18719,82.18719,229.97
7068,549.588277,44.241769,44.241769,80.241769,211.78
7069,514.732293,42.971252,42.971252,78.971252,207.15
7070,508.715782,42.72727,42.72727,78.72727,204.9
7071,514.138364,43.516218,43.516218,79.516218,216.23
7072,512.309534,45.244085,45.244085,81.244085,215.79
7073,545.221937,47.688313,47.688313,83.688313,221.18
7074,561.150465,50.34519,50.34519,86.34519,228.84
7075,516.499351,52.444863,52.444863,88.444863,221.92
7076,507.050287,53.247662,53.247662,89.247662,230.09
7077,510.218977,52.44475,52.44475,88.44475,231.09
7078,506.839209,50.344231,50.344231,86.344231,249.47
7079,505.392346,47.681921,47.681921,83.681921,249.71
7080,512.728023,45.210148,45.210148,81.210148,245.24
7081,514.286224,38.429345,38.429345,74.429345,226.52
7082,526.849465,37.41229,37.41229,73.41229,223.32
7083,540.181358,36.721193,36.721193,72.721193,227.4
7084,512.249616,36.769147,36.769147,72.769147,230.89
7085,510.366364,37.926778,37.926778,73.926778,231
7086,510.808266,40.320783,40.320783,76.320783,231.33
7087,511.814864,43.552365,43.552365,79.552365,232.71
7088,520.687665,46.591616,46.591616,82.591616,243.943333
7089,512.420871,48.226436,48.226436,84.226436,220.88
7090,508.39157,47.915251,47.915251,83.915251,214.116667
7091,516.513797,46.211289,46.211289,82.211289,233.696667
7092,519.222239,44.265869,44.265869,80.265869,240.483333
7093,507.039742,42.995352,42.995352,78.995352,218.126667
7094,511.117809,42.751369,42.751369,78.751369,211.153333
7095,509.433274,43.540317,43.540317,79.540317,217.53
7096,516.939901,45.268184,45.268184,81.268184,215.586667
7097,518.491576,47.712413,47.712413,83.712413,238.413333
7098,512.69434,50.36929,50.36929,86.36929,245.46
7099,513.423075,52.468962,52.468962,88.468962,219.816667
7100,549.537638,53.271761,53.271761,89.271761,208.696667
7101,515.111798,52.468849,52.468849,88.468849,213.126667
7102,527.532638,50.368331,50.368331,86.368331,208.36
7103,521.68981,47.70602,47.70602,83.70602,205.853333
7104,524.864515,45.234247,45.234247,81.234247,216.046667
7105,515.369349,38.454551,38.454551,74.454551,217.68
7106,545.276577,37.437496,37.437496,73.437496,227.94
7107,528.455379,36.746399,36.746399,72.746399,235.86
7108,516.698692,36.794353,36.794353,72.794353,215.52
7109,511.432895,37.951985,37.951985,73.951985,213.31
7110,512.897282,40.345989,40.345989,76.345989,213.85
7111,511.450086,43.577571,43.577571,79.577571,215.03
7112,511.126252,46.616822,46.616822,82.616822,223.41
7113,511.920417,48.251643,48.251643,84.251643,215.71
7114,508.913805,47.940457,47.940457,83.940457,210.7
7115,520.343759,46.236496,46.236496,82.236496,219.83
7116,528.777501,44.291075,44.291075,80.291075,222.21
7117,508.631603,43.020558,43.020558,79.020558,208.68
7118,511.498881,42.776575,42.776575,78.776575,214.22
7119,508.605253,43.565523,43.565523,79.565523,212.12
7120,504.076088,45.29339,45.29339,81.29339,220.22
7121,519.828626,47.737619,47.737619,83.737619,221.59
7122,558.7923,50.394496,50.394496,86.394496,216.01
7123,531.399683,52.494168,52.494168,88.494168,216.79
7124,522.304664,53.296967,53.296967,89.296967,240.46
7125,527.572576,52.494055,52.494055,88.494055,218.5
7126,514.382027,50.393537,50.393537,86.393537,228.4
7127,530.062622,47.731226,47.731226,83.731226,224.2
7128,545.379137,45.259453,45.259453,81.259453,226.56
7129,533.882769,38.480857,38.480857,74.480857,218.75
7130,514.624981,37.463802,37.463802,73.463802,238.44
7131,508.998479,36.772705,36.772705,72.772705,229.01
7132,515.692542,36.820658,36.820658,72.820658,220
7133,513.63328,37.97829,37.97829,73.97829,214.59
7134,511.614209,40.372295,40.372295,76.372295,216.23
7135,508.40571,43.603877,43.603877,79.603877,214.61
7136,523.242925,46.643127,46.643127,82.643127,214.23
7137,516.019996,48.277948,48.277948,84.277948,215.15
7138,521.127959,47.966763,47.966763,83.966763,211.425
7139,544.684613,46.262801,46.262801,82.262801,223.133333
7140,547.842331,44.31738,44.31738,80.31738,229.22
7141,519.198389,43.046863,43.046863,79.046863,211.036667
7142,520.203932,42.802881,42.802881,78.802881,214.666667
7143,507.656835,43.591829,43.591829,79.591829,211
7144,512.548022,45.319696,45.319696,81.319696,203.17
7145,529.381822,47.763925,47.763925,83.763925,222.713333
7146,562.397605,50.420802,50.420802,86.420802,244.496667
7147,516.742385,52.520474,52.520474,88.520474,230.876667
7148,525.245312,53.323273,53.323273,89.323273,224.673333
7149,544.299441,52.520361,52.520361,88.520361,228.426667
7150,523.323716,50.419842,50.419842,86.419842,217.776667
7151,513.036819,47.757532,47.757532,83.757532,230.043333
7152,515.724044,45.285759,45.285759,81.285759,238.49
7153,515.307286,38.508254,38.508254,74.508254,232.366667
7154,521.625493,37.491199,37.491199,73.491199,218.02
7155,509.357384,36.800102,36.800102,72.800102,211.54
7156,507.115888,36.848055,36.848055,72.848055,219.06
7157,503.965116,38.005687,38.005687,74.005687,217.01
7158,506.212522,40.399692,40.399692,76.399692,214.8
7159,503.569116,43.631274,43.631274,79.631274,210.72
7160,522.96155,46.670524,46.670524,82.670524,225.38
7161,510.53683,48.305345,48.305345,84.305345,219.37
7162,509.826366,47.99416,47.99416,83.99416,223.76
7163,514.745741,46.290198,46.290198,82.290198,238.15
7164,522.041374,44.344778,44.344778,80.344778,239.67
7165,511.44722,43.074261,43.074261,79.074261,222.19
7166,509.802962,42.830278,42.830278,78.830278,223.02
7167,507.486876,43.619226,43.619226,79.619226,209.63
7168,511.347188,45.347093,45.347093,81.347093,215.85
7169,525.878525,47.791322,47.791322,83.791322,229.61
7170,548.939676,50.448199,50.448199,86.448199,245.96
7171,521.810189,52.547871,52.547871,88.547871,220.04
7172,537.648489,53.35067,53.35067,89.35067,226.83
7173,524.995735,52.547758,52.547758,88.547758,237.96
7174,510.422991,50.447239,50.447239,86.447239,225.44
7175,510.261716,47.784929,47.784929,83.784929,216.38
7176,505.440575,45.313156,45.313156,81.313156,219.09
7177,511.67795,33.536735,33.536735,69.536735,218.69
7178,517.039208,32.51968,32.51968,68.51968,224.15
7179,511.430032,31.828583,31.828583,67.828583,212.02
7180,509.645262,31.876536,31.876536,67.876536,208.8
7181,504.860374,33.034168,33.034168,69.034168,202.92
7182,510.277772,35.428173,35.428173,71.428173,207.32
7183,510.422991,38.659755,38.659755,74.659755,201.99
7184,514.276336,41.699005,41.699005,77.699005,225.17
7185,506.312367,43.333826,43.333826,79.333826,213.52
7186,506.648421,43.022641,43.022641,79.022641,212.63
7187,530.919473,41.318679,41.318679,77.318679,218.14
7188,521.204026,39.373258,39.373258,75.373258,224.471667
7189,504.963646,38.102741,38.102741,74.102741,214.606667
7190,504.728903,37.858759,37.858759,73.858759,212.6
7191,509.463739,38.647707,38.647707,74.647707,209.373333
7192,507.851775,40.375574,40.375574,76.375574,214.49
7193,525.773099,42.819802,42.819802,78.819802,227.273333
7194,524.473469,45.476679,45.476679,81.476679,240.183333
7195,510.038593,47.576352,47.576352,83.576352,224.293333
7196,505.268571,48.379151,48.379151,84.379151,234.5
7197,516.562613,47.576239,47.576239,83.576239,226.653333
7198,523.743962,45.47572,45.47572,81.47572,213.38
7199,537.886109,42.81341,42.81341,78.81341,213.18
7200,509.795168,40.341637,40.341637,76.341637,205.943333
7201,511.902783,33.56629,33.56629,69.56629,214.873333
7202,506.395349,32.549236,32.549236,68.549236,220.31
7203,510.742063,31.858138,31.858138,67.858138,214.586667
7204,513.149132,31.906092,31.906092,67.906092,212.396667
7205,526.54118,33.063724,33.063724,69.063724,204.825
7206,510.700816,35.457728,35.457728,71.457728,213.2
7207,517.82417,38.689311,38.689311,74.689311,213.38
7208,509.532512,41.728561,41.728561,77.728561,217.67
7209,504.098515,43.363382,43.363382,79.363382,207.49
7210,505.71717,43.052196,43.052196,79.052196,208.05
7211,514.604915,41.348235,41.348235,77.348235,230.58
7212,522.682336,39.402814,39.402814,75.402814,223.82
7213,510.463558,38.132297,38.132297,74.132297,205.03
7214,505.63621,37.888315,37.888315,73.888315,204.56
7215,505.408392,38.677263,38.677263,74.677263,212.16
7216,506.461031,40.40513,40.40513,76.40513,209.92
7217,538.536726,42.849358,42.849358,78.849358,227.2
7218,527.179795,45.506235,45.506235,81.506235,226.28
7219,509.501908,47.605907,47.605907,83.605907,212.9
7220,509.347294,48.408707,48.408707,84.408707,205.62
7221,507.14564,47.605795,47.605795,83.605795,219.875
7222,504.727264,45.505276,45.505276,81.505276,225.75
7223,511.852911,42.842966,42.842966,78.842966,234.63
7224,531.698783,40.371193,40.371193,76.371193,212.59
7225,567.934298,38.596912,38.596912,74.596912,215.13
7226,536.462599,37.579858,37.579858,73.579858,207.63
7227,513.464316,36.88876,36.88876,72.88876,213.77
7228,508.38686,36.936714,36.936714,72.936714,216.5
7229,524.334758,38.094346,38.094346,74.094346,227.73
7230,517.820379,40.488351,40.488351,76.488351,213.72
7231,515.364171,43.719933,43.719933,79.719933,221.01
7232,521.728457,46.759183,46.759183,82.759183,212.25
7233,514.826598,48.394004,48.394004,84.394004,203.22
7234,514.04033,48.082818,48.082818,84.082818,206.45
7235,517.575059,46.378857,46.378857,82.378857,218
7236,532.076555,44.433436,44.433436,80.433436,224.96
7237,509.517202,43.162919,43.162919,79.162919,213.43
7238,507.511009,42.918937,42.918937,78.918937,206.303333
7239,511.622888,43.707885,43.707885,79.707885,205.883333
7240,506.91398,45.435752,45.435752,81.435752,207.74
7241,531.797059,47.87998,47.87998,83.87998,234.983333
7242,536.977349,50.536857,50.536857,86.536857,228.163333
7243,516.557185,52.63653,52.63653,88.63653,212.21
7244,508.670021,53.439329,53.439329,89.439329,212.006667
7245,511.911598,52.636417,52.636417,88.636417,208.846667
7246,514.524825,50.535898,50.535898,86.535898,204.556667
7247,527.219409,47.873588,47.873588,83.873588,215.073333
7248,520.395319,45.401815,45.401815,81.401815,231.06
7249,558.2219,38.628592,38.628592,74.628592,248.106667
7250,553.929131,37.611537,37.611537,73.611537,233.843333
7251,530.343012,36.92044,36.92044,72.92044,216.833333
7252,512.402773,36.968393,36.968393,72.968393,210.693333
7253,509.87328,38.126025,38.126025,74.126025,226.18
7254,510.667891,40.52003,40.52003,76.52003,221.006667
7255,511.109371,43.751612,43.751612,79.751612,218.745
7256,517.733328,46.790862,46.790862,82.790862,224.23
7257,513.671721,48.425683,48.425683,84.425683,218.22
7258,511.964572,48.114498,48.114498,84.114498,217.43
7259,518.190477,46.410536,46.410536,82.410536,220.79
7260,514.685283,44.465116,44.465116,80.465116,231.29
7261,515.977503,43.194598,43.194598,79.194598,212.23
7262,510.53683,42.950616,42.950616,78.950616,209.41
7263,508.349241,43.739564,43.739564,79.739564,214.81
7264,507.296658,45.467431,45.467431,81.467431,208.48
7265,513.477022,47.91166,47.91166,83.91166,231.12
7266,511.498881,50.568537,50.568537,86.568537,234.13
7267,510.277772,52.668209,52.668209,88.668209,219.87
7268,515.59479,53.471008,53.471008,89.471008,211.09
7269,515.033366,52.668096,52.668096,88.668096,215.14
7270,511.619995,50.567577,50.567577,86.567577,217.92
7271,513.842322,47.905267,47.905267,83.905267,228.19
7272,506.893159,45.433494,45.433494,81.433494,223.175
7273,510.805503,38.661319,38.661319,74.661319,244.26
7274,526.380594,37.644264,37.644264,73.644264,242.43
7275,548.760466,36.953167,36.953167,72.953167,230.22
7276,552.020325,37.001121,37.001121,73.001121,215.69
7277,508.636399,38.158752,38.158752,74.158752,212.69
7278,506.775234,40.552757,40.552757,76.552757,213.68
7279,510.709057,43.784339,43.784339,79.784339,214.21
7280,529.973035,46.82359,46.82359,82.82359,220.93
7281,508.191707,48.458411,48.458411,84.458411,217.05
7282,513.389824,48.147225,48.147225,84.147225,215.2
7283,526.585083,46.443264,46.443264,82.443264,221.33
7284,567.414643,44.497843,44.497843,80.497843,218.08
7285,508.487307,43.227326,43.227326,79.227326,219.33
7286,508.562245,42.983343,42.983343,78.983343,213.52
7287,517.864006,43.772291,43.772291,79.772291,210.64
7288,516.292563,45.500158,45.500158,81.500158,209.081667
7289,528.394282,47.944387,47.944387,83.944387,216.846667
7290,568.128713,50.601264,50.601264,86.601264,214.666667
7291,521.350306,52.700936,52.700936,88.700936,213.2
7292,517.949557,53.503735,53.503735,89.503735,218.966667
7293,518.064028,52.700823,52.700823,88.700823,218.423333
7294,520.768991,50.600305,50.600305,86.600305,214.806667
7295,522.795091,47.937994,47.937994,83.937994,217.226667
7296,543.565404,45.466221,45.466221,81.466221,208.446667
7297,548.567386,74.695084,74.695084,38.695084,213.846667
7298,533.790402,73.67803,73.67803,37.67803,227.62
7299,508.700712,72.986932,72.986932,36.986932,240.1
7300,509.865451,73.034886,73.034886,37.034886,241.586667
7301,521.760697,74.192518,74.192518,38.192518,211.043333
7302,519.171581,76.586522,76.586522,40.586522,208.256667
7303,514.375407,79.818105,79.818105,43.818105,213.73
7304,524.647559,82.857355,82.857355,46.857355,229.986667
7305,515.561711,84.492176,84.492176,48.492176,210.415
7306,521.232596,84.18099,84.18099,48.18099,216.755
7307,519.168604,82.477029,82.477029,46.477029,227.76
7308,535.162102,80.531608,80.531608,44.531608,247.91
7309,525.309134,79.261091,79.261091,43.261091,210.835
7310,505.034963,79.017109,79.017109,43.017109,210.94
7311,506.825246,79.806057,79.806057,43.806057,221.045
7312,508.664612,81.533924,81.533924,45.533924,219.625
7313,510.931003,83.978152,83.978152,47.978152,228.97
7314,534.774721,86.635029,86.635029,50.635029,248.18
7315,512.068744,88.734702,88.734702,52.734702,223.935
7316,509.28188,89.537501,89.537501,53.537501,221.12
7317,509.861538,88.734589,88.734589,52.734589,221.22
7318,518.90775,86.63407,86.63407,50.63407,223.475
7319,517.15553,83.97176,83.97176,47.97176,225.045
7320,530.370876,81.499987,81.499987,45.499987,237.595
7321,547.355753,74.729878,74.729878,38.729878,240.01
7322,567.54652,73.712823,73.712823,37.712823,232.3125
7323,556.249159,73.021726,73.021726,37.021726,211.1325
7324,530.774715,73.06968,73.06968,37.06968,212.68
7325,515.687295,74.227311,74.227311,38.227311,224.255
7326,528.985791,76.621316,76.621316,40.621316,222.1675
7327,512.563973,79.852898,79.852898,43.852898,217.77
7328,540.428945,82.892149,82.892149,46.892149,226.405
7329,516.225489,84.52697,84.52697,48.52697,218.935
7330,518.96388,84.215784,84.215784,48.215784,223.8425
7331,520.237805,82.511823,82.511823,46.511823,222.165
7332,554.549459,80.566402,80.566402,44.566402,233.1075
7333,513.229056,79.295885,79.295885,43.295885,226.875
7334,508.537219,79.051902,79.051902,43.051902,205.17
7335,508.409248,79.84085,79.84085,43.84085,208.3375
7336,509.655553,81.568717,81.568717,45.568717,211.0825
7337,533.210044,84.012946,84.012946,48.012946,213.9975
7338,537.767181,86.669823,86.669823,50.669823,232.885
7339,510.439206,88.769495,88.769495,52.769495,215.3175
7340,517.133335,89.572294,89.572294,53.572294,211.92
7341,507.26006,88.769382,88.769382,52.769382,212.675
7342,510.676116,86.668864,86.668864,50.668864,221.945
7343,509.904635,84.006553,84.006553,48.006553,220.415
7344,512.285544,81.53478,81.53478,45.53478,230.2375
7345,513.404068,69.765689,69.765689,33.765689,239.44
7346,527.984043,68.748635,68.748635,32.748635,247.96
7347,521.127959,68.057537,68.057537,32.057537,243.43
7348,505.132781,68.105491,68.105491,32.105491,230.49
7349,510.157738,69.263123,69.263123,33.263123,219.055
7350,510.933091,71.657128,71.657128,35.657128,229.355
7351,512.173487,74.88871,74.88871,38.88871,215.8675
7352,512.285544,77.92796,77.92796,41.92796,235.99
7353,500.497754,79.562781,79.562781,43.562781,219.5625
7354,501.347656,79.251595,79.251595,43.251595,221.9925
7355,541.15818,77.547634,77.547634,41.547634,223.0475
7356,531.258913,75.602213,75.602213,39.602213,242.7
7357,506.277013,74.331696,74.331696,38.331696,216.585
7358,513.95734,74.087714,74.087714,38.087714,210.905
7359,510.908054,74.876662,74.876662,38.876662,210.725
7360,507.15735,76.604529,76.604529,40.604529,212.41
7361,528.577822,79.048757,79.048757,43.048757,231.97
7362,523.723518,81.705634,81.705634,45.705634,234.565
7363,514.524825,83.805307,83.805307,47.805307,213.4
7364,517.767359,84.608106,84.608106,48.608106,220.395
7365,524.258679,83.805194,83.805194,47.805194,209.025
7366,542.567489,81.704675,81.704675,45.704675,213.69
7367,540.994346,79.042365,79.042365,43.042365,212.73
7368,517.665388,76.570592,76.570592,40.570592,215.56
7369,511.980051,69.802508,69.802508,33.802508,216.77
7370,517.158306,68.785453,68.785453,32.785453,228.7
7371,519.772916,68.094356,68.094356,32.094356,223.76
7372,514.301063,68.14231,68.14231,32.14231,205.36
7373,530.422666,69.299942,69.299942,33.299942,213.05
7374,514.214637,71.693946,71.693946,35.693946,214
7375,513.292744,74.925529,74.925529,38.925529,215.435
7376,533.735059,77.964779,77.964779,41.964779,215.56
7377,522.556734,79.5996,79.5996,43.5996,189.845
7378,515.060617,79.288414,79.288414,43.288414,194.895
7379,514.400242,77.584453,77.584453,41.584453,236.37
7380,525.022736,75.639032,75.639032,39.639032,230.79
7381,509.007713,74.368515,74.368515,38.368515,207.43
7382,503.295057,74.124532,74.124532,38.124532,217.345
7383,504.194699,74.913481,74.913481,38.913481,213.97
7384,513.65009,76.641347,76.641347,40.641347,208.865
7385,507.123849,79.085576,79.085576,43.085576,229.09
7386,556.750139,81.742453,81.742453,45.742453,225.735
7387,506.587602,83.842125,83.842125,47.842125,217.92
7388,508.711561,84.644924,84.644924,48.644924,220.96
7389,520.947989,83.842012,83.842012,47.842012,226.125
7390,514.917895,81.741494,81.741494,45.741494,237.0925
7391,511.153719,79.079184,79.079184,43.079184,236.285
7392,518.401499,76.607411,76.607411,40.607411,220.87
7393,509.698079,74.840323,74.840323,38.840323,215.2175
7394,509.717448,73.823268,73.823268,37.823268,220.4175
7395,519.338773,73.132171,73.132171,37.132171,222.6675
7396,507.483042,73.180125,73.180125,37.180125,217.695
7397,511.766684,74.337757,74.337757,38.337757,230.27
7398,524.857498,76.731761,76.731761,40.731761,217.6075
7399,535.275782,79.963344,79.963344,43.963344,216.6525
7400,565.961726,83.002594,83.002594,47.002594,232.28
7401,534.248102,84.637415,84.637415,48.637415,224.865
7402,505.446846,84.326229,84.326229,48.326229,218.45
7403,526.717067,82.622268,82.622268,46.622268,217.795
7404,527.893391,80.676847,80.676847,44.676847,226.6725
7405,513.908667,79.40633,79.40633,43.40633,211.5525
7406,507.573762,79.162348,79.162348,43.162348,201.3075
7407,509.865451,79.951296,79.951296,43.951296,203.4325
7408,509.020651,81.679163,81.679163,45.679163,217.0275
7409,520.420097,84.123391,84.123391,48.123391,208.8125
7410,543.996844,86.780268,86.780268,50.780268,243.6425
7411,520.271713,88.87994,88.87994,52.87994,207.95
7412,524.494319,89.68274,89.68274,53.68274,211.1475
7413,511.304487,88.879828,88.879828,52.879828,223.6175
7414,521.363056,86.779309,86.779309,50.779309,218.31
7415,517.389677,84.116999,84.116999,48.116999,214.2625
7416,510.317981,81.645226,81.645226,45.645226,221.5125
7417,516.578906,74.879124,74.879124,38.879124,212.465
7418,519.401706,73.862069,73.862069,37.862069,212.49
7419,510.725552,73.170972,73.170972,37.170972,222.3075
7420,516.324821,73.218925,73.218925,37.218925,209.3675
7421,507.727059,74.376557,74.376557,38.376557,214.975
7422,507.885699,76.770562,76.770562,40.770562,226.555
7423,511.973416,80.002144,80.002144,44.002144,233.1725
7424,512.407296,83.041394,83.041394,47.041394,247.355
7425,509.845896,84.676215,84.676215,48.676215,232.58
7426,507.940169,84.36503,84.36503,48.36503,205.955
7427,532.341023,82.661068,82.661068,46.661068,227.85
7428,565.236299,80.715647,80.715647,44.715647,228.64
7429,507.182941,79.44513,79.44513,43.44513,217.295
7430,504.758471,79.201148,79.201148,43.201148,209.505
7431,503.943153,79.990096,79.990096,43.990096,212.68
7432,505.200396,81.717963,81.717963,45.717963,211.57
7433,503.46207,84.162192,84.162192,48.162192,223.195
7434,514.145734,86.819069,86.819069,50.819069,237.81
7435,528.474489,88.918741,88.918741,52.918741,223.075
7436,510.874727,89.72154,89.72154,53.72154,226.295
7437,506.355255,88.918628,88.918628,52.918628,214.44
7438,503.99931,86.818109,86.818109,50.818109,223.945
7439,506.20522,84.155799,84.155799,48.155799,220.625
7440,504.291141,81.684026,81.684026,45.684026,213.25
7441,503.81836,74.918898,74.918898,38.918898,219.89
7442,514.544822,73.901843,73.901843,37.901843,222.36
7443,509.438982,73.210746,73.210746,37.210746,213.75
7444,509.30449,73.258699,73.258699,37.258699,219.655
7445,506.856298,74.416331,74.416331,38.416331,209.735
7446,520.63148,76.810336,76.810336,40.810336,209.97
7447,504.744904,80.041918,80.041918,44.041918,215.21
7448,519.80633,83.081168,83.081168,47.081168,215.695
7449,518.814434,84.715989,84.715989,48.715989,212.655
7450,506.963589,84.404804,84.404804,48.404804,210.05
7451,517.437308,82.700842,82.700842,46.700842,231.45
7452,529.859973,80.755421,80.755421,44.755421,247.075
7453,513.290381,79.484904,79.484904,43.484904,208.905
7454,503.524008,79.240922,79.240922,43.240922,204.62
7455,519.842823,80.02987,80.02987,44.02987,202.87
7456,523.148892,81.757737,81.757737,45.757737,205.49
7457,536.837737,84.201965,84.201965,48.201965,201.7275
7458,524.941788,86.858842,86.858842,50.858842,217.5375
7459,503.578387,88.958515,88.958515,52.958515,229.0225
7460,505.411962,89.761314,89.761314,53.761314,213.93
7461,514.928061,88.958402,88.958402,52.958402,207.5625
7462,512.786334,86.857883,86.857883,50.857883,202.9975
7463,514.018332,84.195573,84.195573,48.195573,207.3075
7464,509.997102,81.7238,81.7238,45.7238,203.6425
7465,513.363734,74.959633,74.959633,38.959633,202.5825
7466,507.867029,73.942579,73.942579,37.942579,217.94
7467,513.556603,73.251481,73.251481,37.251481,212.1275
7468,504.885436,73.299435,73.299435,37.299435,211.95
7469,511.25338,74.457067,74.457067,38.457067,208.3875
7470,511.792948,76.851072,76.851072,40.851072,223.365
7471,509.791273,80.082654,80.082654,44.082654,204.5925
7472,520.982644,83.121904,83.121904,47.121904,222.695
7473,511.071446,84.756725,84.756725,48.756725,221.865833
7474,512.169018,84.445539,84.445539,48.445539,208.559167
7475,517.072392,82.741578,82.741578,46.741578,220.6675
7476,568.288041,80.796157,80.796157,44.796157,229.915
7477,505.981544,79.52564,79.52564,43.52564,216.65
7478,506.241784,79.281658,79.281658,43.281658,201.88
7479,506.162976,80.070606,80.070606,44.070606,222.725
7480,504.880417,81.798473,81.798473,45.798473,225.31
7481,519.413708,84.242701,84.242701,48.242701,234.0525
7482,527.278897,86.899578,86.899578,50.899578,226.615
7483,507.340946,88.999251,88.999251,52.999251,202.0125
7484,505.53332,89.80205,89.80205,53.80205,205.89
7485,506.253513,88.999138,88.999138,52.999138,218.32
7486,512.308034,86.898619,86.898619,50.898619,216.11
7487,513.585325,84.236309,84.236309,48.236309,217.4075
7488,509.154409,81.764536,81.764536,45.764536,212.8475
7489,507.964075,75.001319,75.001319,39.001319,216.7275
7490,505.52789,73.984264,73.984264,37.984264,209.9425
7491,512.470725,73.293167,73.293167,37.293167,216.93
7492,503.376917,73.341121,73.341121,37.341121,204.875
7493,506.569426,74.498753,74.498753,38.498753,214.38
7494,513.290381,76.892757,76.892757,40.892757,215.005
7495,504.913098,80.12434,80.12434,44.12434,212.585
7496,506.572453,83.16359,83.16359,47.16359,223.645
7497,514.928061,84.798411,84.798411,48.798411,214.165
7498,507.875512,84.487225,84.487225,48.487225,215.43
7499,517.858311,82.783264,82.783264,46.783264,220.34
7500,535.582996,80.837843,80.837843,44.837843,248.24
7501,510.744128,79.567326,79.567326,43.567326,206.92
7502,503.4894,79.323343,79.323343,43.323343,207.37
7503,507.080923,80.112292,80.112292,44.112292,207.235
7504,506.398326,81.840158,81.840158,45.840158,204.865
7505,518.772292,84.284387,84.284387,48.284387,222.37
7506,533.820226,86.941264,86.941264,50.941264,228.23
7507,534.097959,89.040936,89.040936,53.040936,209.15
7508,509.146945,89.843735,89.843735,53.843735,206.115
7509,506.327135,89.040823,89.040823,53.040823,207.39
7510,510.829008,86.940305,86.940305,50.940305,215.585
7511,507.972623,84.277995,84.277995,48.277995,216.96
7512,516.712338,81.806222,81.806222,45.806222,211.75
7513,520.389128,70.043942,70.043942,34.043942,210.085
7514,509.71551,69.026888,69.026888,33.026888,206.105
7515,508.421636,68.33579,68.33579,32.33579,215.765
7516,506.211061,68.383744,68.383744,32.383744,201.515
7517,509.616996,69.541376,69.541376,33.541376,207.92
7518,503.550619,71.93538,71.93538,35.93538,216.65
7519,510.775132,75.166963,75.166963,39.166963,204.93
7520,510.563369,78.206213,78.206213,42.206213,207.925
7521,513.549429,79.841034,79.841034,43.841034,218.32
7522,507.30205,79.529848,79.529848,43.529848,209.955
7523,520.922808,77.825887,77.825887,41.825887,221.04
7524,532.590208,75.880466,75.880466,39.880466,233.3475
7525,514.291169,74.609949,74.609949,38.609949,213.7725
7526,506.11802,74.365967,74.365967,38.365967,201.795
7527,504.342212,75.154915,75.154915,39.154915,208.745
7528,509.459928,76.882782,76.882782,40.882782,207.635
7529,508.271987,79.32701,79.32701,43.32701,221.83
7530,537.748905,81.983887,81.983887,45.983887,232.33
7531,514.930603,84.08356,84.08356,48.08356,232.4925
7532,508.608843,84.886359,84.886359,48.886359,211.74
7533,506.321225,84.083447,84.083447,48.083447,207.515
7534,504.11426,81.982928,81.982928,45.982928,213.875
7535,509.372531,79.320618,79.320618,43.320618,210.0975
7536,517.490641,76.848845,76.848845,40.848845,220.0125
7537,506.992413,70.08749,70.08749,34.08749,223.17
7538,510.594043,69.070436,69.070436,33.070436,212.4875
7539,516.557185,68.379339,68.379339,32.379339,210.7425
7540,505.758851,68.427292,68.427292,32.427292,207.3175
7541,509.509553,69.584924,69.584924,33.584924,212.36
7542,509.559342,71.978929,71.978929,35.978929,201.945
7543,505.831553,75.210511,75.210511,39.210511,213.81
7544,512.878748,78.249761,78.249761,42.249761,213.5525
7545,520.426295,79.884582,79.884582,43.884582,216.9225
7546,504.908061,79.573396,79.573396,43.573396,209.09
7547,514.202317,77.869435,77.869435,41.869435,223.5975
7548,537.776321,75.924014,75.924014,39.924014,231.6
7549,522.00021,74.653497,74.653497,38.653497,217.685
7550,525.280756,74.409515,74.409515,38.409515,207.1575
7551,509.02435,75.198463,75.198463,39.198463,203.7525
7552,520.594077,76.92633,76.92633,40.92633,212.155
7553,517.631481,79.370558,79.370558,43.370558,210.53
7554,515.792437,82.027435,82.027435,46.027435,234.555
7555,504.094023,84.127108,84.127108,48.127108,218.3225
7556,503.160794,84.929907,84.929907,48.929907,211.005
7557,513.332942,84.126995,84.126995,48.126995,207.505
7558,502.476266,82.026476,82.026476,46.026476,203.255
7559,504.631183,79.364166,79.364166,43.364166,212.04
7560,506.148451,76.892393,76.892393,40.892393,220.715
7561,508.261488,75.131951,75.131951,39.131951,208.605
7562,505.145741,74.114896,74.114896,38.114896,213.59
7563,505.226551,73.423799,73.423799,37.423799,219.87
7564,507.733768,73.471752,73.471752,37.471752,206.525
7565,505.851226,74.629384,74.629384,38.629384,212.22
7566,508.402174,77.023389,77.023389,41.023389,212.285
7567,509.253665,80.254971,80.254971,44.254971,206.655
7568,530.354952,83.294221,83.294221,47.294221,216.21
7569,505.454917,84.929042,84.929042,48.929042,223.2
7570,502.088001,84.617857,84.617857,48.617857,204.92
7571,514.333249,82.913895,82.913895,46.913895,217.595
7572,529.479406,80.968474,80.968474,44.968474,234.57
7573,514.222032,79.697957,79.697957,43.697957,224.44
7574,508.010306,79.453975,79.453975,43.453975,226.855
7575,506.171701,80.242923,80.242923,44.242923,211.575
7576,512.573094,81.97079,81.97079,45.97079,223.335
7577,524.490843,84.415018,84.415018,48.415018,220.84
7578,561.772046,87.071895,87.071895,51.071895,219.155
7579,514.948406,89.171568,89.171568,53.171568,203.21
7580,513.055495,89.974367,89.974367,53.974367,200.96
7581,511.153719,89.171455,89.171455,53.171455,216.695
7582,503.028185,87.070936,87.070936,51.070936,199.025
7583,506.660627,84.408626,84.408626,48.408626,204.36
7584,504.543135,81.936853,81.936853,45.936853,207.21
7585,504.341047,75.177309,75.177309,39.177309,210.515
7586,511.031504,74.160255,74.160255,38.160255,205.385
7587,505.127603,73.469157,73.469157,37.469157,205.54
7588,514.390305,73.517111,73.517111,37.517111,209.745
7589,509.975412,74.674743,74.674743,38.674743,206.69
7590,511.058823,77.068748,77.068748,41.068748,210.715
7591,508.623213,80.30033,80.30033,44.30033,211.8825
7592,506.109343,83.33958,83.33958,47.33958,230.2275
7593,507.53079,84.974401,84.974401,48.974401,205.97
7594,507.21501,84.663215,84.663215,48.663215,197.7725
7595,514.55983,82.959254,82.959254,46.959254,217.7275
7596,520.734559,81.013833,81.013833,45.013833,229.6725
7597,507.261672,79.743316,79.743316,43.743316,217.615
7598,505.571422,79.499334,79.499334,43.499334,210.1525
7599,507.298815,80.288282,80.288282,44.288282,207.25
7600,504.824179,82.016149,82.016149,46.016149,215.8775
7601,511.342913,84.460377,84.460377,48.460377,226.2925
7602,525.09679,87.117254,87.117254,51.117254,245.71
7603,529.444252,89.216927,89.216927,53.216927,218.34
7604,521.312085,90.019726,90.019726,54.019726,216.4
7605,506.867188,89.216814,89.216814,53.216814,214.2625
7606,505.538753,87.116295,87.116295,51.116295,200.6075
7607,504.150393,84.453985,84.453985,48.453985,208.07
7608,510.390609,81.982212,81.982212,45.982212,204.1775
7609,510.058389,75.223554,75.223554,39.223554,203.75
7610,504.597285,74.206499,74.206499,38.206499,214.1175
7611,506.857853,73.515402,73.515402,37.515402,205.35
7612,506.709593,73.563355,73.563355,37.563355,217.785
7613,509.686469,74.720987,74.720987,38.720987,212.82
7614,505.59327,77.114992,77.114992,41.114992,214.15
7615,513.523143,80.346574,80.346574,44.346574,211.025
7616,509.536342,83.385824,83.385824,47.385824,207.1425
7617,519.867175,85.020645,85.020645,49.020645,209.44
7618,509.904635,84.70946,84.70946,48.70946,208.955
7619,515.405626,83.005498,83.005498,47.005498,217.955
7620,527.923588,81.060077,81.060077,45.060077,223.4475
7621,507.817944,79.78956,79.78956,43.78956,209.0275
7622,507.096803,79.545578,79.545578,43.545578,206.185
7623,507.690224,80.334526,80.334526,44.334526,209.085
7624,505.363895,82.062393,82.062393,46.062393,204.7525
7625,505.67292,84.506622,84.506622,48.506622,214.485
7626,535.78138,87.163499,87.163499,51.163499,226.725
7627,512.795557,89.263171,89.263171,53.263171,229.65
7628,509.289413,90.06597,90.06597,54.06597,223.905
7629,512.371142,89.263058,89.263058,53.263058,208.405
7630,505.449536,87.162539,87.162539,51.162539,206.125
7631,508.601664,84.500229,84.500229,48.500229,203.335
7632,502.646503,82.028456,82.028456,46.028456,213.34
7633,503.976126,75.27067,75.27067,39.27067,212.925
7634,505.839979,74.253615,74.253615,38.253615,204.29
7635,503.94425,73.562518,73.562518,37.562518,208.39
7636,506.010114,73.610471,73.610471,37.610471,208.15
7637,509.163744,74.768103,74.768103,38.768103,212.45
7638,507.834848,77.162108,77.162108,41.162108,206.225
7639,508.888135,80.39369,80.39369,44.39369,216.895
7640,514.958585,83.43294,83.43294,47.43294,212.255
7641,515.073402,85.067761,85.067761,49.067761,222.745
7642,512.34858,84.756576,84.756576,48.756576,212.73
7643,543.231141,83.052614,83.052614,47.052614,218.785
7644,548.562029,81.107193,81.107193,45.107193,228.66
7645,518.003873,79.836676,79.836676,43.836676,209.87
7646,507.965784,79.592694,79.592694,43.592694,208.77
7647,503.681378,80.381642,80.381642,44.381642,209.68
7648,503.891844,82.109509,82.109509,46.109509,205.8
7649,518.081238,84.553738,84.553738,48.553738,206.37
7650,521.187108,87.210615,87.210615,51.210615,233.46
7651,509.4092,89.310287,89.310287,53.310287,216.12
7652,516.025312,90.113086,90.113086,54.113086,211.93
7653,508.825988,89.310174,89.310174,53.310174,215.655
7654,529.702665,87.209655,87.209655,51.209655,205.96
7655,508.393337,84.547345,84.547345,48.547345,210.995
7656,510.322008,82.075572,82.075572,46.075572,199.535
7657,507.56714,75.318643,75.318643,39.318643,202.945
7658,505.444158,74.301589,74.301589,38.301589,206.67
7659,504.110883,73.610491,73.610491,37.610491,202.8725
7660,504.924443,73.658445,73.658445,37.658445,206.97
7661,507.517599,74.816077,74.816077,38.816077,211.7625
7662,504.307349,77.210081,77.210081,41.210081,209.895
7663,504.318951,80.441664,80.441664,44.441664,211.39
7664,516.835474,83.480914,83.480914,47.480914,218.35
7665,505.967291,85.115735,85.115735,49.115735,218.4625
7666,514.209708,84.804549,84.804549,48.804549,215.63
7667,522.261009,83.100588,83.100588,47.100588,237.4275
7668,523.669056,81.155167,81.155167,45.155167,240.0075
7669,502.557154,79.88465,79.88465,43.88465,221.1675
7670,507.38975,79.640668,79.640668,43.640668,210.0875
7671,506.102118,80.429616,80.429616,44.429616,202.26
7672,503.376917,82.157483,82.157483,46.157483,202.7525
7673,511.666345,84.601711,84.601711,48.601711,221.235
7674,518.978668,87.258588,87.258588,51.258588,223.806667
7675,506.353773,89.35826,89.35826,53.35826,212.088333
7676,507.198964,90.16106,90.16106,54.16106,219.375
7677,511.14315,89.358148,89.358148,53.358148,211.305
7678,507.817944,87.257629,87.257629,51.257629,229.815
7679,525.76592,84.595319,84.595319,48.595319,210.7025
7680,514.084392,82.123546,82.123546,46.123546,213.255
7681,505.659136,70.36746,70.36746,34.36746,209.495
7682,503.245385,69.350406,69.350406,33.350406,205.95
7683,502.121177,68.659309,68.659309,32.659309,203.2475
7684,503.585609,68.707262,68.707262,32.707262,204.9525
7685,503.708732,69.864894,69.864894,33.864894,209.42
7686,502.32723,72.258899,72.258899,36.258899,203.6775
7687,506.774205,75.490481,75.490481,39.490481,203.7025
7688,511.506067,78.529731,78.529731,42.529731,220.125
7689,522.715463,80.164552,80.164552,44.164552,206.895
7690,509.105964,79.853366,79.853366,43.853366,217.6025
7691,519.126953,78.149405,78.149405,42.149405,224.64
7692,523.431713,76.203984,76.203984,40.203984,225.695
7693,503.503624,74.933467,74.933467,38.933467,199.27
7694,505.135371,74.689485,74.689485,38.689485,209.225
7695,505.797927,75.478433,75.478433,39.478433,207.13
7696,503.164609,77.2063,77.2063,41.2063,201.515
7697,521.204026,79.650528,79.650528,43.650528,214.86
7698,533.319697,82.307405,82.307405,46.307405,222.005
7699,517.738997,84.407078,84.407078,48.407078,207.56
7700,509.574695,85.209877,85.209877,49.209877,208.93
7701,514.192466,84.406965,84.406965,48.406965,214.25
7702,506.800469,82.306446,82.306446,46.306446,209.87
7703,511.417867,79.644136,79.644136,43.644136,227.195
7704,516.794365,77.172363,77.172363,41.172363,217.475
7705,507.524192,70.417107,70.417107,34.417107,206.345
7706,504.291141,69.400052,69.400052,33.400052,201.18
7707,506.842314,68.708955,68.708955,32.708955,197.885
7708,508.179533,68.756908,68.756908,32.756908,202.03
7709,504.557535,69.91454,69.91454,33.91454,202.325
7710,507.906098,72.308545,72.308545,36.308545,198.56
7711,504.623906,75.540127,75.540127,39.540127,208.255
7712,517.222225,78.579377,78.579377,42.579377,214.675
7713,512.466188,80.214198,80.214198,44.214198,224.985
7714,510.001049,79.903013,79.903013,43.903013,211.685
7715,527.697615,78.199051,78.199051,42.199051,222.13
7716,540.152853,76.253631,76.253631,40.253631,225.52
7717,525.894123,74.983113,74.983113,38.983113,201.83
7718,530.611707,74.739131,74.739131,38.739131,205.365
7719,508.402174,75.528079,75.528079,39.528079,206.595
7720,507.339323,77.255946,77.255946,41.255946,200.97
7721,511.679401,79.700175,79.700175,43.700175,223.82
7722,516.808061,82.357052,82.357052,46.357052,232.035
7723,511.777623,84.456724,84.456724,48.456724,220.935
7724,505.847007,85.259523,85.259523,49.259523,212.305
7725,513.578141,84.456611,84.456611,48.456611,217.585
7726,520.182396,82.356092,82.356092,46.356092,208.2975
7727,513.843129,79.693782,79.693782,43.693782,214.5725
7728,514.834192,77.222009,77.222009,41.222009,220.0875
7729,511.568712,75.467567,75.467567,39.467567,209.43
7730,513.219638,74.450513,74.450513,38.450513,203.6425
7731,504.300398,73.759415,73.759415,37.759415,208.365
7732,506.760327,73.807369,73.807369,37.807369,210.3975
7733,506.893678,74.965001,74.965001,38.965001,204.2075
7734,504.108632,77.359005,77.359005,41.359005,210
7735,511.046209,80.590588,80.590588,44.590588,204.345
7736,521.052063,83.629838,83.629838,47.629838,220.475
7737,522.04571,85.264659,85.264659,49.264659,215.76
7738,506.560349,84.953473,84.953473,48.953473,212.8525
7739,518.766417,83.249512,83.249512,47.249512,228.51
7740,572.21034,81.304091,81.304091,45.304091,235.845
7741,505.374553,80.033574,80.033574,44.033574,227.284167
7742,513.060167,79.789592,79.789592,43.789592,230.388333
7743,503.691883,80.57854,80.57854,44.57854,210.715
7744,505.371887,82.306407,82.306407,46.306407,209.1475
7745,523.655453,84.750635,84.750635,48.750635,214.875
7746,535.843242,87.407512,87.407512,51.407512,220.1
7747,507.5837,89.507184,89.507184,53.507184,214.9875
7748,516.84096,90.309984,90.309984,54.309984,206.6825
7749,516.062559,89.507072,89.507072,53.507072,216.9525
7750,507.760642,87.406553,87.406553,51.406553,223.0025
7751,504.463262,84.744243,84.744243,48.744243,217.2275
7752,519.964772,82.27247,82.27247,46.27247,218.2275
7753,503.126595,75.518827,75.518827,39.518827,214.7475
7754,505.59327,74.501773,74.501773,38.501773,216.575
7755,508.153486,73.810675,73.810675,37.810675,203.6625
7756,502.122659,73.858629,73.858629,37.858629,208.2325
7757,512.493428,75.016261,75.016261,39.016261,208.4475
7758,504.716617,77.410265,77.410265,41.410265,203.2425
7759,505.166519,80.641848,80.641848,44.641848,214.135
7760,505.6812,83.681098,83.681098,47.681098,223.7
7761,509.128303,85.315919,85.315919,49.315919,224.475
7762,505.374553,85.004733,85.004733,49.004733,207.905
7763,522.576536,83.300772,83.300772,47.300772,221.825
7764,512.731087,81.355351,81.355351,45.355351,249.69
7765,505.446846,80.084834,80.084834,44.084834,205.82
7766,503.355096,79.840852,79.840852,43.840852,216.405
7767,506.879646,80.6298,80.6298,44.6298,202.285
7768,516.386762,82.357667,82.357667,46.357667,205.815
7769,517.832701,84.801895,84.801895,48.801895,225.685
7770,541.666747,87.458772,87.458772,51.458772,233.495
7771,530.374858,89.558444,89.558444,53.558444,209.52
7772,554.342185,90.361244,90.361244,54.361244,220.13
7773,517.141656,89.558332,89.558332,53.558332,219.41
7774,507.693568,87.457813,87.457813,51.457813,209.785
7775,509.494266,84.795503,84.795503,48.795503,204.01
7776,515.119485,82.32373,82.32373,46.32373,222.825
7777,508.735096,75.570872,75.570872,39.570872,200.87
7778,515.165656,74.553817,74.553817,38.553817,206.225
7779,507.688553,73.86272,73.86272,37.86272,210.36
7780,507.375088,73.910673,73.910673,37.910673,197.89
7781,509.853715,75.068305,75.068305,39.068305,215.79
7782,517.163858,77.46231,77.46231,41.46231,204.535
7783,510.303897,80.693892,80.693892,44.693892,205.425
7784,522.433764,83.733142,83.733142,47.733142,206.385
7785,514.862905,85.367963,85.367963,49.367963,211.715
7786,507.45514,85.056778,85.056778,49.056778,205.82
7787,526.31144,83.352816,83.352816,47.352816,224.88
7788,561.541598,81.407395,81.407395,45.407395,216.05
7789,516.942654,80.136878,80.136878,44.136878,205.955
7790,517.665388,79.892896,79.892896,43.892896,201.46
7791,513.273853,80.681844,80.681844,44.681844,208.425
7792,524.508225,82.409711,82.409711,46.409711,219.7125
7793,530.550388,84.853939,84.853939,48.853939,221.0175
7794,580.070502,87.510816,87.510816,51.510816,236.6325
7795,521.503624,89.610489,89.610489,53.610489,230.24
7796,540.333606,90.413288,90.413288,54.413288,242.61
7797,528.520385,89.610376,89.610376,53.610376,220.4025
7798,534.076544,87.509857,87.509857,51.509857,209.685
7799,514.091744,84.847547,84.847547,48.847547,212.2
7800,511.880765,82.375774,82.375774,46.375774,218.5075
7801,508.873487,75.623685,75.623685,39.623685,211.18
7802,524.065702,74.60663,74.60663,38.60663,218.5525
7803,508.300027,73.915533,73.915533,37.915533,209.6775
7804,509.327136,73.963486,73.963486,37.963486,209.2025
7805,512.662241,75.121118,75.121118,39.121118,212.665
7806,516.319442,77.515123,77.515123,41.515123,220.4225
7807,536.153565,80.746705,80.746705,44.746705,213.2325
7808,575.024678,83.785955,83.785955,47.785955,224.771667
7809,552.08375,85.420776,85.420776,49.420776,218.255833
7810,556.602501,85.109591,85.109591,49.109591,209.325
7811,536.331651,83.405629,83.405629,47.405629,227.5725
7812,518.884148,81.460208,81.460208,45.460208,245.6175
7813,509.039154,80.189691,80.189691,44.189691,220.2225
7814,513.484967,79.945709,79.945709,43.945709,220.87
7815,516.917882,80.734657,80.734657,44.734657,216.6325
7816,510.213643,82.462524,82.462524,46.462524,226.305
7817,537.366408,84.906753,84.906753,48.906753,230.35
7818,520.90079,87.56363,87.56363,51.56363,252.4525
7819,510.52052,89.663302,89.663302,53.663302,224.055
7820,504.425429,90.466101,90.466101,54.466101,235.94
7821,519.67894,89.663189,89.663189,53.663189,229.0525
7822,511.977839,87.56267,87.56267,51.56267,232.48
7823,519.335779,84.90036,84.90036,48.90036,217.4825
7824,516.459664,82.428587,82.428587,46.428587,215.105
7825,512.566253,75.677251,75.677251,39.677251,211.37
7826,510.866405,74.660196,74.660196,38.660196,225.985
7827,507.240731,73.969099,73.969099,37.969099,210.57
7828,505.664647,74.017052,74.017052,38.017052,211.98
7829,533.70103,75.174684,75.174684,39.174684,215.975
7830,511.514695,77.568689,77.568689,41.568689,219.65
7831,525.844951,80.800271,80.800271,44.800271,233.67
7832,512.708113,83.839521,83.839521,47.839521,250.7
7833,506.259383,85.474342,85.474342,49.474342,241.615
7834,509.425668,85.163157,85.163157,49.163157,243.58
7835,535.473083,83.459195,83.459195,47.459195,233.77
7836,511.217268,81.513775,81.513775,45.513775,221.925
7837,505.026013,80.243258,80.243258,44.243258,211.595
7838,505.276473,79.999275,79.999275,43.999275,216.855
7839,514.306012,80.788223,80.788223,44.788223,220.2
7840,504.386627,82.51609,82.51609,46.51609,213.12
7841,517.434504,84.960319,84.960319,48.960319,234.345
7842,527.405582,87.617196,87.617196,51.617196,223.58
7843,533.121645,89.716868,89.716868,53.716868,213.5
7844,511.999971,90.519667,90.519667,54.519667,203.93
7845,503.49346,89.716755,89.716755,53.716755,222.59
7846,507.023943,87.616236,87.616236,51.616236,215.215
7847,507.150961,84.953926,84.953926,48.953926,222.305
7848,508.37921,82.482153,82.482153,46.482153,219.78
7849,528.939423,70.731554,70.731554,34.731554,215.87
7850,511.61204,69.7145,69.7145,33.7145,213.92
7851,507.433304,69.023402,69.023402,33.023402,208.995
7852,510.407466,69.071356,69.071356,33.071356,206.355
7853,507.988026,70.228988,70.228988,34.228988,232.26
7854,516.462368,72.622992,72.622992,36.622992,214.685
7855,528.063516,75.854575,75.854575,39.854575,227.25
7856,510.223646,78.893825,78.893825,42.893825,216.025
7857,502.90005,80.528646,80.528646,44.528646,207.4
7858,508.319339,80.21746,80.21746,44.21746,212.11
7859,550.470637,78.513499,78.513499,42.513499,233.285
7860,546.444062,76.568078,76.568078,40.568078,214.3375
7861,513.547038,75.297561,75.297561,39.297561,205.1525
7862,505.086298,75.053579,75.053579,39.053579,205.635
7863,503.268701,75.842527,75.842527,39.842527,217.7
7864,506.115127,77.570394,77.570394,41.570394,203.8475
7865,546.840895,80.014622,80.014622,44.014622,220.665
7866,525.008646,82.671499,82.671499,46.671499,228.315
7867,505.918991,84.771171,84.771171,48.771171,231.9175
7868,510.465589,85.573971,85.573971,49.573971,215.24
7869,511.042006,84.771059,84.771059,48.771059,201.805
7870,517.017108,82.67054,82.67054,46.67054,208.655
7871,509.912483,80.00823,80.00823,44.00823,208.855
7872,506.368602,77.536457,77.536457,41.536457,210.6825
7873,521.22307,70.786579,70.786579,34.786579,229.325
7874,514.897576,69.769524,69.769524,33.769524,214.7975
7875,513.748808,69.078427,69.078427,33.078427,209.291667
7876,506.47002,69.126381,69.126381,33.126381,213.360833
7877,506.842314,70.284013,70.284013,34.284013,210.12
7878,519.642638,72.678017,72.678017,36.678017,219.7825
7879,535.887471,75.909599,75.909599,39.909599,228.7525
7880,512.529807,78.94885,78.94885,42.94885,213.1325
7881,506.183347,80.583671,80.583671,44.583671,200.2575
7882,512.393731,80.272485,80.272485,44.272485,210.5975
7883,548.567386,78.568524,78.568524,42.568524,240.8875
7884,512.855605,76.623103,76.623103,40.623103,239.005
7885,509.590064,75.352586,75.352586,39.352586,216.92
7886,509.203016,75.108603,75.108603,39.108603,205.27
7887,506.575481,75.897551,75.897551,39.897551,201.24
7888,509.640119,77.625418,77.625418,41.625418,207.1525
7889,529.994098,80.069647,80.069647,44.069647,239.195
7890,519.455752,82.726524,82.726524,46.726524,226.6625
7891,508.530078,84.826196,84.826196,48.826196,206.81
7892,519.958663,85.628995,85.628995,49.628995,213.4325
7893,516.228168,84.826083,84.826083,48.826083,214.13
7894,512.048752,82.725565,82.725565,46.725565,220.29
7895,507.737124,80.063254,80.063254,44.063254,212.74
7896,506.157164,77.591481,77.591481,41.591481,207.585
7897,508.847891,75.842309,75.842309,39.842309,223.835
7898,515.530415,74.825254,74.825254,38.825254,218.29
7899,505.422681,74.134157,74.134157,38.134157,217.13
7900,503.693987,74.18211,74.18211,38.18211,207.755
7901,503.094511,75.339742,75.339742,39.339742,208.365
7902,507.383231,77.733747,77.733747,41.733747,222.56
7903,528.577822,80.965329,80.965329,44.965329,233.52
7904,533.781884,84.004579,84.004579,48.004579,215.83
7905,535.074814,85.6394,85.6394,49.6394,207.27
7906,515.768741,85.328215,85.328215,49.328215,215.68
7907,521.935313,83.624253,83.624253,47.624253,240.01
7908,514.003678,81.678832,81.678832,45.678832,216.185
7909,505.316098,80.408315,80.408315,44.408315,212.325
7910,505.575515,80.164333,80.164333,44.164333,211.815
7911,505.796529,80.953281,80.953281,44.953281,207.93
7912,509.165612,82.681148,82.681148,46.681148,212.39
7913,522.395422,85.125377,85.125377,49.125377,230
7914,516.375979,87.782254,87.782254,51.782254,222.405
7915,508.465973,89.881926,89.881926,53.881926,210.895
7916,508.869828,90.684725,90.684725,54.684725,222.82
7917,503.665654,89.881813,89.881813,53.881813,219.565
7918,508.496207,87.781294,87.781294,51.781294,215.295
7919,506.871858,85.118984,85.118984,49.118984,209.75
7920,508.307046,82.647211,82.647211,46.647211,207.225
7921,502.422713,75.898727,75.898727,39.898727,211.335
7922,508.526508,74.881672,74.881672,38.881672,218.905
7923,507.250391,74.190575,74.190575,38.190575,205.91
7924,511.980051,74.238528,74.238528,38.238528,202.29
7925,506.783467,75.39616,75.39616,39.39616,200.785
7926,504.820445,77.790165,77.790165,41.790165,209.215
7927,515.050394,81.021747,81.021747,45.021747,229.09
7928,510.036615,84.060997,84.060997,48.060997,232.3075
7929,507.406064,85.695818,85.695818,49.695818,233.0575
7930,505.561881,85.384633,85.384633,49.384633,219.1325
7931,516.354427,83.680671,83.680671,47.680671,224.39
7932,510.964439,81.735251,81.735251,45.735251,217.3925
7933,503.60215,80.464733,80.464733,44.464733,205.71
7934,505.222622,80.220751,80.220751,44.220751,206.1925
7935,502.666146,81.009699,81.009699,45.009699,206.5925
7936,506.685082,82.737566,82.737566,46.737566,211.765
7937,522.722092,85.181795,85.181795,49.181795,224.7425
7938,519.491836,87.838672,87.838672,51.838672,219.7025
7939,504.035915,89.938344,89.938344,53.938344,210.805
7940,537.858643,90.741143,90.741143,54.741143,211.365
7941,509.663276,89.938231,89.938231,53.938231,202.2225
7942,509.039154,87.837712,87.837712,51.837712,210.8475
7943,524.376319,85.175402,85.175402,49.175402,208.4125
7944,518.242367,82.703629,82.703629,46.703629,210.58
7945,533.548167,75.955817,75.955817,39.955817,198.86
7946,522.352748,74.938762,74.938762,38.938762,210.89
7947,508.286,74.247665,74.247665,38.247665,209.01
7948,504.049278,74.295618,74.295618,38.295618,215.2175
7949,512.493428,75.45325,75.45325,39.45325,208.27
7950,518.468304,77.847255,77.847255,41.847255,204.745
7951,534.299675,81.078837,81.078837,45.078837,218.44
7952,514.454975,84.118087,84.118087,48.118087,212.8975
7953,507.720354,85.752908,85.752908,49.752908,209.25
7954,507.26006,85.441723,85.441723,49.441723,206.1675
7955,521.59338,83.737761,83.737761,47.737761,219.6825
7956,509.191785,81.79234,81.79234,45.79234,214.0375
7957,505.337307,80.521823,80.521823,44.521823,202.07
7958,503.450975,80.277841,80.277841,44.277841,205.5325
7959,503.783017,81.066789,81.066789,45.066789,199.5925
7960,504.053739,82.794656,82.794656,46.794656,208.11
7961,536.48346,85.238884,85.238884,49.238884,224.99
7962,513.971962,87.895761,87.895761,51.895761,222.435
7963,502.643096,89.995434,89.995434,53.995434,203.08
7964,505.628887,90.798233,90.798233,54.798233,234.615
7965,506.076152,89.995321,89.995321,53.995321,212.42
7966,502.453456,87.894802,87.894802,51.894802,211.595
7967,502.692768,85.232492,85.232492,49.232492,226.21
7968,501.483014,82.760719,82.760719,46.760719,221.375
7969,506.40577,76.013561,76.013561,40.013561,232.17
7970,506.395349,74.996506,74.996506,38.996506,224.71
7971,501.593048,74.305409,74.305409,38.305409,210.55
7972,504.487011,74.353363,74.353363,38.353363,203.11
7973,502.438054,75.510995,75.510995,39.510995,215.79
7974,504.014814,77.904999,77.904999,41.904999,221.57
7975,524.120739,81.136581,81.136581,45.136581,232.61
7976,506.617968,84.175832,84.175832,48.175832,217.85
7977,504.904286,85.810653,85.810653,49.810653,209.725
7978,508.648397,85.499467,85.499467,49.499467,209.025
7979,524.734897,83.795506,83.795506,47.795506,224.125
7980,505.112089,81.850085,81.850085,45.850085,211.8
7981,503.842037,80.579568,80.579568,44.579568,205.75
7982,502.294383,80.335585,80.335585,44.335585,201.7
7983,502.998588,81.124534,81.124534,45.124534,202.5
7984,506.073272,82.8524,82.8524,46.8524,203.12
7985,519.62551,85.296629,85.296629,49.296629,233.855
7986,510.057729,87.953506,87.953506,51.953506,217.36
7987,502.915422,90.053178,90.053178,54.053178,199.525
7988,503.616663,90.855977,90.855977,54.855977,206.29
7989,504.339882,90.053065,90.053065,54.053065,207.085
7990,502.587282,87.952547,87.952547,51.952547,198.955
7991,501.447241,85.290236,85.290236,49.290236,199.67
7992,501.280865,82.818463,82.818463,46.818463,195.485
7993,501.893756,76.071943,76.071943,40.071943,207.6475
7994,500.93749,75.054889,75.054889,39.054889,207.63
7995,503.629132,74.363791,74.363791,38.363791,195.94
7996,500.845831,74.411745,74.411745,38.411745,204.06
7997,502.857815,75.569377,75.569377,39.569377,198.9075
7998,501.082954,77.963381,77.963381,41.963381,203.0325
7999,503.0589,81.194964,81.194964,45.194964,226.025
8000,501.234012,84.234214,84.234214,48.234214,208
8001,502.026955,85.869035,85.869035,49.869035,204.9125
8002,503.0561,85.557849,85.557849,49.557849,211.06
8003,523.035034,83.853888,83.853888,47.853888,226.4675
8004,507.039742,81.908467,81.908467,45.908467,205.32
8005,501.000249,80.63795,80.63795,44.63795,202.6375
8006,500.532282,80.393968,80.393968,44.393968,198.455
8007,502.641394,81.182916,81.182916,45.182916,200.5275
8008,503.643713,82.910783,82.910783,46.910783,207.08
8009,514.725571,85.355011,85.355011,49.355011,222.545833
8010,508.72785,88.011888,88.011888,52.011888,212.924167
8011,501.057467,90.11156,90.11156,54.11156,200.3
8012,501.370024,90.91436,90.91436,54.91436,202.105
8013,504.067139,90.111448,90.111448,54.111448,203.7475
8014,503.59801,88.010929,88.010929,52.010929,199.36
8015,502.637991,85.348619,85.348619,49.348619,195.3325
8016,501.741913,82.876846,82.876846,46.876846,194.59
8017,505.522463,71.130946,71.130946,35.130946,197.09
8018,501.142585,70.113891,70.113891,34.113891,192.8375
8019,500.948588,69.422794,69.422794,33.422794,202.135
8020,501.220379,69.470748,69.470748,33.470748,192.3025
8021,500.524278,70.628379,70.628379,34.628379,200.14
8022,502.01474,73.022384,73.022384,37.022384,193.6225
8023,524.941788,76.253966,76.253966,40.253966,200.69
8024,506.13105,79.293217,79.293217,43.293217,194.37
8025,501.688789,80.928038,80.928038,44.928038,197.5625
8026,504.109758,80.616852,80.616852,44.616852,200.6825
8027,521.503624,78.912891,78.912891,42.912891,225.225
8028,505.820331,76.96747,76.96747,40.96747,208.68
8029,501.511551,75.696953,75.696953,39.696953,193.185
8030,505.060589,75.45297,75.45297,39.45297,190.13
8031,500.609153,76.241918,76.241918,40.241918,199.52
8032,515.307286,77.969785,77.969785,41.969785,202.17
8033,514.650087,80.414014,80.414014,44.414014,218.12
8034,506.001534,83.070891,83.070891,47.070891,211.17
8035,501.600478,85.170563,85.170563,49.170563,193.49
8036,500.92034,85.973362,85.973362,49.973362,194.995
8037,500.663852,85.17045,85.17045,49.17045,203.15
8038,502.024796,83.069932,83.069932,47.069932,202.06
8039,504.030355,80.407621,80.407621,44.407621,199.51
8040,502.115994,77.935848,77.935848,41.935848,196.525
8041,504.882926,71.190552,71.190552,35.190552,206.095
8042,501.041792,70.173497,70.173497,34.173497,193.925
8043,501.650575,69.4824,69.4824,33.4824,192.9
8044,500.552628,69.530353,69.530353,33.530353,194.305
8045,502.958192,70.687985,70.687985,34.687985,190.065
8046,502.509083,73.08199,73.08199,37.08199,197.52
8047,501.882054,76.313572,76.313572,40.313572,226.615
8048,504.184448,79.352822,79.352822,43.352822,207.18
8049,500.55771,80.987643,80.987643,44.987643,196.32
8050,501.354342,80.676458,80.676458,44.676458,203.245
8051,518.190477,78.972496,78.972496,42.972496,224.055
8052,506.459533,77.027075,77.027075,41.027075,206.635
8053,502.128594,75.756558,75.756558,39.756558,195.605
8054,502.990297,75.512576,75.512576,39.512576,205.22
8055,501.358811,76.301524,76.301524,40.301524,190.725
8056,502.741283,78.029391,78.029391,42.029391,218.69
8057,521.181822,80.47362,80.47362,44.47362,218.045
8058,504.241599,83.130497,83.130497,47.130497,206.955
8059,503.792635,85.230169,85.230169,49.230169,195.97
8060,501.522342,86.032968,86.032968,50.032968,192.74
8061,500.799012,85.230056,85.230056,49.230056,191.12
8062,503.596976,83.129537,83.129537,47.129537,197.555
8063,505.296262,80.467227,80.467227,44.467227,203.0675
8064,502.015457,77.995454,77.995454,41.995454,197.8675
8065,507.042904,76.250742,76.250742,40.250742,204.87
8066,502.918141,75.233688,75.233688,39.233688,193.4075
8067,500.857904,74.54259,74.54259,38.54259,196.17
8068,500.802215,74.590544,74.590544,38.590544,190.2925
8069,500.71744,75.748176,75.748176,39.748176,200.4175
8070,501.757659,78.142181,78.142181,42.142181,199.125
8071,500.421447,81.373763,81.373763,45.373763,197.0475
8072,502.486082,84.413013,84.413013,48.413013,203.41
8073,500.952157,86.047834,86.047834,50.047834,190.3325
8074,501.7841,85.736648,85.736648,49.736648,194.925
8075,518.795806,84.032687,84.032687,48.032687,221.33
8076,511.670696,82.087266,82.087266,46.087266,207.7375
8077,504.276125,80.816749,80.816749,44.816749,197.91
8078,500.867977,80.572767,80.572767,44.572767,200.505
8079,501.00394,81.361715,81.361715,45.361715,194.945
8080,502.547161,83.089582,83.089582,47.089582,199.81
8081,542.799524,85.53381,85.53381,49.53381,223.8025
8082,506.761868,88.190687,88.190687,52.190687,203.535
8083,502.401819,90.29036,90.29036,54.29036,202.5225
8084,504.336389,91.093159,91.093159,55.093159,195.65
8085,501.073773,90.290247,90.290247,54.290247,192.015
8086,503.083237,88.189728,88.189728,52.189728,202.0575
8087,500.346341,85.527418,85.527418,49.527418,205.6725
8088,502.897342,83.055645,83.055645,47.055645,197.5225
8089,508.402174,76.311501,76.311501,40.311501,208.685
8090,512.795557,75.294446,75.294446,39.294446,200.3075
8091,504.501299,74.603349,74.603349,38.603349,192.375
8092,502.514029,74.651302,74.651302,38.651302,192.035
8093,500.981015,75.808934,75.808934,39.808934,191.4875
8094,500.462409,78.202939,78.202939,42.202939,196.585
8095,501.640477,81.434521,81.434521,45.434521,189.1675
8096,504.324759,84.473771,84.473771,48.473771,199.055
8097,502.897342,86.108592,86.108592,50.108592,192.92
8098,500.499535,85.797407,85.797407,49.797407,196.685
8099,514.153106,84.093445,84.093445,48.093445,221.85
8100,504.43723,82.148024,82.148024,46.148024,214.865
8101,501.126618,80.877507,80.877507,44.877507,203.61
8102,500.375368,80.633525,80.633525,44.633525,192.435
8103,501.890998,81.422473,81.422473,45.422473,193.205
8104,504.999224,83.15034,83.15034,47.15034,199.24
8105,516.273765,85.594569,85.594569,49.594569,237.21
8106,505.78116,88.251446,88.251446,52.251446,208.235
8107,500.957975,90.351118,90.351118,54.351118,198.795
8108,500.3294,91.153917,91.153917,55.153917,203.74
8109,500.267495,90.351005,90.351005,54.351005,193.575
8110,501.050799,88.250486,88.250486,52.250486,200.755
8111,501.55988,85.588176,85.588176,49.588176,188.42
8112,500.292001,83.116403,83.116403,47.116403,200.25
8113,500.372893,76.372808,76.372808,40.372808,210.715
8114,502.24029,75.355754,75.355754,39.355754,216.12
8115,500.442316,74.664656,74.664656,38.664656,204.09
8116,501.942422,74.71261,74.71261,38.71261,199.14
8117,501.515143,75.870242,75.870242,39.870242,193.08
8118,500.947252,78.264247,78.264247,42.264247,189.54
8119,501.854702,81.495829,81.495829,45.495829,196.13
8120,507.555562,84.535079,84.535079,48.535079,203.715
8121,500.37512,86.1699,86.1699,50.1699,200.25
8122,503.799056,85.858714,85.858714,49.858714,189.86
8123,507.853469,84.154753,84.154753,48.154753,217.545
8124,505.300225,82.209332,82.209332,46.209332,203.955
8125,503.421832,80.938815,80.938815,44.938815,193.845
8126,500.320343,80.694833,80.694833,44.694833,188.72
8127,503.522987,81.483781,81.483781,45.483781,197.08
8128,507.289114,83.211648,83.211648,47.211648,205.1
8129,521.118462,85.655876,85.655876,49.655876,219.6075
8130,514.592382,88.312753,88.312753,52.312753,206.565
8131,502.852451,90.412426,90.412426,54.412426,192.9525
8132,505.240971,91.215225,91.215225,55.215225,188.2375
8133,503.503624,90.412313,90.412313,54.412313,187.515
8134,515.338298,88.311794,88.311794,52.311794,193.455
8135,518.901848,85.649484,85.649484,49.649484,195.805
8136,505.032405,83.177711,83.177711,47.177711,187.8125
8137,501.967049,76.434647,76.434647,40.434647,188.695
8138,502.312334,75.417593,75.417593,39.417593,198.28
8139,502.006145,74.726495,74.726495,38.726495,189.36
8140,502.228041,74.774449,74.774449,38.774449,197.265
8141,504.091779,75.932081,75.932081,39.932081,195.62
8142,500.830583,78.326086,78.326086,42.326086,192.8925
8143,504.751068,81.557668,81.557668,45.557668,196.9475
8144,503.864725,84.596918,84.596918,48.596918,209.4775
8145,500.372399,86.231739,86.231739,50.231739,188.7175
8146,503.554724,85.920553,85.920553,49.920553,202.5375
8147,513.753636,84.216592,84.216592,48.216592,209.9225
8148,510.492015,82.271171,82.271171,46.271171,205.68
8149,501.374525,81.000654,81.000654,45.000654,201.6275
8150,503.58974,80.756672,80.756672,44.756672,188.1375
8151,502.708302,81.54562,81.54562,45.54562,201.8775
8152,508.042941,83.273487,83.273487,47.273487,209.07
8153,539.47254,85.717715,85.717715,49.717715,223.7525
8154,516.475892,88.374592,88.374592,52.374592,217.9875
8155,512.584501,90.474265,90.474265,54.474265,200.125
8156,523.68947,91.277064,91.277064,55.277064,205.5675
8157,511.614209,90.474152,90.474152,54.474152,201.83
8158,507.005014,88.373633,88.373633,52.373633,218.72
8159,510.313956,85.711323,85.711323,49.711323,221.94
8160,500.403285,83.23955,83.23955,47.23955,205.165
8161,501.717165,76.496999,76.496999,40.496999,197.3525
8162,504.51084,75.479945,75.479945,39.479945,198.5125
8163,500.227862,74.788847,74.788847,38.788847,197.49
8164,500.321917,74.836801,74.836801,38.836801,198.24
8165,500.613203,75.994433,75.994433,39.994433,203.205
8166,501.002094,78.388437,78.388437,42.388437,192.21
8167,505.104343,81.62002,81.62002,45.62002,204.605
8168,516.067885,84.65927,84.65927,48.65927,202.69
8169,501.584407,86.294091,86.294091,50.294091,188.69
8170,504.872895,85.982905,85.982905,49.982905,201.955
8171,528.029439,84.278944,84.278944,48.278944,217.135
8172,503.2328,82.333523,82.333523,46.333523,213.465
8173,500.944139,81.063006,81.063006,45.063006,195.015
8174,501.974121,80.819024,80.819024,44.819024,202.04
8175,500.709252,81.607972,81.607972,45.607972,199.715
8176,501.963519,83.335839,83.335839,47.335839,210.2
8177,521.822035,85.780067,85.780067,49.780067,235.485
8178,505.733819,88.436944,88.436944,52.436944,219.795
8179,501.130099,90.536617,90.536617,54.536617,215.89
8180,502.723893,91.339416,91.339416,55.339416,225.71
8181,502.586442,90.536504,90.536504,54.536504,214.8
8182,500.512718,88.435985,88.435985,52.435985,208.625
8183,501.983339,85.773675,85.773675,49.773675,213.245
8184,500.289048,83.301902,83.301902,47.301902,188.995
8185,503.662515,71.559846,71.559846,35.559846,196.43
8186,500.566353,70.542791,70.542791,34.542791,204.11
8187,500.7686,69.851694,69.851694,33.851694,186.995
8188,504.463262,69.899647,69.899647,33.899647,188.155
8189,502.543835,71.057279,71.057279,35.057279,190.755
8190,501.05175,73.451284,73.451284,37.451284,193.195
8191,501.522342,76.682866,76.682866,40.682866,205.305
8192,502.650765,79.722116,79.722116,43.722116,219.415
8193,502.459959,81.356937,81.356937,45.356937,195.905
8194,502.699665,81.045752,81.045752,45.045752,204.85
8195,507.365323,79.34179,79.34179,43.34179,228.73
8196,506.893678,77.39637,77.39637,41.39637,201.1475
8197,500.506399,76.125853,76.125853,40.125853,192.875
8198,501.355459,75.88187,75.88187,39.88187,197.3775
8199,504.291141,76.670818,76.670818,40.670818,191.4325
8200,506.010114,78.398685,78.398685,42.398685,197.34
8201,522.097782,80.842914,80.842914,44.842914,224.3025
8202,503.34916,83.499791,83.499791,47.499791,206.48
8203,511.081973,85.599463,85.599463,49.599463,193.8625
8204,501.177499,86.402262,86.402262,50.402262,199.76
8205,505.29098,85.59935,85.59935,49.59935,199.3575
8206,505.775578,83.498831,83.498831,47.498831,189.97
8207,501.810792,80.836521,80.836521,44.836521,197.41
8208,501.708104,78.364748,78.364748,42.364748,187.7775
8209,502.36672,71.623168,71.623168,35.623168,202.215
8210,504.035915,70.606113,70.606113,34.606113,190.4
8211,500.324173,69.915016,69.915016,33.915016,191.8225
8212,500.864611,69.96297,69.96297,33.96297,204.01
8213,501.480651,71.120602,71.120602,35.120602,199.23
8214,500.60579,73.514606,73.514606,37.514606,193.46
8215,515.035068,76.746189,76.746189,40.746189,195.65
8216,501.555004,79.785439,79.785439,43.785439,199.5475
8217,501.614158,81.42026,81.42026,45.42026,198.975
8218,506.982972,81.109074,81.109074,45.109074,199.69
8219,520.117873,79.405113,79.405113,43.405113,209.1875
8220,502.058062,77.459692,77.459692,41.459692,208.4475
8221,501.327724,76.189175,76.189175,40.189175,189.9175
8222,503.46308,75.945192,75.945192,39.945192,194.93
8223,501.031893,76.734141,76.734141,40.734141,203.6425
8224,510.945624,78.462007,78.462007,42.462007,206.97
8225,526.658357,80.906236,80.906236,44.906236,224.515
8226,503.104868,83.563113,83.563113,47.563113,201.445
8227,505.005594,85.662785,85.662785,49.662785,214.1775
8228,500.873888,86.465584,86.465584,50.465584,194.0975
8229,500.790644,85.662672,85.662672,49.662672,205.6625
8230,502.373077,83.562154,83.562154,47.562154,206.555
8231,508.278992,80.899844,80.899844,44.899844,196.785
8232,500.807839,78.428071,78.428071,42.428071,196.395
8233,501.749119,76.686948,76.686948,40.686948,198.685
8234,500.37985,75.669893,75.669893,39.669893,203.08
8235,500.468091,74.978796,74.978796,38.978796,188.18
8236,502.640543,75.026749,75.026749,39.026749,192.415
8237,500.315208,76.184381,76.184381,40.184381,195.475
8238,500.691594,78.578386,78.578386,42.578386,190.7
8239,507.843309,81.809968,81.809968,45.809968,218.425
8240,505.904833,84.849218,84.849218,48.849218,195.785
8241,503.521966,86.484039,86.484039,50.484039,196.025
8242,510.297864,86.172854,86.172854,50.172854,208.59
8243,527.163713,84.468892,84.468892,48.468892,222.95
8244,505.104343,82.523471,82.523471,46.523471,197.67
8245,501.293835,81.252954,81.252954,45.252954,194.805
8246,500.571191,81.008972,81.008972,45.008972,201.73
8247,501.083923,81.79792,81.79792,45.79792,193.355
8248,507.970913,83.525787,83.525787,47.525787,214.015
8249,513.908667,85.970016,85.970016,49.970016,227.81
8250,503.633294,88.626893,88.626893,52.626893,200.8125
8251,503.418826,90.726565,90.726565,54.726565,205.1125
8252,502.450208,91.529364,91.529364,55.529364,192.47
8253,501.027201,90.726452,90.726452,54.726452,191.9625
8254,510.549074,88.625933,88.625933,52.625933,198.705
8255,506.398326,85.963623,85.963623,49.963623,210.54
8256,501.485379,83.49185,83.49185,47.49185,192.07
8257,501.820193,76.751165,76.751165,40.751165,196.5525
8258,500.359221,75.734111,75.734111,39.734111,188.765
8259,502.115255,75.043013,75.043013,39.043013,189.59
8260,500.285069,75.090967,75.090967,39.090967,199.5175
8261,500.266295,76.248599,76.248599,40.248599,188.08
8262,501.701651,78.642603,78.642603,42.642603,191.3125
8263,508.709752,81.874186,81.874186,45.874186,209.9075
8264,503.147467,84.913436,84.913436,48.913436,206.785
8265,501.417756,86.548257,86.548257,50.548257,201.875
8266,510.544992,86.237071,86.237071,50.237071,213.225
8267,514.011004,84.53311,84.53311,48.53311,228.1525
8268,503.668796,82.587689,82.587689,46.587689,205.305
8269,505.468384,81.317172,81.317172,45.317172,194.65
8270,502.793872,81.07319,81.07319,45.07319,190.4375
8271,501.046052,81.862138,81.862138,45.862138,193.6275
8272,513.139749,83.590005,83.590005,47.590005,210.095
8273,530.120681,86.034233,86.034233,50.034233,217.295
8274,509.928192,88.69111,88.69111,52.69111,202.145
8275,502.440481,90.790782,90.790782,54.790782,201.62
8276,506.627094,91.593582,91.593582,55.593582,198.945
8277,506.724941,90.79067,90.79067,54.79067,193.33
8278,501.540433,88.690151,88.690151,52.690151,213.535
8279,503.721401,86.027841,86.027841,50.027841,207.635
8280,506.428137,83.556068,83.556068,47.556068,195.495
8281,501.353784,76.815802,76.815802,40.815802,196.82
8282,500.669915,75.798747,75.798747,39.798747,188.555
8283,500.441216,75.10765,75.10765,39.10765,197.865
8284,500.26331,75.155604,75.155604,39.155604,187.73
8285,502.396213,76.313236,76.313236,40.313236,187.5
8286,506.945286,78.70724,78.70724,42.70724,196.37
8287,510.532751,81.938823,81.938823,45.938823,211.145
8288,502.001856,84.978073,84.978073,48.978073,200.925
8289,501.194947,86.612894,86.612894,50.612894,195.205
8290,511.891771,86.301708,86.301708,50.301708,213.53
8291,511.544925,84.597747,84.597747,48.597747,217.4
8292,501.789419,82.652326,82.652326,46.652326,202.23
8293,500.817132,81.381809,81.381809,45.381809,205.995
8294,500.829764,81.137826,81.137826,45.137826,199.96
8295,500.824044,81.926775,81.926775,45.926775,193.43
8296,507.282651,83.654641,83.654641,47.654641,216.49
8297,516.827247,86.09887,86.09887,50.09887,230.08
8298,504.045935,88.755747,88.755747,52.755747,212.76
8299,502.790346,90.855419,90.855419,54.855419,198.915
8300,503.09263,91.658218,91.658218,55.658218,208.015
8301,500.355374,90.855306,90.855306,54.855306,208.175
8302,501.19856,88.754788,88.754788,52.754788,195.725
8303,503.398829,86.092478,86.092478,50.092478,202.355
8304,500.612189,83.620705,83.620705,47.620705,207.685
8305,501.51754,76.880839,76.880839,40.880839,194.9225
8306,500.284444,75.863784,75.863784,39.863784,191.1625
8307,501.152637,75.172687,75.172687,39.172687,189.35
8308,500.50132,75.220641,75.220641,39.220641,187.4625
8309,500.351315,76.378273,76.378273,40.378273,198.7775
8310,503.706624,78.772277,78.772277,42.772277,208.53
8311,509.240517,82.00386,82.00386,46.00386,213.515
8312,500.611513,85.04311,85.04311,49.04311,197.475
8313,500.698917,86.677931,86.677931,50.677931,194.1825
8314,511.14315,86.366745,86.366745,50.366745,215.1175
8315,515.2042,84.662784,84.662784,48.662784,214.72
8316,502.926305,82.717363,82.717363,46.717363,196.705
8317,500.491847,81.446846,81.446846,45.446846,192.1275
8318,500.420114,81.202863,81.202863,45.202863,192.205
8319,502.813313,81.991812,81.991812,45.991812,192.17
8320,511.109371,83.719678,83.719678,47.719678,209.06
8321,504.35504,86.163907,86.163907,50.163907,220.1175
8322,502.484444,88.820784,88.820784,52.820784,203.1025
8323,501.506771,90.920456,90.920456,54.920456,199.95
8324,503.012439,91.723255,91.723255,55.723255,200.78
8325,502.099023,90.920343,90.920343,54.920343,188.515
8326,503.652062,88.819825,88.819825,52.819825,194.2
8327,502.106391,86.157515,86.157515,50.157515,201.57
8328,501.172907,83.685741,83.685741,47.685741,190.7475
8329,500.63233,76.946257,76.946257,40.946257,195.63
8330,500.551045,75.929202,75.929202,39.929202,187.7225
8331,500.199724,75.238105,75.238105,39.238105,193.975
8332,500.560582,75.286059,75.286059,39.286059,189.875
8333,502.066797,76.44369,76.44369,40.44369,188.4725
8334,504.13682,78.837695,78.837695,42.837695,202.32
8335,511.012616,82.069277,82.069277,46.069277,211.865
8336,502.349293,85.108528,85.108528,49.108528,190.7425
8337,502.40663,86.743348,86.743348,50.743348,191.3625
8338,506.128153,86.432163,86.432163,50.432163,214.25
8339,522.013204,84.728201,84.728201,48.728201,218.59
8340,501.448988,82.782781,82.782781,46.782781,200.33
8341,500.787867,81.512264,81.512264,45.512264,189.795
8342,500.182879,81.268281,81.268281,45.268281,189.155
8343,516.057235,82.057229,82.057229,46.057229,200.015
8344,514.943318,83.785096,83.785096,47.785096,214.21
8345,527.189696,86.229325,86.229325,50.229325,203.78
8346,503.890757,88.886202,88.886202,52.886202,199.05
8347,503.172246,90.985874,90.985874,54.985874,195.585
8348,503.738334,91.788673,91.788673,55.788673,200.565
8349,506.564887,90.985761,90.985761,54.985761,197.81
8350,502.449397,88.885243,88.885243,52.885243,202.19
8351,501.480061,86.222932,86.222932,50.222932,197.835
8352,500.803418,83.751159,83.751159,47.751159,194.075
8353,500.171005,72.012036,72.012036,36.012036,190.895
8354,501.381295,70.994981,70.994981,34.994981,190.28
8355,500.318328,70.303884,70.303884,34.303884,186.59
8356,500.229494,70.351838,70.351838,34.351838,190.355
8357,500.772899,71.50947,71.50947,35.50947,197.7
8358,500.714083,73.903474,73.903474,37.903474,203.305
8359,506.826797,77.135056,77.135056,41.135056,214.095
8360,500.634229,80.174307,80.174307,44.174307,198.63
8361,500.072153,81.809128,81.809128,45.809128,198.81
8362,519.775952,81.497942,81.497942,45.497942,207.175
8363,519.219257,79.793981,79.793981,43.793981,224.45
8364,501.692213,77.84856,77.84856,41.84856,195.34
8365,502.29568,76.578043,76.578043,40.578043,191.945
8366,500.355134,76.33406,76.33406,40.33406,186.33
8367,501.585639,77.123008,77.123008,41.123008,219.405
8368,522.107554,78.850875,78.850875,42.850875,218.335
8369,521.526041,81.295104,81.295104,45.295104,228.17
8370,503.303872,83.951981,83.951981,47.951981,202.75
8371,503.405819,86.051653,86.051653,50.051653,200.99
8372,500.326212,86.854452,86.854452,50.854452,202.395
8373,503.516865,86.05154,86.05154,50.05154,207.9125
8374,502.691907,83.951022,83.951022,47.951022,198.9425
8375,501.67599,81.288711,81.288711,45.288711,195.4725
8376,500.791836,78.816938,78.816938,42.816938,192.0425
8377,502.113776,72.078157,72.078157,36.078157,186.1375
8378,500.34352,71.061102,71.061102,35.061102,195.045
8379,500.492141,70.370005,70.370005,34.370005,188.115
8380,500.331689,70.417959,70.417959,34.417959,187.0175
8381,500.287578,71.575591,71.575591,35.575591,191.85
8382,503.755317,73.969595,73.969595,37.969595,191.465
8383,507.964075,77.201178,77.201178,41.201178,208.34
8384,503.679279,80.240428,80.240428,44.240428,190.90875
8385,501.155663,81.875249,81.875249,45.875249,184.04375
8386,509.698079,81.564063,81.564063,45.564063,222.67
8387,517.350513,79.860102,79.860102,43.860102,222.2075
8388,503.268701,77.914681,77.914681,41.914681,196.333333
8389,500.98466,76.644164,76.644164,40.644164,198.459167
8390,500.751171,76.400181,76.400181,40.400181,188.5125
8391,502.95545,77.18913,77.18913,41.18913,195.91
8392,511.071446,78.916996,78.916996,42.916996,224.5225
8393,509.020651,81.361225,81.361225,45.361225,224.0725
8394,502.515679,84.018102,84.018102,48.018102,201.33
8395,501.278711,86.117774,86.117774,50.117774,201.5875
8396,503.734096,86.920573,86.920573,50.920573,188.2025
8397,500.287997,86.117661,86.117661,50.117661,201.8625
8398,500.642033,84.017143,84.017143,48.017143,199.6675
8399,500.271115,81.354833,81.354833,45.354833,196.27
8400,502.778029,78.88306,78.88306,42.88306,191.97
8401,500.035231,77.144601,77.144601,41.144601,197.86
8402,500.014423,76.127546,76.127546,40.127546,188.39
8403,500.015925,75.436449,75.436449,39.436449,189.7975
8404,500.240378,75.484402,75.484402,39.484402,188.2625
8405,500.2691,76.642034,76.642034,40.642034,187.76
8406,500.023338,79.036039,79.036039,43.036039,202.435
8407,503.102042,82.267621,82.267621,46.267621,210.085
8408,501.969169,85.306871,85.306871,49.306871,202.255
8409,502.158427,86.941692,86.941692,50.941692,193.99
8410,516.28182,86.630507,86.630507,50.630507,212.465
8411,531.177882,84.926545,84.926545,48.926545,220.59
8412,502.988457,82.981124,82.981124,46.981124,201.24
8413,504.007057,81.710607,81.710607,45.710607,193.1
8414,500.609153,81.466625,81.466625,45.466625,191.71
8415,500.227862,82.255573,82.255573,46.255573,200.41
8416,509.467552,83.98344,83.98344,47.98344,214.165
8417,512.742585,86.427669,86.427669,50.427669,211.57
8418,505.889283,89.084546,89.084546,53.084546,199.145
8419,500.671705,91.184218,91.184218,55.184218,194.58
8420,501.724956,91.987017,91.987017,55.987017,202.385
8421,500.569253,91.184105,91.184105,55.184105,187.765
8422,509.713572,89.083586,89.083586,53.083586,190.965
8423,501.012275,86.421276,86.421276,50.421276,187.56
8424,500.488324,83.949503,83.949503,47.949503,199.915
8425,500.516351,77.211347,77.211347,41.211347,182.745
8426,500.032572,76.194292,76.194292,40.194292,181.54
8427,500.054011,75.503195,75.503195,39.503195,181.655
8428,500.219457,75.551148,75.551148,39.551148,187.165
8429,500.663496,76.70878,76.70878,40.70878,187.535
8430,501.168327,79.102785,79.102785,43.102785,182.14
8431,516.991348,82.334367,82.334367,46.334367,200.805
8432,504.189382,85.373617,85.373617,49.373617,197.36
8433,504.470378,87.008438,87.008438,51.008438,198.01
8434,507.976045,86.697253,86.697253,50.697253,219.615
8435,532.515326,84.993291,84.993291,48.993291,230.74
8436,504.063786,83.047871,83.047871,47.047871,200.5
8437,500.384114,81.777353,81.777353,45.777353,203.015
8438,501.690073,81.533371,81.533371,45.533371,190.725
8439,500.273342,82.322319,82.322319,46.322319,186.995
8440,507.953824,84.050186,84.050186,48.050186,212.165
8441,518.384097,86.494415,86.494415,50.494415,216.0625
8442,502.604116,89.151292,89.151292,53.151292,206.7575
8443,500.352506,91.250964,91.250964,55.250964,191.175
8444,503.180853,92.053763,92.053763,56.053763,196.46
8445,504.131172,91.250851,91.250851,55.250851,190.4225
8446,506.83145,89.150332,89.150332,53.150332,212.485
8447,505.571422,86.488022,86.488022,50.488022,193.25
8448,501.35937,84.016249,84.016249,48.016249,189.765
8449,501.447823,77.278376,77.278376,41.278376,190
8450,500.046299,76.261321,76.261321,40.261321,182.6225
8451,500,75.570224,75.570224,39.570224,183.4775
8452,500.000391,75.618177,75.618177,39.618177,186.8775
8453,500.019754,76.775809,76.775809,40.775809,191.1175
8454,500.006177,79.169814,79.169814,43.169814,194.0525
8455,502.975593,82.401396,82.401396,46.401396,220.266667
8456,500.688314,85.440646,85.440646,49.440646,203.420833
8457,500.523665,87.075467,87.075467,51.075467,204.025
8458,508.02232,86.764282,86.764282,50.764282,210.1025
8459,510.471684,85.06032,85.06032,49.06032,231.555
8460,510.326035,83.1149,83.1149,47.1149,203.1425
8461,506.256447,81.844382,81.844382,45.844382,188.8075
8462,501.148609,81.6004,81.6004,45.6004,196.325
8463,504.52996,82.389348,82.389348,46.389348,187.5875
8464,537.321036,84.117215,84.117215,48.117215,210.07
8465,540.907778,86.561444,86.561444,50.561444,221.4975
8466,506.780379,89.218321,89.218321,53.218321,199.41
8467,509.154409,91.317993,91.317993,55.317993,188.485
8468,501.068961,92.120792,92.120792,56.120792,201.0125
8469,502.988457,91.31788,91.31788,55.31788,203.2925
8470,502.710032,89.217361,89.217361,53.217361,208.3475
8471,502.35562,86.555051,86.555051,50.555051,206.185
8472,504.234715,84.083278,84.083278,48.083278,194.9475
8473,502.866768,77.345668,77.345668,41.345668,195.335
8474,501.879994,76.328613,76.328613,40.328613,183.2
8475,501.460664,75.637516,75.637516,39.637516,178.445
8476,500.376361,75.685469,75.685469,39.685469,179.265
8477,501.902043,76.843101,76.843101,40.843101,181.92
8478,501.513945,79.237106,79.237106,43.237106,180.71
8479,520.544274,82.468688,82.468688,46.468688,200.465
8480,500.889203,85.507938,85.507938,49.507938,191.29
8481,502.001856,87.142759,87.142759,51.142759,190.06
8482,512.950659,86.831574,86.831574,50.831574,210.17
8483,517.454139,85.127612,85.127612,49.127612,213.44
8484,504.225547,83.182192,83.182192,47.182192,213.26
8485,502.587282,81.911675,81.911675,45.911675,207.395
8486,507.836539,81.667692,81.667692,45.667692,193.955
8487,504.722757,82.45664,82.45664,46.45664,204.15
8488,519.26402,84.184507,84.184507,48.184507,234.32
8489,519.278956,86.628736,86.628736,50.628736,236.24
8490,507.98289,89.285613,89.285613,53.285613,208.265
8491,500.689771,91.385285,91.385285,55.385285,211.75
8492,500.614218,92.188084,92.188084,56.188084,193.55
8493,501.733422,91.385172,91.385172,55.385172,200.5
8494,502.160675,89.284653,89.284653,53.284653,199.72
8495,501.717814,86.622343,86.622343,50.622343,198.65
8496,500.806229,84.15057,84.15057,48.15057,203.52
8497,500.355613,77.413203,77.413203,41.413203,200.165
8498,500.579857,76.396148,76.396148,40.396148,197.04
8499,502.067768,75.705051,75.705051,39.705051,195.39
8500,500.191346,75.753005,75.753005,39.753005,188.73
8501,500.952157,76.910636,76.910636,40.910636,197.12
8502,506.970395,79.304641,79.304641,43.304641,195.615
8503,517.097307,82.536223,82.536223,46.536223,223.295
8504,500.904687,85.575474,85.575474,49.575474,192.56
8505,501.226659,87.210295,87.210295,51.210295,197.475
8506,528.447737,86.899109,86.899109,50.899109,216.2875
8507,520.90079,85.195148,85.195148,49.195148,220.6825
8508,506.107897,83.249727,83.249727,47.249727,203.5
8509,506.677433,81.97921,81.97921,45.97921,199.36
8510,504.496533,81.735227,81.735227,45.735227,209.8975
8511,503.133226,82.524175,82.524175,46.524175,204.5475
8512,516.953672,84.252042,84.252042,48.252042,222.245
8513,517.111158,86.696271,86.696271,50.696271,222.2575
8514,507.520895,89.353148,89.353148,53.353148,210.1125
8515,502.613404,91.45282,91.45282,55.45282,191.3
8516,500.271115,92.255619,92.255619,56.255619,190.7625
8517,500.265896,91.452707,91.452707,55.452707,196.4925
8518,500.192483,89.352189,89.352189,53.352189,198.0175
8519,500.962915,86.689878,86.689878,50.689878,196.4325
8520,500.426,84.218105,84.218105,48.218105,192.06
8521,500.934397,72.480961,72.480961,36.480961,188.5175
8522,501.311257,71.463906,71.463906,35.463906,190.504167
8523,500.750402,70.772809,70.772809,34.772809,197.703333
8524,500.189569,70.820763,70.820763,34.820763,186.4625
8525,500.312108,71.978395,71.978395,35.978395,192.92
8526,502.487721,74.372399,74.372399,38.372399,208.57
8527,516.174629,77.603982,77.603982,41.603982,220.3625
8528,506.081916,80.643232,80.643232,44.643232,192.65
8529,503.552671,82.278053,82.278053,46.278053,194.335
8530,526.373309,81.966867,81.966867,45.966867,229.005
8531,518.329058,80.262906,80.262906,44.262906,223.58
8532,502.670429,78.317485,78.317485,42.317485,207.14
8533,502.83284,77.046968,77.046968,41.046968,208.0975
8534,501.160718,76.802985,76.802985,40.802985,204.08
8535,500.814296,77.591934,77.591934,41.591934,200.8875
8536,513.850402,79.3198,79.3198,43.3198,220.2325
8537,514.020775,81.764029,81.764029,45.764029,220.375
8538,505.258046,84.420906,84.420906,48.420906,209.425
8539,502.785063,86.520578,86.520578,50.520578,199.4375
8540,500.857904,87.323377,87.323377,51.323377,187.56
8541,500.51151,86.520466,86.520466,50.520466,187.495
8542,501.353227,84.419947,84.419947,48.419947,186.48
8543,501.155663,81.757637,81.757637,45.757637,192.98
8544,500.386889,79.285864,79.285864,43.285864,189.21
8545,500.440118,72.548922,72.548922,36.548922,192.82
8546,500.40693,71.531868,71.531868,35.531868,194.73
8547,500.155047,70.840771,70.840771,34.840771,191.705
8548,500.516958,70.888724,70.888724,34.888724,186.435
8549,500.470948,72.046356,72.046356,36.046356,188.045
8550,501.598619,74.440361,74.440361,38.440361,199.06
8551,512.491157,77.671943,77.671943,41.671943,219.515
8552,513.640483,80.711193,80.711193,44.711193,207.095
8553,501.743222,82.346014,82.346014,46.346014,201.95
8554,505.316098,82.034829,82.034829,46.034829,227.615
8555,518.707725,80.330867,80.330867,44.330867,221.45
8556,501.51754,78.385446,78.385446,42.385446,199.605
8557,501.38186,77.114929,77.114929,41.114929,200.07
8558,502.078479,76.870947,76.870947,40.870947,194.015
8559,501.023456,77.659895,77.659895,41.659895,192.11
8560,523.065138,79.387762,79.387762,43.387762,217.235
8561,510.69052,81.83199,81.83199,45.83199,217.41
8562,502.759617,84.488867,84.488867,48.488867,205.6
8563,502.612558,86.58854,86.58854,50.58854,199.935
8564,503.134175,87.391339,87.391339,51.391339,192.375
8565,501.72474,86.588427,86.588427,50.588427,189.96
8566,501.356203,84.487908,84.487908,48.487908,194.92
8567,501.226135,81.825598,81.825598,45.825598,193.99
8568,500.560262,79.353825,79.353825,43.353825,188.835
8569,500.488617,77.617067,77.617067,41.617067,189.34
8570,500.430313,76.600012,76.600012,40.600012,189.03
8571,500.265099,75.908915,75.908915,39.908915,185.865
8572,500.050514,75.956868,75.956868,39.956868,190.005
8573,500.355134,77.1145,77.1145,41.1145,189.615
8574,502.48936,79.508505,79.508505,43.508505,195.9625
8575,506.093455,82.740087,82.740087,46.740087,215.7875
8576,523.132126,85.779337,85.779337,49.779337,217.0175
8577,505.18344,87.414158,87.414158,51.414158,196.53
8578,540.54354,87.102973,87.102973,51.102973,205.71
8579,513.153825,85.399011,85.399011,49.399011,221.775
8580,504.656709,83.45359,83.45359,47.45359,195.63
8581,503.34916,82.183073,82.183073,46.183073,195.0475
8582,505.32007,81.939091,81.939091,45.939091,197.74
8583,501.391489,82.728039,82.728039,46.728039,193.31
8584,516.373284,84.455906,84.455906,48.455906,225.2475
8585,579.43297,86.900135,86.900135,50.900135,213.7075
8586,510.709057,89.557012,89.557012,53.557012,199.8625
8587,505.530604,91.656684,91.656684,55.656684,199.435
8588,502.870354,92.459483,92.459483,56.459483,200.89
8589,510.841464,91.656571,91.656571,55.656571,196.459167
8590,524.417925,89.556052,89.556052,53.556052,194.933333
8591,503.299952,86.893742,86.893742,50.893742,194.3325
8592,502.009007,84.421969,84.421969,48.421969,190.3525
8593,502.450208,77.685374,77.685374,41.685374,189.7675
8594,502.119695,76.668319,76.668319,40.668319,189.25
8595,501.615405,75.977222,75.977222,39.977222,187.485
8596,501.070884,76.025175,76.025175,40.025175,183.355
8597,501.28734,77.182807,77.182807,41.182807,188.5125
8598,501.835029,79.576812,79.576812,43.576812,199.065
8599,508.025755,82.808394,82.808394,46.808394,207.115
8600,506.536184,85.847644,85.847644,49.847644,225.2975
8601,501.204769,87.482465,87.482465,51.482465,205.4575
8602,522.326513,87.17128,87.17128,51.17128,236.05
8603,528.493606,85.467318,85.467318,49.467318,216.505
8604,505.444158,83.521897,83.521897,47.521897,204.4125
8605,504.220968,82.25138,82.25138,46.25138,201.445
8606,502.841743,82.007398,82.007398,46.007398,205.7175
8607,503.569116,82.796346,82.796346,46.796346,195.09
8608,515.813518,84.524213,84.524213,48.524213,219.7
8609,522.065228,86.968442,86.968442,50.968442,252.235
8610,509.787379,89.625319,89.625319,53.625319,213.73
8611,506.488023,91.724991,91.724991,55.724991,206.11
8612,510.746193,92.52779,92.52779,56.52779,200.175
8613,513.247906,91.724878,91.724878,55.724878,213.89
8614,515.116922,89.624359,89.624359,53.624359,226.24
8615,510.062351,86.962049,86.962049,50.962049,201.32
8616,511.733905,84.490276,84.490276,48.490276,197.5
8617,501.941722,77.753823,77.753823,41.753823,198.945
8618,501.181078,76.736768,76.736768,40.736768,197.88
8619,501.523543,76.045671,76.045671,40.045671,196.03
8620,500.761986,76.093625,76.093625,40.093625,193.56
8621,500.730588,77.251256,77.251256,41.251256,194.62
8622,504.95351,79.645261,79.645261,43.645261,196.875
8623,517.682358,82.876843,82.876843,46.876843,210.175
8624,506.720334,85.916094,85.916094,49.916094,207.865
8625,502.525594,87.550915,87.550915,51.550915,194.23
8626,536.015928,87.239729,87.239729,51.239729,224.69
8627,540.300271,85.535768,85.535768,49.535768,229.035
8628,505.019627,83.590347,83.590347,47.590347,205.95
8629,503.528094,82.31983,82.31983,46.31983,203.49
8630,502.823066,82.075847,82.075847,46.075847,200.095
8631,506.976682,82.864795,82.864795,46.864795,201.99
8632,522.717673,84.592662,84.592662,48.592662,219.175
8633,533.7535,87.036891,87.036891,51.036891,224.49
8634,523.624864,89.693768,89.693768,53.693768,212.58
8635,514.084392,91.79344,91.79344,55.79344,207.785
8636,504.047049,92.596239,92.596239,56.596239,213.775
8637,502.469735,91.793327,91.793327,55.793327,216.605
8638,510.606329,89.692809,89.692809,53.692809,218.505
8639,505.900589,87.030498,87.030498,51.030498,212.93
8640,502.078479,84.558725,84.558725,48.558725,214.9375
8641,501.496051,77.822395,77.822395,41.822395,197.2625
8642,502.136772,76.80534,76.80534,40.80534,194.115
8643,501.404013,76.114243,76.114243,40.114243,195.655
8644,500.512718,76.162196,76.162196,40.162196,191.78
8645,501.873137,77.319828,77.319828,41.319828,191.575
8646,505.381221,79.713833,79.713833,43.713833,205.01
8647,515.533021,82.945415,82.945415,46.945415,220.885
8648,502.442101,85.984665,85.984665,49.984665,208.1675
8649,506.353773,87.619486,87.619486,51.619486,199.175
8650,520.117873,87.308301,87.308301,51.308301,233.5925
8651,525.019213,85.604339,85.604339,49.604339,235.9225
8652,508.476636,83.658918,83.658918,47.658918,205.14
8653,513.523143,82.388401,82.388401,46.388401,201.89
8654,501.528357,82.144419,82.144419,46.144419,200.0425
8655,502.691045,82.933367,82.933367,46.933367,208.58
8656,533.56513,84.661234,84.661234,48.661234,224.986667
8657,532.823873,87.105463,87.105463,51.105463,232.290833
8658,510.245676,89.76234,89.76234,53.76234,225.6625
8659,504.432507,91.862012,91.862012,55.862012,217.475
8660,507.276192,92.664811,92.664811,56.664811,203.105
8661,507.909501,91.861899,91.861899,55.861899,199.005
8662,504.723986,89.76138,89.76138,53.76138,213.605
8663,505.536036,87.09907,87.09907,51.09907,206.7775
8664,505.369222,84.627297,84.627297,48.627297,197.74
8665,502.167428,77.891068,77.891068,41.891068,195.54
8666,502.510731,76.874013,76.874013,40.874013,197.9375
8667,501.015063,76.182916,76.182916,40.182916,195.145
8668,501.412019,76.23087,76.23087,40.23087,189.97
8669,502.385824,77.388502,77.388502,41.388502,197.015
8670,502.587282,79.782506,79.782506,43.782506,205.8325
8671,515.40044,83.014088,83.014088,47.014088,218.9075
8672,505.52789,86.053339,86.053339,50.053339,198.92
8673,502.691045,87.68816,87.68816,51.68816,207.56
8674,517.49626,87.376974,87.376974,51.376974,222.95
8675,516.367895,85.673013,85.673013,49.673013,226.67
8676,508.847891,83.727592,83.727592,47.727592,210.82
8677,505.060589,82.457075,82.457075,46.457075,216.895
8678,501.267977,82.213092,82.213092,46.213092,195.675
8679,502.614249,83.00204,83.00204,47.00204,199.665
8680,512.83711,84.729907,84.729907,48.729907,232.18
8681,534.592853,87.174136,87.174136,51.174136,231.74
8682,506.509066,89.831013,89.831013,53.831013,213.16
8683,507.066651,91.930685,91.930685,55.930685,203.945
8684,505.362563,92.733484,92.733484,56.733484,209.05
8685,502.561325,91.930572,91.930572,55.930572,210.005
8686,504.030355,89.830054,89.830054,53.830054,204.55
8687,501.533784,87.167743,87.167743,51.167743,206.12
8688,502.062426,84.69597,84.69597,48.69597,205.81
8689,501.51994,72.959823,72.959823,36.959823,198.04
8690,501.142585,71.942768,71.942768,35.942768,199.13
8691,500.605119,71.251671,71.251671,35.251671,193.265
8692,500.431937,71.299625,71.299625,35.299625,195.18
8693,501.053178,72.457257,72.457257,36.457257,198.745
8694,502.89644,74.851261,74.851261,38.851261,199.36
8695,513.453998,78.082843,78.082843,42.082843,218.78
8696,505.268571,81.122094,81.122094,45.122094,206.105
8697,503.883153,82.756915,82.756915,46.756915,199.665
8698,518.277012,82.445729,82.445729,46.445729,220.72
8699,521.188165,80.741768,80.741768,44.741768,219.695
8700,507.279421,78.796347,78.796347,42.796347,211.335
8701,502.088001,77.52583,77.52583,41.52583,205.22
8702,500.96742,77.281847,77.281847,41.281847,194.53
8703,509.538258,78.070796,78.070796,42.070796,199.44
8704,531.129327,79.798662,79.798662,43.798662,216.165
8705,514.966222,82.242891,82.242891,46.242891,232.78
8706,513.408818,84.899768,84.899768,48.899768,207.82
8707,502.762243,86.99944,86.99944,50.99944,208.7225
8708,503.657286,87.802239,87.802239,51.802239,205.7975
8709,503.739394,86.999327,86.999327,50.999327,199.2825
8710,504.775772,84.898809,84.898809,48.898809,203.0675
8711,501.679823,82.236498,82.236498,46.236498,195.6975
8712,504.173077,79.764725,79.764725,43.764725,197.685
8713,501.820866,73.028639,73.028639,37.028639,195.64
8714,500.876853,72.011585,72.011585,36.011585,193.925
8715,500.320343,71.320487,71.320487,35.320487,190.695
8716,500.409021,71.368441,71.368441,35.368441,189.265
8717,500.598434,72.526073,72.526073,36.526073,193.4675
8718,505.369222,74.920077,74.920077,38.920077,200.2475
8719,512.999516,78.15166,78.15166,42.15166,216.8225
8720,512.039873,81.19091,81.19091,45.19091,205.62
8721,512.375658,82.825731,82.825731,46.825731,202.7325
8722,537.176081,82.514545,82.514545,46.514545,221.405
8723,552.499081,80.810584,80.810584,44.810584,223.8075
8724,506.694267,78.865163,78.865163,42.865163,209.055
8725,502.957278,77.594646,77.594646,41.594646,197.7725
8726,504.534748,77.350664,77.350664,41.350664,193.005
8727,533.446503,78.139612,78.139612,42.139612,212.2575
8728,558.125842,79.867479,79.867479,43.867479,230.71
8729,526.717067,82.311707,82.311707,46.311707,218.3575
8730,503.307795,84.968584,84.968584,48.968584,216.775
8731,508.212602,87.068256,87.068256,51.068256,199.87
8732,511.441488,87.871056,87.871056,51.871056,202.2025
8733,505.678439,87.068144,87.068144,51.068144,202.3975
8734,504.13682,84.967625,84.967625,48.967625,204.655
8735,508.684455,82.305315,82.305315,46.305315,196.285
8736,505.01197,79.833542,79.833542,43.833542,203.385
8737,502.518981,78.097496,78.097496,42.097496,196.8225
8738,501.353227,77.080442,77.080442,41.080442,192.4875
8739,500.888348,76.389344,76.389344,40.389344,188.1375
8740,500.414808,76.437298,76.437298,40.437298,189.05
8741,500.953051,77.59493,77.59493,41.59493,190.645
8742,504.935804,79.988934,79.988934,43.988934,205.81
8743,518.737056,83.220517,83.220517,47.220517,216.34
8744,503.85175,86.259767,86.259767,50.259767,215.285
8745,502.352455,87.894588,87.894588,51.894588,215.66
8746,515.650601,87.583402,87.583402,51.583402,234.24
8747,526.482714,85.879441,85.879441,49.879441,241.8
8748,510.394653,83.93402,83.93402,47.93402,208.125
8749,505.71717,82.663503,82.663503,46.663503,200.415
8750,504.243895,82.419521,82.419521,46.419521,204.16
8751,509.898751,83.208469,83.208469,47.208469,232.11
8752,541.608425,84.936336,84.936336,48.936336,244.22
8753,517.801432,87.380564,87.380564,51.380564,227.85
8754,502.933574,90.037441,90.037441,54.037441,201.34
8755,501.169852,92.137114,92.137114,56.137114,210.445
8756,521.948283,92.939913,92.939913,56.939913,214.6
8757,513.233767,92.137001,92.137001,56.137001,206.38
8758,505.590536,90.036482,90.036482,54.036482,203.305
8759,503.834494,87.374172,87.374172,51.374172,211.11
8760,502.237224,84.902399,84.902399,48.902399,205.125
